<?xml version="1.0" encoding="UTF-8"?>
<billStatus>
  <bill>
    <cboCostEstimates />
    <billNumber>11</billNumber>
    <amendments />
    <originChamber>Senate</originChamber>
    <version>1.0.0</version>
    <latestAction>
      <links />
      <actionDate>2019-01-08</actionDate>
      <text>Referred to the Committee on Armed Services. (text: CR S70-72)</text>
    </latestAction>
    <calendarNumbers />
    <summaries>
      <billSummaries>
        <item>
          <updateDate>2019-01-08T05:00:00Z</updateDate>
          <lastSummaryUpdateDate>2019-02-13T15:46:03Z</lastSummaryUpdateDate>
          <text><![CDATA[<p>This resolution honors Fort Sill in Lawton, Oklahoma, on its 150th anniversary.</p>]]></text>
          <versionCode>00</versionCode>
          <actionDate>2019-01-08</actionDate>
          <actionDesc>Introduced in Senate</actionDesc>
          <name>Introduced in Senate</name>
        </item>
      </billSummaries>
    </summaries>
    <committees>
      <billCommittees>
        <item>
          <systemCode>ssas00</systemCode>
          <name>Armed Services Committee</name>
          <subcommittees />
          <chamber>Senate</chamber>
          <activities>
            <item>
              <date>2019-01-08T21:00:44Z</date>
              <name>Referred to</name>
            </item>
          </activities>
          <type>Standing</type>
        </item>
      </billCommittees>
    </committees>
    <sponsors>
      <item>
        <byRequestType />
        <middleName />
        <bioguideId>I000024</bioguideId>
        <party>R</party>
        <state>OK</state>
        <lastName>INHOFE</lastName>
        <fullName>Sen. Inhofe, James M. [R-OK]</fullName>
        <identifiers>
          <gpoId>8322</gpoId>
          <lisID>583</lisID>
          <bioguideId>I000024</bioguideId>
        </identifiers>
        <firstName>JIM</firstName>
      </item>
    </sponsors>
    <relatedBills>
      <item>
        <number>29</number>
        <relationshipDetails>
          <item>
            <identifiedBy>CRS</identifiedBy>
            <type>Identical bill</type>
          </item>
        </relationshipDetails>
        <latestTitle>Condemning White Supremacist Terrorism and the Anti-immigrant Rhetoric that Inspires It Resolution</latestTitle>
        <congress>116</congress>
        <type>HRES</type>
        <latestAction>
          <actionDate>2019-01-24</actionDate>
          <text>Referred to the Subcommittee on Readiness.</text>
        </latestAction>
      </item>
    </relatedBills>
    <introducedDate>2019-01-08</introducedDate>
    <subjects>
      <billSubjects>
        <legislativeSubjects>
          <item>
            <name>Commemorative events and holidays</name>
          </item>
          <item>
            <name>Congressional tributes</name>
          </item>
          <item>
            <name>Military facilities and property</name>
          </item>
          <item>
            <name>Military history</name>
          </item>
          <item>
            <name>Military personnel and dependents</name>
          </item>
          <item>
            <name>Oklahoma</name>
          </item>
        </legislativeSubjects>
        <policyArea>
          <name>Armed Forces and National Security</name>
        </policyArea>
      </billSubjects>
    </subjects>
    <createDate>2019-01-09T05:40:14Z</createDate>
    <laws />
    <actions>
      <actionByCounts>
        <senate>2</senate>
      </actionByCounts>
      <item>
        <actionDate>2019-01-08</actionDate>
        <committee>
          <systemCode>ssas00</systemCode>
          <name>Armed Services Committee</name>
        </committee>
        <links>
          <link>
            <name>S70-72</name>
            <url>https://www.congress.gov/congressional-record/volume-165/senate-section/page/S70-72</url>
          </link>
        </links>
        <sourceSystem>
          <code>0</code>
          <name>Senate</name>
        </sourceSystem>
        <text>Referred to the Committee on Armed Services. (text: CR S70-72)</text>
        <type>IntroReferral</type>
      </item>
      <item>
        <type>IntroReferral</type>
        <links />
        <text>Introduced in Senate</text>
        <actionDate>2019-01-08</actionDate>
        <sourceSystem>
          <code>9</code>
          <name>Library of Congress</name>
        </sourceSystem>
        <committee />
        <actionCode>10000</actionCode>
      </item>
      <actionTypeCounts>
        <referredToCommittee>1</referredToCommittee>
        <introducedInSenate>1</introducedInSenate>
      </actionTypeCounts>
    </actions>
    <updateDate>2019-05-16T19:57:07Z</updateDate>
    <billType>SRES</billType>
    <title>A resolution honoring the 150th anniversary of Fort Sill in Lawton, Oklahoma.</title>
    <congress>116</congress>
    <cosponsors>
      <item>
        <sponsorshipWithdrawnDate />
        <fullName>Sen. Lankford, James [R-OK]</fullName>
        <lastName>Lankford</lastName>
        <bioguideId>L000575</bioguideId>
        <isOriginalCosponsor>True</isOriginalCosponsor>
        <middleName />
        <identifiers>
          <gpoId>8113</gpoId>
          <bioguideId>L000575</bioguideId>
          <lisID>2050</lisID>
        </identifiers>
        <firstName>James</firstName>
        <party>R</party>
        <sponsorshipDate>2019-01-08</sponsorshipDate>
        <state>OK</state>
      </item>
    </cosponsors>
    <titles>
      <item>
        <chamberName />
        <title>A resolution honoring the 150th anniversary of Fort Sill in Lawton, Oklahoma.</title>
        <titleType>Official Title as Introduced</titleType>
        <parentTitleType />
        <chamberCode />
      </item>
      <item>
        <chamberName />
        <title>A resolution honoring the 150th anniversary of Fort Sill in Lawton, Oklahoma.</title>
        <titleType>Display Title</titleType>
        <parentTitleType />
        <chamberCode />
      </item>
    </titles>
    <textVersions>
      <item>
        <type>Introduced in Senate</type>
        <date>2019-01-08T05:00:00Z</date>
        <formats>
          <item>
            <url>https://www.govinfo.gov/content/pkg/BILLS-116sres11is/xml/BILLS-116sres11is.xml</url>
          </item>
        </formats>
      </item>
    </textVersions>
    <policyArea>
      <name>Armed Forces and National Security</name>
    </policyArea>
    <recordedVotes />
    <committeeReports />
    <notes />
  </bill>
  <dublinCore xmlns:dc="http://purl.org/dc/elements/1.1/">
    <dc:format>text/xml</dc:format>
    <dc:language>EN</dc:language>
    <dc:rights>Pursuant to Title 17 Section 105 of the United States Code, this file is not subject to copyright protection and is in the public domain.</dc:rights>
    <dc:contributor>Congressional Research Service, Library of Congress</dc:contributor>
    <dc:description>This file contains bill summaries and statuses for federal legislation. A bill summary describes the most significant provisions of a piece of legislation and details the effects the legislative text may have on current law and federal programs. Bill summaries are authored by the Congressional Research Service (CRS) of the Library of Congress. As stated in Public Law 91-510 (2 USC 166 (d)(6)), one of the duties of CRS is "to prepare summaries and digests of bills and resolutions of a public general nature introduced in the Senate or House of Representatives". For more information, refer to the User Guide that accompanies this file.</dc:description>
  </dublinCore>
</billStatus>

