<?xml version="1.0" encoding="UTF-8"?>
<billStatus>
  <bill>
    <cboCostEstimates />
    <billNumber>68</billNumber>
    <amendments />
    <originChamber>Senate</originChamber>
    <version>1.0.0</version>
    <latestAction>
      <links />
      <actionDate>2019-03-26</actionDate>
      <text>Resolution agreed to in Senate without amendment and with a preamble by Unanimous Consent. (text: CR 2/13/2019 S1328-1329)</text>
    </latestAction>
    <calendarNumbers />
    <summaries>
      <billSummaries>
        <item>
          <actionDate>2019-02-13</actionDate>
          <lastSummaryUpdateDate>2019-04-09T15:33:43Z</lastSummaryUpdateDate>
          <versionCode>00</versionCode>
          <text><![CDATA[<p>This resolution designates April 5, 2019, as Gold Star Wives Day.</p> <p> The resolution recognizes the contributions of the members of the Gold Star Wives of America, Inc., and their dedication to the members and veterans of the Armed Forces.</p>]]></text>
          <updateDate>2019-02-13T05:00:00Z</updateDate>
          <name>Introduced in Senate</name>
          <actionDesc>Introduced in Senate</actionDesc>
        </item>
      </billSummaries>
    </summaries>
    <committees>
      <billCommittees>
        <item>
          <subcommittees />
          <chamber>Senate</chamber>
          <type>Standing</type>
          <systemCode>ssju00</systemCode>
          <activities>
            <item>
              <date>2019-03-26T22:09:00Z</date>
              <name>Discharged from</name>
            </item>
            <item>
              <date>2019-02-13T17:04:38Z</date>
              <name>Referred to</name>
            </item>
          </activities>
          <name>Judiciary Committee</name>
        </item>
      </billCommittees>
    </committees>
    <sponsors>
      <item>
        <byRequestType />
        <middleName />
        <bioguideId>B001135</bioguideId>
        <party>R</party>
        <state>NC</state>
        <lastName>BURR</lastName>
        <fullName>Sen. Burr, Richard [R-NC]</fullName>
        <identifiers>
          <gpoId>8286</gpoId>
          <lisID>153</lisID>
          <bioguideId>B001135</bioguideId>
        </identifiers>
        <firstName>RICHARD</firstName>
      </item>
    </sponsors>
    <relatedBills />
    <introducedDate>2019-02-13</introducedDate>
    <subjects>
      <billSubjects>
        <legislativeSubjects>
          <item>
            <name>Commemorative events and holidays</name>
          </item>
          <item>
            <name>Conflicts and wars</name>
          </item>
          <item>
            <name>Military personnel and dependents</name>
          </item>
          <item>
            <name>Veterans' organizations and recognition</name>
          </item>
        </legislativeSubjects>
        <policyArea>
          <name>Armed Forces and National Security</name>
        </policyArea>
      </billSubjects>
    </subjects>
    <createDate>2019-02-14T05:40:16Z</createDate>
    <laws />
    <actions>
      <item>
        <actionDate>2019-03-26</actionDate>
        <committee />
        <links>
          <link>
            <url>https://www.congress.gov/congressional-record/volume-165/senate-section/page/S1328</url>
            <name>CR 2/13/2019 S1328</name>
          </link>
        </links>
        <sourceSystem>
          <code>0</code>
          <name>Senate</name>
        </sourceSystem>
        <text>Resolution agreed to in Senate without amendment and with a preamble by Unanimous Consent. (text: CR 2/13/2019 S1328-1329)</text>
        <type>Floor</type>
      </item>
      <item>
        <actionDate>2019-03-26</actionDate>
        <links>
          <link>
            <url>https://www.congress.gov/congressional-record/volume-165/senate-section/page/S1328</url>
            <name>CR 2/13/2019 S1328</name>
          </link>
        </links>
        <type>Floor</type>
        <committee />
        <sourceSystem>
          <code>9</code>
          <name>Library of Congress</name>
        </sourceSystem>
        <text>Passed/agreed to in Senate: Resolution agreed to in Senate without amendment and with a preamble by Unanimous Consent.(text: CR 2/13/2019 S1328-1329)</text>
        <actionCode>17000</actionCode>
      </item>
      <item>
        <actionDate>2019-03-26</actionDate>
        <committee>
          <systemCode>ssju00</systemCode>
          <name>Judiciary Committee</name>
        </committee>
        <links>
          <link>
            <url>https://www.congress.gov/congressional-record/volume-165/senate-section/page/S2000</url>
            <name>S2000</name>
          </link>
        </links>
        <sourceSystem>
          <code>0</code>
          <name>Senate</name>
        </sourceSystem>
        <text>Senate Committee on the Judiciary discharged by Unanimous Consent. (consideration: CR S2000)</text>
        <type>Discharge</type>
      </item>
      <item>
        <actionDate>2019-03-26</actionDate>
        <links>
          <link>
            <url>https://www.congress.gov/congressional-record/volume-165/senate-section/page/S2000</url>
            <name>S2000</name>
          </link>
        </links>
        <actionCode>14500</actionCode>
        <committee>
          <systemCode>ssju00</systemCode>
          <name>Judiciary Committee</name>
        </committee>
        <sourceSystem>
          <code>9</code>
          <name>Library of Congress</name>
        </sourceSystem>
        <text>Senate Committee on the Judiciary discharged by Unanimous Consent.(consideration: CR S2000)</text>
        <type>Committee</type>
      </item>
      <item>
        <actionDate>2019-02-13</actionDate>
        <committee>
          <systemCode>ssju00</systemCode>
          <name>Judiciary Committee</name>
        </committee>
        <links />
        <sourceSystem>
          <code>0</code>
          <name>Senate</name>
        </sourceSystem>
        <text>Referred to the Committee on the Judiciary.</text>
        <type>IntroReferral</type>
      </item>
      <item>
        <actionDate>2019-02-13</actionDate>
        <links />
        <type>IntroReferral</type>
        <committee />
        <sourceSystem>
          <code>9</code>
          <name>Library of Congress</name>
        </sourceSystem>
        <text>Introduced in Senate</text>
        <actionCode>10000</actionCode>
      </item>
      <actionTypeCounts>
        <passedAgreedToInSenate>1</passedAgreedToInSenate>
        <referredToCommittee>1</referredToCommittee>
        <committeeDischarged>1</committeeDischarged>
        <agreedToInSenate>1</agreedToInSenate>
        <introducedInSenate>1</introducedInSenate>
        <senateCommitteeDischarged>1</senateCommitteeDischarged>
      </actionTypeCounts>
      <actionByCounts>
        <senate>6</senate>
      </actionByCounts>
    </actions>
    <updateDate>2019-05-16T19:41:23Z</updateDate>
    <billType>SRES</billType>
    <title>A resolution designating April 5, 2019, as "Gold Star Wives Day".</title>
    <congress>116</congress>
    <cosponsors>
      <item>
        <middleName />
        <party>D</party>
        <lastName>Manchin</lastName>
        <sponsorshipWithdrawnDate />
        <isOriginalCosponsor>True</isOriginalCosponsor>
        <firstName>Joe</firstName>
        <sponsorshipDate>2019-02-13</sponsorshipDate>
        <fullName>Sen. Manchin, Joe, III [D-WV]</fullName>
        <identifiers>
          <lisID>1983</lisID>
          <bioguideId>M001183</bioguideId>
          <gpoId>8256</gpoId>
        </identifiers>
        <state>WV</state>
        <bioguideId>M001183</bioguideId>
      </item>
    </cosponsors>
    <titles>
      <item>
        <parentTitleType />
        <chamberName />
        <titleType>Official Title as Introduced</titleType>
        <chamberCode />
        <title>A resolution designating April 5, 2019, as "Gold Star Wives Day".</title>
      </item>
      <item>
        <parentTitleType />
        <chamberName />
        <titleType>Display Title</titleType>
        <chamberCode />
        <title>A resolution designating April 5, 2019, as "Gold Star Wives Day".</title>
      </item>
    </titles>
    <textVersions>
      <item>
        <date>2019-03-26T04:00:00Z</date>
        <formats>
          <item>
            <url>https://www.govinfo.gov/content/pkg/BILLS-116sres68ats/xml/BILLS-116sres68ats.xml</url>
          </item>
        </formats>
        <type>Agreed to Senate</type>
      </item>
      <item>
        <date>2019-02-13T05:00:00Z</date>
        <formats>
          <item>
            <url>https://www.govinfo.gov/content/pkg/BILLS-116sres68is/xml/BILLS-116sres68is.xml</url>
          </item>
        </formats>
        <type>Introduced in Senate</type>
      </item>
    </textVersions>
    <policyArea>
      <name>Armed Forces and National Security</name>
    </policyArea>
    <recordedVotes />
    <committeeReports />
    <notes />
  </bill>
  <dublinCore xmlns:dc="http://purl.org/dc/elements/1.1/">
    <dc:format>text/xml</dc:format>
    <dc:language>EN</dc:language>
    <dc:rights>Pursuant to Title 17 Section 105 of the United States Code, this file is not subject to copyright protection and is in the public domain.</dc:rights>
    <dc:contributor>Congressional Research Service, Library of Congress</dc:contributor>
    <dc:description>This file contains bill summaries and statuses for federal legislation. A bill summary describes the most significant provisions of a piece of legislation and details the effects the legislative text may have on current law and federal programs. Bill summaries are authored by the Congressional Research Service (CRS) of the Library of Congress. As stated in Public Law 91-510 (2 USC 166 (d)(6)), one of the duties of CRS is "to prepare summaries and digests of bills and resolutions of a public general nature introduced in the Senate or House of Representatives". For more information, refer to the User Guide that accompanies this file.</dc:description>
  </dublinCore>
</billStatus>

