<?xml version="1.0" encoding="UTF-8"?>
<billStatus>
  <bill>
    <amendments />
    <cosponsors>
      <item>
        <middleName>B.</middleName>
        <isOriginalCosponsor>True</isOriginalCosponsor>
        <identifiers>
          <bioguideId>E000285</bioguideId>
          <gpoId>8328</gpoId>
          <lisID>1542</lisID>
        </identifiers>
        <bioguideId>E000285</bioguideId>
        <party>R</party>
        <sponsorshipWithdrawnDate />
        <sponsorshipDate>2019-08-01</sponsorshipDate>
        <state>WY</state>
        <fullName>Sen. Enzi, Michael B. [R-WY]</fullName>
        <lastName>ENZI</lastName>
        <firstName>MICHAEL</firstName>
      </item>
      <item>
        <middleName />
        <isOriginalCosponsor>True</isOriginalCosponsor>
        <identifiers>
          <bioguideId>B001230</bioguideId>
          <gpoId>8215</gpoId>
          <lisID>1558</lisID>
        </identifiers>
        <bioguideId>B001230</bioguideId>
        <party>D</party>
        <sponsorshipWithdrawnDate />
        <sponsorshipDate>2019-08-01</sponsorshipDate>
        <state>WI</state>
        <fullName>Sen. Baldwin, Tammy [D-WI]</fullName>
        <lastName>Baldwin</lastName>
        <firstName>Tammy</firstName>
      </item>
      <item>
        <middleName />
        <isOriginalCosponsor>True</isOriginalCosponsor>
        <identifiers>
          <bioguideId>Y000064</bioguideId>
          <gpoId>7948</gpoId>
          <lisID>2019</lisID>
        </identifiers>
        <bioguideId>Y000064</bioguideId>
        <party>R</party>
        <sponsorshipWithdrawnDate />
        <sponsorshipDate>2019-08-01</sponsorshipDate>
        <state>IN</state>
        <fullName>Sen. Young, Todd [R-IN]</fullName>
        <lastName>Young</lastName>
        <firstName>Todd</firstName>
      </item>
      <item>
        <middleName>Wood</middleName>
        <isOriginalCosponsor>True</isOriginalCosponsor>
        <identifiers>
          <bioguideId>H001076</bioguideId>
          <gpoId />
          <lisID>2302</lisID>
        </identifiers>
        <bioguideId>H001076</bioguideId>
        <party>D</party>
        <sponsorshipWithdrawnDate />
        <sponsorshipDate>2019-08-01</sponsorshipDate>
        <state>NH</state>
        <fullName>Sen. Hassan, Margaret Wood [D-NH]</fullName>
        <lastName>Hassan</lastName>
        <firstName>Margaret</firstName>
      </item>
      <item>
        <middleName />
        <isOriginalCosponsor>True</isOriginalCosponsor>
        <identifiers>
          <bioguideId>C000127</bioguideId>
          <gpoId>8288</gpoId>
          <lisID>172</lisID>
        </identifiers>
        <bioguideId>C000127</bioguideId>
        <party>D</party>
        <sponsorshipWithdrawnDate />
        <sponsorshipDate>2019-08-01</sponsorshipDate>
        <state>WA</state>
        <fullName>Sen. Cantwell, Maria [D-WA]</fullName>
        <lastName>CANTWELL</lastName>
        <firstName>MARIA</firstName>
      </item>
      <item>
        <middleName />
        <isOriginalCosponsor>True</isOriginalCosponsor>
        <identifiers>
          <gpoId>8332</gpoId>
          <lisID>2076</lisID>
          <bioguideId>B001277</bioguideId>
        </identifiers>
        <bioguideId>B001277</bioguideId>
        <party>D</party>
        <sponsorshipWithdrawnDate />
        <sponsorshipDate>2019-08-01</sponsorshipDate>
        <state>CT</state>
        <fullName>Sen. Blumenthal, Richard [D-CT]</fullName>
        <lastName>Blumenthal</lastName>
        <firstName>Richard</firstName>
      </item>
      <item>
        <middleName>R.</middleName>
        <isOriginalCosponsor>True</isOriginalCosponsor>
        <identifiers>
          <bioguideId>C000174</bioguideId>
          <gpoId>8283</gpoId>
          <lisID>179</lisID>
        </identifiers>
        <bioguideId>C000174</bioguideId>
        <party>D</party>
        <sponsorshipWithdrawnDate />
        <sponsorshipDate>2019-08-01</sponsorshipDate>
        <state>DE</state>
        <fullName>Sen. Carper, Thomas R. [D-DE]</fullName>
        <lastName>CARPER</lastName>
        <firstName>THOMAS</firstName>
      </item>
      <item>
        <middleName />
        <isOriginalCosponsor>True</isOriginalCosponsor>
        <identifiers>
          <bioguideId>C001113</bioguideId>
          <lisID>2299</lisID>
          <gpoId />
        </identifiers>
        <bioguideId>C001113</bioguideId>
        <party>D</party>
        <sponsorshipWithdrawnDate />
        <sponsorshipDate>2019-08-01</sponsorshipDate>
        <state>NV</state>
        <fullName>Sen. Cortez Masto, Catherine  [D-NV]</fullName>
        <lastName>Cortez Masto</lastName>
        <firstName>Catherine</firstName>
      </item>
      <item>
        <middleName>ANN</middleName>
        <isOriginalCosponsor>True</isOriginalCosponsor>
        <identifiers>
          <bioguideId>S000770</bioguideId>
          <gpoId>8261</gpoId>
          <lisID>1531</lisID>
        </identifiers>
        <bioguideId>S000770</bioguideId>
        <party>D</party>
        <sponsorshipWithdrawnDate />
        <sponsorshipDate>2019-08-01</sponsorshipDate>
        <state>MI</state>
        <fullName>Sen. Stabenow, Debbie [D-MI]</fullName>
        <lastName>STABENOW</lastName>
        <firstName>DEBORAH</firstName>
      </item>
      <item>
        <middleName>D.</middleName>
        <isOriginalCosponsor>True</isOriginalCosponsor>
        <identifiers>
          <bioguideId>H001075</bioguideId>
          <gpoId />
          <lisID>2301</lisID>
        </identifiers>
        <bioguideId>H001075</bioguideId>
        <party>D</party>
        <sponsorshipWithdrawnDate />
        <sponsorshipDate>2019-08-01</sponsorshipDate>
        <state>CA</state>
        <fullName>Sen. Harris, Kamala D. [D-CA]</fullName>
        <lastName>Harris</lastName>
        <firstName>Kamala</firstName>
      </item>
      <item>
        <middleName />
        <isOriginalCosponsor>True</isOriginalCosponsor>
        <identifiers>
          <bioguideId>R000307</bioguideId>
          <gpoId>8275</gpoId>
          <lisID>968</lisID>
        </identifiers>
        <bioguideId>R000307</bioguideId>
        <party>R</party>
        <sponsorshipWithdrawnDate />
        <sponsorshipDate>2019-08-01</sponsorshipDate>
        <state>KS</state>
        <fullName>Sen. Roberts, Pat [R-KS]</fullName>
        <lastName>ROBERTS</lastName>
        <firstName>PAT</firstName>
      </item>
      <item>
        <middleName>A.</middleName>
        <isOriginalCosponsor>True</isOriginalCosponsor>
        <identifiers>
          <bioguideId>C001088</bioguideId>
          <gpoId>8297</gpoId>
          <lisID>1984</lisID>
        </identifiers>
        <bioguideId>C001088</bioguideId>
        <party>D</party>
        <sponsorshipWithdrawnDate />
        <sponsorshipDate>2019-08-01</sponsorshipDate>
        <state>DE</state>
        <fullName>Sen. Coons, Christopher A. [D-DE]</fullName>
        <lastName>Coons</lastName>
        <firstName>Christopher</firstName>
      </item>
      <item>
        <middleName />
        <isOriginalCosponsor>True</isOriginalCosponsor>
        <identifiers>
          <bioguideId>K000384</bioguideId>
          <lisID>2176</lisID>
          <gpoId />
        </identifiers>
        <bioguideId>K000384</bioguideId>
        <party>D</party>
        <sponsorshipWithdrawnDate />
        <sponsorshipDate>2019-08-01</sponsorshipDate>
        <state>VA</state>
        <fullName>Sen. Kaine, Tim [D-VA]</fullName>
        <lastName>Kaine</lastName>
        <firstName>Timothy</firstName>
      </item>
      <item>
        <middleName />
        <isOriginalCosponsor>True</isOriginalCosponsor>
        <identifiers>
          <gpoId>7983</gpoId>
          <lisID>1729</lisID>
          <bioguideId>V000128</bioguideId>
        </identifiers>
        <bioguideId>V000128</bioguideId>
        <party>D</party>
        <sponsorshipWithdrawnDate />
        <sponsorshipDate>2019-08-01</sponsorshipDate>
        <state>MD</state>
        <fullName>Sen. Van Hollen, Chris [D-MD]</fullName>
        <lastName>Van Hollen</lastName>
        <firstName>Chris</firstName>
      </item>
      <item>
        <middleName>L.</middleName>
        <isOriginalCosponsor>True</isOriginalCosponsor>
        <identifiers>
          <gpoId>8287</gpoId>
          <lisID>174</lisID>
          <bioguideId>C000141</bioguideId>
        </identifiers>
        <bioguideId>C000141</bioguideId>
        <party>D</party>
        <sponsorshipWithdrawnDate />
        <sponsorshipDate>2019-08-01</sponsorshipDate>
        <state>MD</state>
        <fullName>Sen. Cardin, Benjamin L. [D-MD]</fullName>
        <lastName>CARDIN</lastName>
        <firstName>BENJAMIN</firstName>
      </item>
      <item>
        <middleName />
        <isOriginalCosponsor>True</isOriginalCosponsor>
        <identifiers>
          <bioguideId>M001111</bioguideId>
          <gpoId>8237</gpoId>
          <lisID>1409</lisID>
        </identifiers>
        <bioguideId>M001111</bioguideId>
        <party>D</party>
        <sponsorshipWithdrawnDate />
        <sponsorshipDate>2019-08-01</sponsorshipDate>
        <state>WA</state>
        <fullName>Sen. Murray, Patty [D-WA]</fullName>
        <lastName>MURRAY</lastName>
        <firstName>PATTY</firstName>
      </item>
      <item>
        <middleName />
        <isOriginalCosponsor>True</isOriginalCosponsor>
        <identifiers>
          <bioguideId>B001261</bioguideId>
          <gpoId>8300</gpoId>
          <lisID>1881</lisID>
        </identifiers>
        <bioguideId>B001261</bioguideId>
        <party>R</party>
        <sponsorshipWithdrawnDate />
        <sponsorshipDate>2019-08-01</sponsorshipDate>
        <state>WY</state>
        <fullName>Sen. Barrasso, John [R-WY]</fullName>
        <lastName>Barrasso</lastName>
        <firstName>John</firstName>
      </item>
      <item>
        <middleName />
        <isOriginalCosponsor>True</isOriginalCosponsor>
        <identifiers>
          <bioguideId>S001181</bioguideId>
          <gpoId>8276</gpoId>
          <lisID>1901</lisID>
        </identifiers>
        <bioguideId>S001181</bioguideId>
        <party>D</party>
        <sponsorshipWithdrawnDate />
        <sponsorshipDate>2019-08-01</sponsorshipDate>
        <state>NH</state>
        <fullName>Sen. Shaheen, Jeanne [D-NH]</fullName>
        <lastName>Shaheen</lastName>
        <firstName>Jeanne</firstName>
      </item>
      <item>
        <middleName>J.</middleName>
        <isOriginalCosponsor>True</isOriginalCosponsor>
        <identifiers>
          <bioguideId>D000563</bioguideId>
          <gpoId>8326</gpoId>
          <lisID>326</lisID>
        </identifiers>
        <bioguideId>D000563</bioguideId>
        <party>D</party>
        <sponsorshipWithdrawnDate />
        <sponsorshipDate>2019-08-01</sponsorshipDate>
        <state>IL</state>
        <fullName>Sen. Durbin, Richard J. [D-IL]</fullName>
        <lastName>DURBIN</lastName>
        <firstName>RICHARD</firstName>
      </item>
      <item>
        <middleName />
        <isOriginalCosponsor>True</isOriginalCosponsor>
        <identifiers>
          <bioguideId>K000367</bioguideId>
          <gpoId>8249</gpoId>
          <lisID>1826</lisID>
        </identifiers>
        <bioguideId>K000367</bioguideId>
        <party>D</party>
        <sponsorshipWithdrawnDate />
        <sponsorshipDate>2019-08-01</sponsorshipDate>
        <state>MN</state>
        <fullName>Sen. Klobuchar, Amy [D-MN]</fullName>
        <lastName>Klobuchar</lastName>
        <firstName>Amy</firstName>
      </item>
      <item>
        <middleName />
        <isOriginalCosponsor>True</isOriginalCosponsor>
        <identifiers>
          <bioguideId>M001197</bioguideId>
          <gpoId />
          <lisID>2225</lisID>
        </identifiers>
        <bioguideId>M001197</bioguideId>
        <party>R</party>
        <sponsorshipWithdrawnDate />
        <sponsorshipDate>2019-08-01</sponsorshipDate>
        <state>AZ</state>
        <fullName>Sen. McSally, Martha [R-AZ]</fullName>
        <lastName>McSally</lastName>
        <firstName>Martha</firstName>
      </item>
      <item>
        <middleName />
        <isOriginalCosponsor>True</isOriginalCosponsor>
        <identifiers>
          <bioguideId>H001061</bioguideId>
          <gpoId>8331</gpoId>
          <lisID>2079</lisID>
        </identifiers>
        <bioguideId>H001061</bioguideId>
        <party>R</party>
        <sponsorshipWithdrawnDate />
        <sponsorshipDate>2019-08-01</sponsorshipDate>
        <state>ND</state>
        <fullName>Sen. Hoeven, John [R-ND]</fullName>
        <lastName>Hoeven</lastName>
        <firstName>John</firstName>
      </item>
      <item>
        <middleName>K.</middleName>
        <isOriginalCosponsor>True</isOriginalCosponsor>
        <identifiers>
          <bioguideId>H001042</bioguideId>
          <lisID>1844</lisID>
          <gpoId>7913</gpoId>
        </identifiers>
        <bioguideId>H001042</bioguideId>
        <party>D</party>
        <sponsorshipWithdrawnDate />
        <sponsorshipDate>2019-08-01</sponsorshipDate>
        <state>HI</state>
        <fullName>Sen. Hirono, Mazie K. [D-HI]</fullName>
        <lastName>Hirono</lastName>
        <firstName>Mazie</firstName>
      </item>
      <item>
        <middleName />
        <isOriginalCosponsor>True</isOriginalCosponsor>
        <identifiers>
          <bioguideId>M001183</bioguideId>
          <gpoId>8256</gpoId>
          <lisID>1983</lisID>
        </identifiers>
        <bioguideId>M001183</bioguideId>
        <party>D</party>
        <sponsorshipWithdrawnDate />
        <sponsorshipDate>2019-08-01</sponsorshipDate>
        <state>WV</state>
        <fullName>Sen. Manchin, Joe, III [D-WV]</fullName>
        <lastName>Manchin</lastName>
        <firstName>Joe</firstName>
      </item>
      <item>
        <middleName>C.</middleName>
        <isOriginalCosponsor>True</isOriginalCosponsor>
        <identifiers>
          <gpoId>7994</gpoId>
          <lisID>1929</lisID>
          <bioguideId>P000595</bioguideId>
        </identifiers>
        <bioguideId>P000595</bioguideId>
        <party>D</party>
        <sponsorshipWithdrawnDate />
        <sponsorshipDate>2019-08-01</sponsorshipDate>
        <state>MI</state>
        <fullName>Sen. Peters, Gary C. [D-MI]</fullName>
        <lastName>Peters</lastName>
        <firstName>Gary</firstName>
      </item>
      <item>
        <middleName />
        <isOriginalCosponsor>True</isOriginalCosponsor>
        <identifiers>
          <bioguideId>R000608</bioguideId>
          <gpoId />
          <lisID>2339</lisID>
        </identifiers>
        <bioguideId>R000608</bioguideId>
        <party>D</party>
        <sponsorshipWithdrawnDate />
        <sponsorshipDate>2019-08-01</sponsorshipDate>
        <state>NV</state>
        <fullName>Sen. Rosen, Jacky [D-NV]</fullName>
        <lastName>Rosen</lastName>
        <firstName>Jacklyn</firstName>
      </item>
      <item>
        <middleName>MOORE</middleName>
        <isOriginalCosponsor>True</isOriginalCosponsor>
        <identifiers>
          <bioguideId>C001047</bioguideId>
          <lisID>1676</lisID>
          <gpoId>8223</gpoId>
        </identifiers>
        <bioguideId>C001047</bioguideId>
        <party>R</party>
        <sponsorshipWithdrawnDate />
        <sponsorshipDate>2019-08-01</sponsorshipDate>
        <state>WV</state>
        <fullName>Sen. Capito, Shelley Moore [R-WV]</fullName>
        <lastName>CAPITO</lastName>
        <firstName>SHELLEY</firstName>
      </item>
      <item>
        <middleName />
        <isOriginalCosponsor>True</isOriginalCosponsor>
        <identifiers>
          <gpoId />
          <lisID>2366</lisID>
          <bioguideId>H001079</bioguideId>
        </identifiers>
        <bioguideId>H001079</bioguideId>
        <party>R</party>
        <sponsorshipWithdrawnDate />
        <sponsorshipDate>2019-08-01</sponsorshipDate>
        <state>MS</state>
        <fullName>Sen. Hyde-Smith, Cindy [R-MS]</fullName>
        <lastName>Hyde-Smith</lastName>
        <firstName>Cindy</firstName>
      </item>
      <item>
        <middleName />
        <isOriginalCosponsor>True</isOriginalCosponsor>
        <identifiers>
          <bioguideId>S001203</bioguideId>
          <lisID>2365</lisID>
          <gpoId />
        </identifiers>
        <bioguideId>S001203</bioguideId>
        <party>D</party>
        <sponsorshipWithdrawnDate />
        <sponsorshipDate>2019-08-01</sponsorshipDate>
        <state>MN</state>
        <fullName>Sen. Smith, Tina  [D-MN]</fullName>
        <lastName>Smith</lastName>
        <firstName>Tina</firstName>
      </item>
      <item>
        <middleName />
        <isOriginalCosponsor>False</isOriginalCosponsor>
        <identifiers>
          <bioguideId>B001310</bioguideId>
          <gpoId />
          <lisID>2462</lisID>
        </identifiers>
        <bioguideId>B001310</bioguideId>
        <party>R</party>
        <sponsorshipWithdrawnDate />
        <sponsorshipDate>2019-09-23</sponsorshipDate>
        <state>IN</state>
        <fullName>Sen. Braun, Mike  [R-IN]</fullName>
        <lastName>Braun</lastName>
        <firstName>Mike</firstName>
      </item>
    </cosponsors>
    <updateDate>2019-10-23T04:00:21Z</updateDate>
    <policyArea>
      <name>Labor and Employment</name>
    </policyArea>
    <version>1.0.0</version>
    <createDate>2019-08-02T07:42:07Z</createDate>
    <cboCostEstimates />
    <calendarNumbers />
    <notes />
    <introducedDate>2019-08-01</introducedDate>
    <textVersions>
      <item>
        <formats>
          <item>
            <url>https://www.govinfo.gov/content/pkg/BILLS-116sres304ats/xml/BILLS-116sres304ats.xml</url>
          </item>
        </formats>
        <date>2019-08-01T04:00:00Z</date>
        <type>Agreed to Senate</type>
      </item>
    </textVersions>
    <relatedBills />
    <recordedVotes />
    <committeeReports />
    <laws />
    <actions>
      <actionByCounts>
        <senate>3</senate>
      </actionByCounts>
      <actionTypeCounts>
        <passedAgreedToInSenate>1</passedAgreedToInSenate>
        <passedOrAgreedToInSenateDayOf>1</passedOrAgreedToInSenateDayOf>
        <introducedInSenate>1</introducedInSenate>
      </actionTypeCounts>
      <item>
        <actionDate>2019-08-01</actionDate>
        <committee />
        <links>
          <link>
            <name>S5316-5317</name>
            <url>https://www.congress.gov/congressional-record/volume-165/senate-section/page/S5316-5317</url>
          </link>
          <link>
            <name>S5318</name>
            <url>https://www.congress.gov/congressional-record/volume-165/senate-section/page/S5318</url>
          </link>
        </links>
        <sourceSystem>
          <code>0</code>
          <name>Senate</name>
        </sourceSystem>
        <text>Submitted in the Senate, considered, and agreed to without amendment and with a preamble by Voice Vote. (consideration: CR S5318; text: CR S5316-5317)</text>
        <type>Floor</type>
      </item>
      <item>
        <links>
          <link>
            <name>S5316-5317</name>
            <url>https://www.congress.gov/congressional-record/volume-165/senate-section/page/S5316-5317</url>
          </link>
          <link>
            <name>S5318</name>
            <url>https://www.congress.gov/congressional-record/volume-165/senate-section/page/S5318</url>
          </link>
        </links>
        <committee />
        <type>Floor</type>
        <actionDate>2019-08-01</actionDate>
        <text>Passed/agreed to in Senate: Submitted in the Senate, considered, and agreed to without amendment and with a preamble by Voice Vote.(consideration: CR S5318; text: CR S5316-5317)</text>
        <actionCode>17000</actionCode>
        <sourceSystem>
          <code>9</code>
          <name>Library of Congress</name>
        </sourceSystem>
      </item>
      <item>
        <links />
        <committee />
        <type>IntroReferral</type>
        <actionDate>2019-08-01</actionDate>
        <text>Introduced in Senate</text>
        <actionCode>10000</actionCode>
        <sourceSystem>
          <code>9</code>
          <name>Library of Congress</name>
        </sourceSystem>
      </item>
    </actions>
    <sponsors>
      <item>
        <middleName />
        <identifiers>
          <bioguideId>F000062</bioguideId>
          <gpoId>8338</gpoId>
          <lisID>1332</lisID>
        </identifiers>
        <byRequestType />
        <bioguideId>F000062</bioguideId>
        <party>D</party>
        <firstName>DIANNE</firstName>
        <fullName>Sen. Feinstein, Dianne [D-CA]</fullName>
        <state>CA</state>
        <lastName>FEINSTEIN</lastName>
      </item>
    </sponsors>
    <summaries>
      <billSummaries>
        <item>
          <text><![CDATA[<p> This resolution designates September 2019 as National Workforce Development Month. </p> <p class="MsoNormal"></p> <p>]]></text>
          <actionDate>2019-08-01</actionDate>
          <actionDesc>Introduced in Senate</actionDesc>
          <updateDate>2019-08-01T04:00:00Z</updateDate>
          <lastSummaryUpdateDate>2019-10-15T14:07:19Z</lastSummaryUpdateDate>
          <versionCode>00</versionCode>
          <name>Introduced in Senate</name>
        </item>
        <item>
          <text><![CDATA[<p> This resolution designates September 2019 as National Workforce Development Month.</p>]]></text>
          <actionDate>2019-08-01</actionDate>
          <actionDesc>Passed Senate</actionDesc>
          <updateDate>2019-08-01T16:22:30Z</updateDate>
          <lastSummaryUpdateDate>2019-10-15T14:07:27Z</lastSummaryUpdateDate>
          <versionCode>55</versionCode>
          <name>Passed Senate</name>
        </item>
      </billSummaries>
    </summaries>
    <originChamber>Senate</originChamber>
    <latestAction>
      <links />
      <text>Submitted in the Senate, considered, and agreed to without amendment and with a preamble by Voice Vote. (consideration: CR S5318; text: CR S5316-5317)</text>
      <actionDate>2019-08-01</actionDate>
    </latestAction>
    <titles>
      <item>
        <title>A resolution designating September 2019 as "National Workforce Development Month".</title>
        <chamberCode />
        <titleType>Official Title as Introduced</titleType>
        <chamberName />
        <parentTitleType />
      </item>
      <item>
        <title>A resolution designating September 2019 as "National Workforce Development Month".</title>
        <chamberCode />
        <titleType>Display Title</titleType>
        <chamberName />
        <parentTitleType />
      </item>
    </titles>
    <committees>
      <billCommittees />
    </committees>
    <congress>116</congress>
    <billNumber>304</billNumber>
    <subjects>
      <billSubjects>
        <policyArea>
          <name>Labor and Employment</name>
        </policyArea>
        <legislativeSubjects />
      </billSubjects>
    </subjects>
    <title>A resolution designating September 2019 as "National Workforce Development Month".</title>
    <billType>SRES</billType>
  </bill>
  <dublinCore xmlns:dc="http://purl.org/dc/elements/1.1/">
    <dc:format>text/xml</dc:format>
    <dc:language>EN</dc:language>
    <dc:rights>Pursuant to Title 17 Section 105 of the United States Code, this file is not subject to copyright protection and is in the public domain.</dc:rights>
    <dc:contributor>Congressional Research Service, Library of Congress</dc:contributor>
    <dc:description>This file contains bill summaries and statuses for federal legislation. A bill summary describes the most significant provisions of a piece of legislation and details the effects the legislative text may have on current law and federal programs. Bill summaries are authored by the Congressional Research Service (CRS) of the Library of Congress. As stated in Public Law 91-510 (2 USC 166 (d)(6)), one of the duties of CRS is "to prepare summaries and digests of bills and resolutions of a public general nature introduced in the Senate or House of Representatives". For more information, refer to the User Guide that accompanies this file.</dc:description>
  </dublinCore>
</billStatus>

