<?xml version="1.0" encoding="UTF-8"?>
<billStatus>
  <bill>
    <originChamber>Senate</originChamber>
    <cosponsors>
      <item>
        <sponsorshipDate>2019-09-26</sponsorshipDate>
        <bioguideId>A000360</bioguideId>
        <fullName>Sen. Alexander, Lamar [R-TN]</fullName>
        <party>R</party>
        <state>TN</state>
        <middleName />
        <identifiers>
          <bioguideId>A000360</bioguideId>
          <gpoId>8304</gpoId>
          <lisID>1695</lisID>
        </identifiers>
        <isOriginalCosponsor>True</isOriginalCosponsor>
        <sponsorshipWithdrawnDate />
        <lastName>Alexander</lastName>
        <firstName>Lamar</firstName>
      </item>
      <item>
        <sponsorshipDate>2019-09-26</sponsorshipDate>
        <bioguideId>R000122</bioguideId>
        <fullName>Sen. Reed, Jack [D-RI]</fullName>
        <party>D</party>
        <state>RI</state>
        <middleName>F.</middleName>
        <identifiers>
          <lisID>949</lisID>
          <gpoId>8272</gpoId>
          <bioguideId>R000122</bioguideId>
        </identifiers>
        <isOriginalCosponsor>True</isOriginalCosponsor>
        <sponsorshipWithdrawnDate />
        <lastName>REED</lastName>
        <firstName>JOHN</firstName>
      </item>
      <item>
        <sponsorshipDate>2019-09-26</sponsorshipDate>
        <bioguideId>C001035</bioguideId>
        <fullName>Sen. Collins, Susan M. [R-ME]</fullName>
        <party>R</party>
        <state>ME</state>
        <middleName>MARGARET</middleName>
        <identifiers>
          <bioguideId>C001035</bioguideId>
          <lisID>1541</lisID>
          <gpoId>8291</gpoId>
        </identifiers>
        <isOriginalCosponsor>True</isOriginalCosponsor>
        <sponsorshipWithdrawnDate />
        <lastName>COLLINS</lastName>
        <firstName>SUSAN</firstName>
      </item>
      <item>
        <sponsorshipDate>2019-09-26</sponsorshipDate>
        <bioguideId>D000563</bioguideId>
        <fullName>Sen. Durbin, Richard J. [D-IL]</fullName>
        <party>D</party>
        <state>IL</state>
        <middleName>J.</middleName>
        <identifiers>
          <bioguideId>D000563</bioguideId>
          <gpoId>8326</gpoId>
          <lisID>326</lisID>
        </identifiers>
        <isOriginalCosponsor>True</isOriginalCosponsor>
        <sponsorshipWithdrawnDate />
        <lastName>DURBIN</lastName>
        <firstName>RICHARD</firstName>
      </item>
      <item>
        <sponsorshipDate>2019-09-26</sponsorshipDate>
        <bioguideId>M001169</bioguideId>
        <fullName>Sen. Murphy, Christopher [D-CT]</fullName>
        <party>D</party>
        <state>CT</state>
        <middleName />
        <identifiers>
          <lisID>1837</lisID>
          <gpoId>7870</gpoId>
          <bioguideId>M001169</bioguideId>
        </identifiers>
        <isOriginalCosponsor>True</isOriginalCosponsor>
        <sponsorshipWithdrawnDate />
        <lastName>Murphy</lastName>
        <firstName>Christopher</firstName>
      </item>
      <item>
        <sponsorshipDate>2019-09-26</sponsorshipDate>
        <bioguideId>K000367</bioguideId>
        <fullName>Sen. Klobuchar, Amy [D-MN]</fullName>
        <party>D</party>
        <state>MN</state>
        <middleName />
        <identifiers>
          <bioguideId>K000367</bioguideId>
          <gpoId>8249</gpoId>
          <lisID>1826</lisID>
        </identifiers>
        <isOriginalCosponsor>True</isOriginalCosponsor>
        <sponsorshipWithdrawnDate />
        <lastName>Klobuchar</lastName>
        <firstName>Amy</firstName>
      </item>
      <item>
        <sponsorshipDate>2019-09-26</sponsorshipDate>
        <bioguideId>K000383</bioguideId>
        <fullName>Sen. King, Angus S., Jr. [I-ME]</fullName>
        <party>I</party>
        <state>ME</state>
        <middleName />
        <identifiers>
          <bioguideId>K000383</bioguideId>
          <lisID>2185</lisID>
          <gpoId />
        </identifiers>
        <isOriginalCosponsor>True</isOriginalCosponsor>
        <sponsorshipWithdrawnDate />
        <lastName>King</lastName>
        <firstName>Angus</firstName>
      </item>
    </cosponsors>
    <cboCostEstimates />
    <titles>
      <item>
        <parentTitleType />
        <title>A resolution designating the week of September 22 through 28, 2019, as "National Adult Education and Family Literacy Week".</title>
        <titleType>Official Title as Introduced</titleType>
        <chamberCode />
        <chamberName />
      </item>
      <item>
        <parentTitleType />
        <title>A resolution designating the week of September 22 through 28, 2019, as "National Adult Education and Family Literacy Week".</title>
        <titleType>Display Title</titleType>
        <chamberCode />
        <chamberName />
      </item>
    </titles>
    <createDate>2019-09-27T04:42:29Z</createDate>
    <subjects>
      <billSubjects>
        <legislativeSubjects>
          <item>
            <name>Adult education and literacy</name>
          </item>
          <item>
            <name>Commemorative events and holidays</name>
          </item>
        </legislativeSubjects>
        <policyArea>
          <name>Education</name>
        </policyArea>
      </billSubjects>
    </subjects>
    <notes />
    <summaries>
      <billSummaries />
    </summaries>
    <amendments />
    <title>A resolution designating the week of September 22 through 28, 2019, as "National Adult Education and Family Literacy Week".</title>
    <updateDate>2019-10-03T22:15:23Z</updateDate>
    <recordedVotes />
    <calendarNumbers />
    <billType>SRES</billType>
    <billNumber>355</billNumber>
    <relatedBills>
      <item>
        <latestAction>
          <actionDate>2019-09-19</actionDate>
          <text>Referred to the House Committee on Education and Labor.</text>
        </latestAction>
        <type>HRES</type>
        <congress>116</congress>
        <number>568</number>
        <relationshipDetails>
          <item>
            <identifiedBy>CRS</identifiedBy>
            <type>Related bill</type>
          </item>
        </relationshipDetails>
        <latestTitle>Expressing support for designation of the week of September 22 through 28, 2019, as National Adult Education and Family Literacy Week.</latestTitle>
      </item>
    </relatedBills>
    <sponsors>
      <item>
        <state>WA</state>
        <bioguideId>M001111</bioguideId>
        <party>D</party>
        <lastName>MURRAY</lastName>
        <firstName>PATTY</firstName>
        <fullName>Sen. Murray, Patty [D-WA]</fullName>
        <byRequestType />
        <middleName />
        <identifiers>
          <gpoId>8237</gpoId>
          <lisID>1409</lisID>
          <bioguideId>M001111</bioguideId>
        </identifiers>
      </item>
    </sponsors>
    <committees>
      <billCommittees />
    </committees>
    <introducedDate>2019-09-26</introducedDate>
    <actions>
      <item>
        <actionDate>2019-09-26</actionDate>
        <committee />
        <links>
          <link>
            <name>S5756-5757</name>
            <url>https://www.congress.gov/congressional-record/volume-165/senate-section/page/S5756-5757</url>
          </link>
          <link>
            <name>S5760</name>
            <url>https://www.congress.gov/congressional-record/volume-165/senate-section/page/S5760</url>
          </link>
        </links>
        <sourceSystem>
          <code>0</code>
          <name>Senate</name>
        </sourceSystem>
        <text>Submitted in the Senate, considered, and agreed to without amendment and with a preamble by Unanimous Consent. (consideration: CR S5760; text: CR S5756-5757)</text>
        <type>Floor</type>
      </item>
      <item>
        <sourceSystem>
          <code>9</code>
          <name>Library of Congress</name>
        </sourceSystem>
        <actionDate>2019-09-26</actionDate>
        <type>Floor</type>
        <links>
          <link>
            <name>S5756-5757</name>
            <url>https://www.congress.gov/congressional-record/volume-165/senate-section/page/S5756-5757</url>
          </link>
          <link>
            <name>S5760</name>
            <url>https://www.congress.gov/congressional-record/volume-165/senate-section/page/S5760</url>
          </link>
        </links>
        <committee />
        <text>Passed/agreed to in Senate: Submitted in the Senate, considered, and agreed to without amendment and with a preamble by Unanimous Consent.(consideration: CR S5760; text: CR S5756-5757)</text>
        <actionCode>17000</actionCode>
      </item>
      <item>
        <sourceSystem>
          <code>9</code>
          <name>Library of Congress</name>
        </sourceSystem>
        <actionDate>2019-09-26</actionDate>
        <type>IntroReferral</type>
        <links />
        <committee />
        <text>Introduced in Senate</text>
        <actionCode>10000</actionCode>
      </item>
      <actionByCounts>
        <senate>3</senate>
      </actionByCounts>
      <actionTypeCounts>
        <passedOrAgreedToInSenateDayOf>1</passedOrAgreedToInSenateDayOf>
        <passedAgreedToInSenate>1</passedAgreedToInSenate>
        <introducedInSenate>1</introducedInSenate>
      </actionTypeCounts>
    </actions>
    <policyArea>
      <name>Education</name>
    </policyArea>
    <congress>116</congress>
    <textVersions>
      <item>
        <type>Agreed to Senate</type>
        <date>2019-09-26T04:00:00Z</date>
        <formats>
          <item>
            <url>https://www.govinfo.gov/content/pkg/BILLS-116sres355ats/xml/BILLS-116sres355ats.xml</url>
          </item>
        </formats>
      </item>
    </textVersions>
    <latestAction>
      <actionDate>2019-09-26</actionDate>
      <text>Submitted in the Senate, considered, and agreed to without amendment and with a preamble by Unanimous Consent. (consideration: CR S5760; text: CR S5756-5757)</text>
      <links />
    </latestAction>
    <version>1.0.0</version>
    <committeeReports />
    <laws />
  </bill>
  <dublinCore xmlns:dc="http://purl.org/dc/elements/1.1/">
    <dc:format>text/xml</dc:format>
    <dc:language>EN</dc:language>
    <dc:rights>Pursuant to Title 17 Section 105 of the United States Code, this file is not subject to copyright protection and is in the public domain.</dc:rights>
    <dc:contributor>Congressional Research Service, Library of Congress</dc:contributor>
    <dc:description>This file contains bill summaries and statuses for federal legislation. A bill summary describes the most significant provisions of a piece of legislation and details the effects the legislative text may have on current law and federal programs. Bill summaries are authored by the Congressional Research Service (CRS) of the Library of Congress. As stated in Public Law 91-510 (2 USC 166 (d)(6)), one of the duties of CRS is "to prepare summaries and digests of bills and resolutions of a public general nature introduced in the Senate or House of Representatives". For more information, refer to the User Guide that accompanies this file.</dc:description>
  </dublinCore>
</billStatus>

