<?xml version="1.0" encoding="UTF-8"?>
<billStatus>
  <bill>
    <version>1.0.0</version>
    <cboCostEstimates />
    <relatedBills>
      <item>
        <number>218</number>
        <congress>116</congress>
        <type>HRES</type>
        <latestAction>
          <actionDate>2019-03-25</actionDate>
          <text>Referred to the Subcommittee on Middle East, North Africa and International Terrorism.</text>
        </latestAction>
        <latestTitle>Calling on the Government of Iran to fulfill repeated promises of assistance in the case of Robert Levinson, the longest held United States civilian in our Nation's history.</latestTitle>
        <relationshipDetails>
          <item>
            <type>Identical bill</type>
            <identifiedBy>CRS</identifiedBy>
          </item>
        </relationshipDetails>
      </item>
    </relatedBills>
    <amendments />
    <summaries>
      <billSummaries />
    </summaries>
    <policyArea>
      <name>International Affairs</name>
    </policyArea>
    <sponsors>
      <item>
        <firstName>Marco</firstName>
        <middleName />
        <state>FL</state>
        <bioguideId>R000595</bioguideId>
        <identifiers>
          <lisID>2084</lisID>
          <gpoId>8242</gpoId>
          <bioguideId>R000595</bioguideId>
        </identifiers>
        <fullName>Sen. Rubio, Marco [R-FL]</fullName>
        <party>R</party>
        <lastName>Rubio</lastName>
        <byRequestType />
      </item>
    </sponsors>
    <notes />
    <billNumber>104</billNumber>
    <updateDate>2019-11-15T21:56:27Z</updateDate>
    <titles>
      <item>
        <chamberName />
        <title>A resolution calling on the Government of Iran to fulfill repeated promises of assistance in the case of Robert Levinson, the longest held United States civilian in our Nation's history.</title>
        <parentTitleType />
        <titleType>Official Title as Introduced</titleType>
        <chamberCode />
      </item>
      <item>
        <chamberName />
        <title>A resolution calling on the Government of Iran to fulfill repeated promises of assistance in the case of Robert Levinson, the longest held United States civilian in our Nation's history.</title>
        <parentTitleType />
        <titleType>Display Title</titleType>
        <chamberCode />
      </item>
    </titles>
    <createDate>2019-03-13T04:27:06Z</createDate>
    <title>A resolution calling on the Government of Iran to fulfill repeated promises of assistance in the case of Robert Levinson, the longest held United States civilian in our Nation's history.</title>
    <textVersions>
      <item>
        <date>2019-03-12T04:00:00Z</date>
        <type>Introduced in Senate</type>
        <formats>
          <item>
            <url>https://www.govinfo.gov/content/pkg/BILLS-116sres104is/xml/BILLS-116sres104is.xml</url>
          </item>
        </formats>
      </item>
    </textVersions>
    <recordedVotes />
    <calendarNumbers />
    <committeeReports />
    <congress>116</congress>
    <latestAction>
      <actionDate>2019-03-12</actionDate>
      <links />
      <text>Referred to the Committee on Foreign Relations. (text: CR S1797)</text>
    </latestAction>
    <actions>
      <actionByCounts>
        <senate>2</senate>
      </actionByCounts>
      <actionTypeCounts>
        <introducedInSenate>1</introducedInSenate>
        <referredToCommittee>1</referredToCommittee>
      </actionTypeCounts>
      <item>
        <actionDate>2019-03-12</actionDate>
        <committee>
          <name>Foreign Relations Committee</name>
          <systemCode>ssfr00</systemCode>
        </committee>
        <links>
          <link>
            <name>S1797</name>
            <url>https://www.congress.gov/congressional-record/volume-165/senate-section/page/S1797</url>
          </link>
        </links>
        <sourceSystem>
          <code>0</code>
          <name>Senate</name>
        </sourceSystem>
        <text>Referred to the Committee on Foreign Relations. (text: CR S1797)</text>
        <type>IntroReferral</type>
      </item>
      <item>
        <type>IntroReferral</type>
        <actionDate>2019-03-12</actionDate>
        <actionCode>10000</actionCode>
        <text>Introduced in Senate</text>
        <links />
        <sourceSystem>
          <code>9</code>
          <name>Library of Congress</name>
        </sourceSystem>
        <committee />
      </item>
    </actions>
    <originChamber>Senate</originChamber>
    <committees>
      <billCommittees>
        <item>
          <type>Standing</type>
          <name>Foreign Relations Committee</name>
          <activities>
            <item>
              <date>2019-03-12T16:42:36Z</date>
              <name>Referred to</name>
            </item>
          </activities>
          <subcommittees />
          <systemCode>ssfr00</systemCode>
          <chamber>Senate</chamber>
        </item>
      </billCommittees>
    </committees>
    <introducedDate>2019-03-12</introducedDate>
    <subjects>
      <billSubjects>
        <policyArea>
          <name>International Affairs</name>
        </policyArea>
        <legislativeSubjects>
          <item>
            <name>Detention of persons</name>
          </item>
          <item>
            <name>Diplomacy, foreign officials, Americans abroad</name>
          </item>
          <item>
            <name>Iran</name>
          </item>
          <item>
            <name>Middle East</name>
          </item>
        </legislativeSubjects>
      </billSubjects>
    </subjects>
    <cosponsors>
      <item>
        <firstName>Rick</firstName>
        <isOriginalCosponsor>False</isOriginalCosponsor>
        <middleName />
        <fullName>Sen. Scott, Rick  [R-FL]</fullName>
        <lastName>Scott</lastName>
        <identifiers>
          <lisID>2470</lisID>
          <gpoId />
          <bioguideId>S001217</bioguideId>
        </identifiers>
        <sponsorshipWithdrawnDate />
        <state>FL</state>
        <bioguideId>S001217</bioguideId>
        <party>R</party>
        <sponsorshipDate>2019-03-13</sponsorshipDate>
      </item>
    </cosponsors>
    <billType>SRES</billType>
    <laws />
  </bill>
  <dublinCore xmlns:dc="http://purl.org/dc/elements/1.1/">
    <dc:format>text/xml</dc:format>
    <dc:language>EN</dc:language>
    <dc:rights>Pursuant to Title 17 Section 105 of the United States Code, this file is not subject to copyright protection and is in the public domain.</dc:rights>
    <dc:contributor>Congressional Research Service, Library of Congress</dc:contributor>
    <dc:description>This file contains bill summaries and statuses for federal legislation. A bill summary describes the most significant provisions of a piece of legislation and details the effects the legislative text may have on current law and federal programs. Bill summaries are authored by the Congressional Research Service (CRS) of the Library of Congress. As stated in Public Law 91-510 (2 USC 166 (d)(6)), one of the duties of CRS is "to prepare summaries and digests of bills and resolutions of a public general nature introduced in the Senate or House of Representatives". For more information, refer to the User Guide that accompanies this file.</dc:description>
  </dublinCore>
</billStatus>

