<?xml version="1.0" encoding="UTF-8"?>
<billStatus>
  <bill>
    <cboCostEstimates />
    <sponsors>
      <item>
        <party>R</party>
        <firstName>Marsha</firstName>
        <state>TN</state>
        <fullName>Sen. Blackburn, Marsha [R-TN]</fullName>
        <middleName />
        <lastName>Blackburn</lastName>
        <byRequestType />
        <identifiers>
          <bioguideId>B001243</bioguideId>
          <gpoId>8154</gpoId>
          <lisID>1748</lisID>
        </identifiers>
        <bioguideId>B001243</bioguideId>
      </item>
    </sponsors>
    <summaries>
      <billSummaries />
    </summaries>
    <actions>
      <actionByCounts>
        <senate>2</senate>
      </actionByCounts>
      <item>
        <actionDate>2019-02-07</actionDate>
        <committee>
          <systemCode>ssju00</systemCode>
          <name>Judiciary Committee</name>
        </committee>
        <links>
          <link>
            <url>https://www.congress.gov/congressional-record/volume-165/senate-section/page/S1142-1143</url>
            <name>S1142-1143</name>
          </link>
        </links>
        <sourceSystem>
          <code>0</code>
          <name>Senate</name>
        </sourceSystem>
        <text>Referred to the Committee on the Judiciary. (text: CR S1142-1143)</text>
        <type>IntroReferral</type>
      </item>
      <item>
        <actionDate>2019-02-07</actionDate>
        <actionCode>10000</actionCode>
        <text>Introduced in Senate</text>
        <type>IntroReferral</type>
        <committee />
        <links />
        <sourceSystem>
          <code>9</code>
          <name>Library of Congress</name>
        </sourceSystem>
      </item>
      <actionTypeCounts>
        <introducedInSenate>1</introducedInSenate>
        <referredToCommittee>1</referredToCommittee>
      </actionTypeCounts>
    </actions>
    <title>A resolution honoring the life of Rosemary Mariner.</title>
    <introducedDate>2019-02-07</introducedDate>
    <committees>
      <billCommittees>
        <item>
          <systemCode>ssju00</systemCode>
          <chamber>Senate</chamber>
          <type>Standing</type>
          <subcommittees />
          <activities>
            <item>
              <date>2019-02-07T22:20:29Z</date>
              <name>Referred to</name>
            </item>
          </activities>
          <name>Judiciary Committee</name>
        </item>
      </billCommittees>
    </committees>
    <policyArea>
      <name>Armed Forces and National Security</name>
    </policyArea>
    <billType>SRES</billType>
    <updateDate>2019-04-02T17:41:08Z</updateDate>
    <version>1.0.0</version>
    <billNumber>61</billNumber>
    <textVersions>
      <item>
        <date>2019-02-07T05:00:00Z</date>
        <type>Introduced in Senate</type>
        <formats>
          <item>
            <url>https://www.govinfo.gov/content/pkg/BILLS-116sres61is/xml/BILLS-116sres61is.xml</url>
          </item>
        </formats>
      </item>
    </textVersions>
    <relatedBills />
    <laws />
    <recordedVotes />
    <committeeReports />
    <cosponsors>
      <item>
        <fullName>Sen. Alexander, Lamar [R-TN]</fullName>
        <sponsorshipWithdrawnDate />
        <middleName />
        <firstName>Lamar</firstName>
        <identifiers>
          <lisID>1695</lisID>
          <bioguideId>A000360</bioguideId>
          <gpoId>8304</gpoId>
        </identifiers>
        <lastName>Alexander</lastName>
        <isOriginalCosponsor>True</isOriginalCosponsor>
        <bioguideId>A000360</bioguideId>
        <sponsorshipDate>2019-02-07</sponsorshipDate>
        <state>TN</state>
        <party>R</party>
      </item>
    </cosponsors>
    <latestAction>
      <actionDate>2019-02-07</actionDate>
      <text>Referred to the Committee on the Judiciary. (text: CR S1142-1143)</text>
      <links />
    </latestAction>
    <subjects>
      <billSubjects>
        <legislativeSubjects>
          <item>
            <name>Aviation and airports</name>
          </item>
          <item>
            <name>Congressional tributes</name>
          </item>
          <item>
            <name>Military personnel and dependents</name>
          </item>
        </legislativeSubjects>
        <policyArea>
          <name>Armed Forces and National Security</name>
        </policyArea>
      </billSubjects>
    </subjects>
    <congress>116</congress>
    <notes />
    <originChamber>Senate</originChamber>
    <amendments />
    <createDate>2019-02-08T05:55:23Z</createDate>
    <titles>
      <item>
        <parentTitleType />
        <title>A resolution honoring the life of Rosemary Mariner.</title>
        <chamberName />
        <chamberCode />
        <titleType>Official Title as Introduced</titleType>
      </item>
      <item>
        <parentTitleType />
        <title>A resolution honoring the life of Rosemary Mariner.</title>
        <chamberName />
        <chamberCode />
        <titleType>Display Title</titleType>
      </item>
    </titles>
    <calendarNumbers />
  </bill>
  <dublinCore xmlns:dc="http://purl.org/dc/elements/1.1/">
    <dc:format>text/xml</dc:format>
    <dc:language>EN</dc:language>
    <dc:rights>Pursuant to Title 17 Section 105 of the United States Code, this file is not subject to copyright protection and is in the public domain.</dc:rights>
    <dc:contributor>Congressional Research Service, Library of Congress</dc:contributor>
    <dc:description>This file contains bill summaries and statuses for federal legislation. A bill summary describes the most significant provisions of a piece of legislation and details the effects the legislative text may have on current law and federal programs. Bill summaries are authored by the Congressional Research Service (CRS) of the Library of Congress. As stated in Public Law 91-510 (2 USC 166 (d)(6)), one of the duties of CRS is "to prepare summaries and digests of bills and resolutions of a public general nature introduced in the Senate or House of Representatives". For more information, refer to the User Guide that accompanies this file.</dc:description>
  </dublinCore>
</billStatus>

