<?xml version="1.0" encoding="UTF-8"?>
<billStatus>
  <bill>
    <subjects>
      <billSubjects>
        <legislativeSubjects>
          <item>
            <name>Congressional committees</name>
          </item>
          <item>
            <name>Senate Select Committee on Intelligence</name>
          </item>
        </legislativeSubjects>
        <policyArea>
          <name>Congress</name>
        </policyArea>
      </billSubjects>
    </subjects>
    <relatedBills />
    <notes />
    <committees>
      <billCommittees>
        <item>
          <type>Standing</type>
          <name>Rules and Administration Committee</name>
          <activities>
            <item>
              <date>2019-02-06T20:30:38Z</date>
              <name>Referred to</name>
            </item>
          </activities>
          <subcommittees />
          <systemCode>ssra00</systemCode>
          <chamber>Senate</chamber>
        </item>
        <item>
          <type>Select</type>
          <name>Intelligence Committee</name>
          <activities>
            <item>
              <date>2019-02-06T20:30:21Z</date>
              <name>Reported original measure</name>
            </item>
          </activities>
          <subcommittees />
          <systemCode>slin00</systemCode>
          <chamber>Senate</chamber>
        </item>
      </billCommittees>
    </committees>
    <summaries>
      <billSummaries>
        <item>
          <lastSummaryUpdateDate>2019-03-12T16:57:43Z</lastSummaryUpdateDate>
          <text><![CDATA[<p>This resolution authorizes expenditures by the Select Committee on Intelligence for the 116th Congress.</p>]]></text>
          <versionCode>00</versionCode>
          <actionDate>2019-02-06</actionDate>
          <actionDesc>Introduced in Senate</actionDesc>
          <updateDate>2019-02-06T05:00:00Z</updateDate>
          <name>Introduced in Senate</name>
        </item>
        <item>
          <lastSummaryUpdateDate>2019-03-12T16:57:34Z</lastSummaryUpdateDate>
          <text><![CDATA[<p>This resolution authorizes expenditures by the Select Committee on Intelligence for the 116th Congress.</p>]]></text>
          <versionCode>25</versionCode>
          <actionDate>2019-02-06</actionDate>
          <actionDesc>Reported to Senate</actionDesc>
          <updateDate>2019-02-06T14:49:25Z</updateDate>
          <name>Reported to Senate</name>
        </item>
      </billSummaries>
    </summaries>
    <version>1.0.0</version>
    <originChamber>Senate</originChamber>
    <congress>116</congress>
    <latestAction>
      <actionDate>2019-02-06</actionDate>
      <text>Referred to the Committee on Rules and Administration. (text: CR S924)</text>
      <links />
    </latestAction>
    <actions>
      <actionByCounts>
        <senate>4</senate>
      </actionByCounts>
      <actionTypeCounts>
        <originalBillReported>1</originalBillReported>
        <referredToCommittee>1</referredToCommittee>
        <introducedInSenate>1</introducedInSenate>
        <reportedToSenate>1</reportedToSenate>
      </actionTypeCounts>
      <item>
        <actionDate>2019-02-06</actionDate>
        <committee>
          <name>Rules and Administration Committee</name>
          <systemCode>ssra00</systemCode>
        </committee>
        <links>
          <link>
            <name>S924</name>
            <url>https://www.congress.gov/congressional-record/volume-165/senate-section/page/S924</url>
          </link>
        </links>
        <sourceSystem>
          <code>0</code>
          <name>Senate</name>
        </sourceSystem>
        <text>Referred to the Committee on Rules and Administration. (text: CR S924)</text>
        <type>IntroReferral</type>
      </item>
      <item>
        <actionDate>2019-02-06</actionDate>
        <committee>
          <name>Intelligence Committee</name>
          <systemCode>slin00</systemCode>
        </committee>
        <links />
        <sourceSystem>
          <code>0</code>
          <name>Senate</name>
        </sourceSystem>
        <text>Select Committee on Intelligence. Original measure reported to Senate by Senator Burr. Without written report.</text>
        <type>Committee</type>
      </item>
      <item>
        <type>Committee</type>
        <actionDate>2019-02-06</actionDate>
        <sourceSystem>
          <code>9</code>
          <name>Library of Congress</name>
        </sourceSystem>
        <text>Select Committee on Intelligence. Original measure reported to Senate by Senator Burr. Without written report.</text>
        <links />
        <actionCode>14000</actionCode>
        <committee>
          <name>Intelligence Committee</name>
          <systemCode>slin00</systemCode>
        </committee>
      </item>
      <item>
        <type>IntroReferral</type>
        <actionDate>2019-02-06</actionDate>
        <actionCode>10000</actionCode>
        <text>Introduced in Senate</text>
        <links />
        <sourceSystem>
          <code>9</code>
          <name>Library of Congress</name>
        </sourceSystem>
        <committee />
      </item>
    </actions>
    <createDate>2019-02-07T06:10:14Z</createDate>
    <titles>
      <item>
        <chamberName />
        <title>An original resolution authorizing expenditures by the Select Committee on Intelligence.</title>
        <parentTitleType />
        <titleType>Official Title as Introduced</titleType>
        <chamberCode />
      </item>
      <item>
        <chamberName />
        <title>An original resolution authorizing expenditures by the Select Committee on Intelligence.</title>
        <parentTitleType />
        <titleType>Display Title</titleType>
        <chamberCode />
      </item>
    </titles>
    <laws />
    <introducedDate>2019-02-06</introducedDate>
    <calendarNumbers />
    <recordedVotes />
    <textVersions>
      <item>
        <type>Introduced in Senate</type>
        <date>2019-02-06T05:00:00Z</date>
        <formats>
          <item>
            <url>https://www.govinfo.gov/content/pkg/BILLS-116sres51is/xml/BILLS-116sres51is.xml</url>
          </item>
        </formats>
      </item>
    </textVersions>
    <cosponsors />
    <amendments />
    <billNumber>51</billNumber>
    <updateDate>2019-11-15T21:43:59Z</updateDate>
    <cboCostEstimates />
    <title>An original resolution authorizing expenditures by the Select Committee on Intelligence.</title>
    <committeeReports />
    <policyArea>
      <name>Congress</name>
    </policyArea>
    <sponsors>
      <item>
        <party>R</party>
        <lastName>BURR</lastName>
        <firstName>RICHARD</firstName>
        <state>NC</state>
        <fullName>Sen. Burr, Richard [R-NC]</fullName>
        <identifiers>
          <lisID>153</lisID>
          <gpoId>8286</gpoId>
          <bioguideId>B001135</bioguideId>
        </identifiers>
        <middleName />
        <bioguideId>B001135</bioguideId>
        <byRequestType />
      </item>
    </sponsors>
    <billType>SRES</billType>
  </bill>
  <dublinCore xmlns:dc="http://purl.org/dc/elements/1.1/">
    <dc:format>text/xml</dc:format>
    <dc:language>EN</dc:language>
    <dc:rights>Pursuant to Title 17 Section 105 of the United States Code, this file is not subject to copyright protection and is in the public domain.</dc:rights>
    <dc:contributor>Congressional Research Service, Library of Congress</dc:contributor>
    <dc:description>This file contains bill summaries and statuses for federal legislation. A bill summary describes the most significant provisions of a piece of legislation and details the effects the legislative text may have on current law and federal programs. Bill summaries are authored by the Congressional Research Service (CRS) of the Library of Congress. As stated in Public Law 91-510 (2 USC 166 (d)(6)), one of the duties of CRS is "to prepare summaries and digests of bills and resolutions of a public general nature introduced in the Senate or House of Representatives". For more information, refer to the User Guide that accompanies this file.</dc:description>
  </dublinCore>
</billStatus>

