<?xml version="1.0" encoding="UTF-8"?>
<billStatus>
  <bill>
    <committees>
      <billCommittees />
    </committees>
    <titles>
      <item>
        <parentTitleType />
        <title>A resolution to make effective appointment of Deputy Senate Legal Counsel.</title>
        <chamberName />
        <chamberCode />
        <titleType>Official Title as Introduced</titleType>
      </item>
      <item>
        <parentTitleType />
        <title>A resolution to make effective appointment of Deputy Senate Legal Counsel.</title>
        <chamberName />
        <chamberCode />
        <titleType>Display Title</titleType>
      </item>
    </titles>
    <originChamber>Senate</originChamber>
    <calendarNumbers />
    <textVersions>
      <item>
        <type>Agreed to Senate</type>
        <date>2019-01-03T05:00:00Z</date>
        <formats>
          <item>
            <url>https://www.govinfo.gov/content/pkg/BILLS-116sres8ats/xml/BILLS-116sres8ats.xml</url>
          </item>
        </formats>
      </item>
    </textVersions>
    <summaries>
      <billSummaries>
        <item>
          <updateDate>2019-01-03T05:00:00Z</updateDate>
          <actionDate>2019-01-03</actionDate>
          <actionDesc>Introduced in Senate</actionDesc>
          <lastSummaryUpdateDate>2019-01-08T17:44:35Z</lastSummaryUpdateDate>
          <text><![CDATA[<p>This resolution makes the President pro tempore's appointment of Morgan J. Frankel as Deputy Senate Legal Counsel effective January 3, 2019, for a term of service to expire at the end of the 117th Congress.</p>]]></text>
          <versionCode>00</versionCode>
          <name>Introduced in Senate</name>
        </item>
        <item>
          <updateDate>2019-01-03T18:51:17Z</updateDate>
          <actionDate>2019-01-03</actionDate>
          <actionDesc>Passed Senate</actionDesc>
          <lastSummaryUpdateDate>2019-01-08T17:44:29Z</lastSummaryUpdateDate>
          <text><![CDATA[<p>This resolution makes the President pro tempore's appointment of Morgan J. Frankel as Deputy Senate Legal Counsel effective January 3, 2019, for a term of service to expire at the end of the 117th Congress.</p>]]></text>
          <versionCode>55</versionCode>
          <name>Passed Senate</name>
        </item>
      </billSummaries>
    </summaries>
    <subjects>
      <billSubjects>
        <legislativeSubjects>
          <item>
            <name>Congressional officers and employees</name>
          </item>
          <item>
            <name>Lawyers and legal services</name>
          </item>
          <item>
            <name>Senate</name>
          </item>
        </legislativeSubjects>
        <policyArea>
          <name>Congress</name>
        </policyArea>
      </billSubjects>
    </subjects>
    <billType>SRES</billType>
    <laws />
    <updateDate>2019-04-02T18:26:09Z</updateDate>
    <notes />
    <billNumber>8</billNumber>
    <cosponsors>
      <item>
        <fullName>Sen. Schumer, Charles E. [D-NY]</fullName>
        <sponsorshipWithdrawnDate />
        <middleName>E.</middleName>
        <firstName>CHARLES</firstName>
        <identifiers>
          <gpoId>8279</gpoId>
          <lisID>1036</lisID>
          <bioguideId>S000148</bioguideId>
        </identifiers>
        <lastName>SCHUMER</lastName>
        <isOriginalCosponsor>True</isOriginalCosponsor>
        <bioguideId>S000148</bioguideId>
        <sponsorshipDate>2019-01-03</sponsorshipDate>
        <state>NY</state>
        <party>D</party>
      </item>
    </cosponsors>
    <policyArea>
      <name>Congress</name>
    </policyArea>
    <introducedDate>2019-01-03</introducedDate>
    <title>A resolution to make effective appointment of Deputy Senate Legal Counsel.</title>
    <recordedVotes />
    <committeeReports />
    <latestAction>
      <actionDate>2019-01-03</actionDate>
      <text>Submitted in the Senate, considered, and agreed to without amendment by Unanimous Consent. (consideration: CR S6-7; text: CR S7)</text>
      <links />
    </latestAction>
    <version>1.0.0</version>
    <createDate>2019-01-04T13:32:58Z</createDate>
    <cboCostEstimates />
    <relatedBills />
    <amendments />
    <congress>116</congress>
    <sponsors>
      <item>
        <byRequestType />
        <firstName>MITCH</firstName>
        <middleName />
        <identifiers>
          <bioguideId>M000355</bioguideId>
          <lisID>1395</lisID>
          <gpoId>8254</gpoId>
        </identifiers>
        <party>R</party>
        <bioguideId>M000355</bioguideId>
        <state>KY</state>
        <fullName>Sen. McConnell, Mitch [R-KY]</fullName>
        <lastName>MCCONNELL</lastName>
      </item>
    </sponsors>
    <actions>
      <actionTypeCounts>
        <passedAgreedToInSenate>1</passedAgreedToInSenate>
        <passedOrAgreedToInSenateDayOf>1</passedOrAgreedToInSenateDayOf>
        <introducedInSenate>1</introducedInSenate>
      </actionTypeCounts>
      <actionByCounts>
        <senate>3</senate>
      </actionByCounts>
      <item>
        <actionDate>2019-01-03</actionDate>
        <committee />
        <links>
          <link>
            <name>S6-7</name>
            <url>https://www.congress.gov/congressional-record/volume-165/senate-section/page/S6-7</url>
          </link>
          <link>
            <name>S7</name>
            <url>https://www.congress.gov/congressional-record/volume-165/senate-section/page/S7</url>
          </link>
        </links>
        <sourceSystem>
          <name>Senate</name>
          <code>0</code>
        </sourceSystem>
        <text>Submitted in the Senate, considered, and agreed to without amendment by Unanimous Consent. (consideration: CR S6-7; text: CR S7)</text>
        <type>Floor</type>
      </item>
      <item>
        <links>
          <link>
            <name>S6-7</name>
            <url>https://www.congress.gov/congressional-record/volume-165/senate-section/page/S6-7</url>
          </link>
          <link>
            <name>S7</name>
            <url>https://www.congress.gov/congressional-record/volume-165/senate-section/page/S7</url>
          </link>
        </links>
        <text>Passed/agreed to in Senate: Submitted in the Senate, considered, and agreed to without amendment by Unanimous Consent.(consideration: CR S6-7; text: CR S7)</text>
        <actionDate>2019-01-03</actionDate>
        <sourceSystem>
          <name>Library of Congress</name>
          <code>9</code>
        </sourceSystem>
        <committee />
        <actionCode>17000</actionCode>
        <type>Floor</type>
      </item>
      <item>
        <links />
        <text>Introduced in Senate</text>
        <actionDate>2019-01-03</actionDate>
        <sourceSystem>
          <name>Library of Congress</name>
          <code>9</code>
        </sourceSystem>
        <committee />
        <actionCode>10000</actionCode>
        <type>IntroReferral</type>
      </item>
    </actions>
  </bill>
  <dublinCore xmlns:dc="http://purl.org/dc/elements/1.1/">
    <dc:format>text/xml</dc:format>
    <dc:language>EN</dc:language>
    <dc:rights>Pursuant to Title 17 Section 105 of the United States Code, this file is not subject to copyright protection and is in the public domain.</dc:rights>
    <dc:contributor>Congressional Research Service, Library of Congress</dc:contributor>
    <dc:description>This file contains bill summaries and statuses for federal legislation. A bill summary describes the most significant provisions of a piece of legislation and details the effects the legislative text may have on current law and federal programs. Bill summaries are authored by the Congressional Research Service (CRS) of the Library of Congress. As stated in Public Law 91-510 (2 USC 166 (d)(6)), one of the duties of CRS is "to prepare summaries and digests of bills and resolutions of a public general nature introduced in the Senate or House of Representatives". For more information, refer to the User Guide that accompanies this file.</dc:description>
  </dublinCore>
</billStatus>

