<?xml version="1.0" encoding="UTF-8"?>
<billStatus>
  <bill>
    <summaries>
      <billSummaries />
    </summaries>
    <congress>116</congress>
    <titles>
      <item>
        <title>A resolution keeping guns out of classrooms.</title>
        <parentTitleType />
        <titleType>Official Title as Introduced</titleType>
        <chamberName />
        <chamberCode />
      </item>
      <item>
        <title>A resolution keeping guns out of classrooms.</title>
        <parentTitleType />
        <titleType>Display Title</titleType>
        <chamberName />
        <chamberCode />
      </item>
    </titles>
    <billType>SRES</billType>
    <updateDate>2019-11-15T22:00:40Z</updateDate>
    <title>A resolution keeping guns out of classrooms.</title>
    <recordedVotes />
    <committees>
      <billCommittees>
        <item>
          <type>Standing</type>
          <chamber>Senate</chamber>
          <systemCode>sshr00</systemCode>
          <name>HELP Committee</name>
          <activities>
            <item>
              <name>Referred to</name>
              <date>2019-03-14T15:26:54Z</date>
            </item>
          </activities>
          <subcommittees />
        </item>
      </billCommittees>
    </committees>
    <actions>
      <actionByCounts>
        <senate>2</senate>
      </actionByCounts>
      <actionTypeCounts>
        <introducedInSenate>1</introducedInSenate>
        <referredToCommittee>1</referredToCommittee>
      </actionTypeCounts>
      <item>
        <actionDate>2019-03-14</actionDate>
        <committee>
          <name>HELP Committee</name>
          <systemCode>sshr00</systemCode>
        </committee>
        <links>
          <link>
            <name>S1906</name>
            <url>https://www.congress.gov/congressional-record/volume-165/senate-section/page/S1906</url>
          </link>
        </links>
        <sourceSystem>
          <code>0</code>
          <name>Senate</name>
        </sourceSystem>
        <text>Referred to the Committee on Health, Education, Labor, and Pensions. (text: CR S1906)</text>
        <type>IntroReferral</type>
      </item>
      <item>
        <type>IntroReferral</type>
        <actionDate>2019-03-14</actionDate>
        <actionCode>10000</actionCode>
        <text>Introduced in Senate</text>
        <links />
        <sourceSystem>
          <code>9</code>
          <name>Library of Congress</name>
        </sourceSystem>
        <committee />
      </item>
    </actions>
    <createDate>2019-03-15T04:42:06Z</createDate>
    <policyArea>
      <name>Education</name>
    </policyArea>
    <originChamber>Senate</originChamber>
    <committeeReports />
    <version>1.0.0</version>
    <textVersions>
      <item>
        <formats>
          <item>
            <url>https://www.govinfo.gov/content/pkg/BILLS-116sres110is/xml/BILLS-116sres110is.xml</url>
          </item>
        </formats>
        <type>Introduced in Senate</type>
        <date>2019-03-14T04:00:00Z</date>
      </item>
    </textVersions>
    <billNumber>110</billNumber>
    <notes />
    <sponsors>
      <item>
        <firstName>Christopher</firstName>
        <middleName />
        <lastName>Murphy</lastName>
        <identifiers>
          <lisID>1837</lisID>
          <gpoId>7870</gpoId>
          <bioguideId>M001169</bioguideId>
        </identifiers>
        <bioguideId>M001169</bioguideId>
        <byRequestType />
        <state>CT</state>
        <fullName>Sen. Murphy, Christopher [D-CT]</fullName>
        <party>D</party>
      </item>
    </sponsors>
    <calendarNumbers />
    <introducedDate>2019-03-14</introducedDate>
    <amendments />
    <subjects>
      <billSubjects>
        <policyArea>
          <name>Education</name>
        </policyArea>
        <legislativeSubjects>
          <item>
            <name>Education programs funding</name>
          </item>
          <item>
            <name>Elementary and secondary education</name>
          </item>
          <item>
            <name>Firearms and explosives</name>
          </item>
          <item>
            <name>School administration</name>
          </item>
          <item>
            <name>Teaching, teachers, curricula</name>
          </item>
        </legislativeSubjects>
      </billSubjects>
    </subjects>
    <laws />
    <cosponsors>
      <item>
        <firstName>Richard</firstName>
        <middleName />
        <isOriginalCosponsor>True</isOriginalCosponsor>
        <state>CT</state>
        <bioguideId>B001277</bioguideId>
        <identifiers>
          <lisID>2076</lisID>
          <gpoId>8332</gpoId>
          <bioguideId>B001277</bioguideId>
        </identifiers>
        <sponsorshipWithdrawnDate />
        <sponsorshipDate>2019-03-14</sponsorshipDate>
        <fullName>Sen. Blumenthal, Richard [D-CT]</fullName>
        <party>D</party>
        <lastName>Blumenthal</lastName>
      </item>
      <item>
        <firstName>PATTY</firstName>
        <middleName />
        <isOriginalCosponsor>True</isOriginalCosponsor>
        <state>WA</state>
        <bioguideId>M001111</bioguideId>
        <identifiers>
          <bioguideId>M001111</bioguideId>
          <gpoId>8237</gpoId>
          <lisID>1409</lisID>
        </identifiers>
        <sponsorshipWithdrawnDate />
        <sponsorshipDate>2019-03-14</sponsorshipDate>
        <fullName>Sen. Murray, Patty [D-WA]</fullName>
        <party>D</party>
        <lastName>MURRAY</lastName>
      </item>
    </cosponsors>
    <relatedBills>
      <item>
        <relationshipDetails>
          <item>
            <identifiedBy>CRS</identifiedBy>
            <type>Identical bill</type>
          </item>
        </relationshipDetails>
        <latestTitle>Keeping guns out of classrooms.</latestTitle>
        <type>HRES</type>
        <number>231</number>
        <latestAction>
          <text>Referred to the Subcommittee on Crime, Terrorism, and Homeland Security.</text>
          <actionDate>2019-04-08</actionDate>
        </latestAction>
        <congress>116</congress>
      </item>
    </relatedBills>
    <cboCostEstimates />
    <latestAction>
      <text>Referred to the Committee on Health, Education, Labor, and Pensions. (text: CR S1906)</text>
      <links />
      <actionDate>2019-03-14</actionDate>
    </latestAction>
  </bill>
  <dublinCore xmlns:dc="http://purl.org/dc/elements/1.1/">
    <dc:format>text/xml</dc:format>
    <dc:language>EN</dc:language>
    <dc:rights>Pursuant to Title 17 Section 105 of the United States Code, this file is not subject to copyright protection and is in the public domain.</dc:rights>
    <dc:contributor>Congressional Research Service, Library of Congress</dc:contributor>
    <dc:description>This file contains bill summaries and statuses for federal legislation. A bill summary describes the most significant provisions of a piece of legislation and details the effects the legislative text may have on current law and federal programs. Bill summaries are authored by the Congressional Research Service (CRS) of the Library of Congress. As stated in Public Law 91-510 (2 USC 166 (d)(6)), one of the duties of CRS is "to prepare summaries and digests of bills and resolutions of a public general nature introduced in the Senate or House of Representatives". For more information, refer to the User Guide that accompanies this file.</dc:description>
  </dublinCore>
</billStatus>

