<?xml version="1.0" encoding="UTF-8"?>
<billStatus>
  <bill>
    <version>1.0.0</version>
    <introducedDate>2019-02-06</introducedDate>
    <policyArea>
      <name>Congress</name>
    </policyArea>
    <recordedVotes />
    <amendments />
    <updateDate>2019-04-11T15:42:26Z</updateDate>
    <titles>
      <item>
        <title>An original resolution authorizing expenditures by the Committee on Banking, Housing, and Urban Affairs.</title>
        <parentTitleType />
        <chamberName />
        <titleType>Official Title as Introduced</titleType>
        <chamberCode />
      </item>
      <item>
        <title>An original resolution authorizing expenditures by the Committee on Banking, Housing, and Urban Affairs.</title>
        <parentTitleType />
        <chamberName />
        <titleType>Display Title</titleType>
        <chamberCode />
      </item>
    </titles>
    <summaries>
      <billSummaries>
        <item>
          <updateDate>2019-02-06T05:00:00Z</updateDate>
          <actionDate>2019-02-06</actionDate>
          <lastSummaryUpdateDate>2019-02-15T23:22:36Z</lastSummaryUpdateDate>
          <text><![CDATA[<p>This resolution authorizes expenditures by the Senate Committee on Banking, Housing, and Urban Affairs for the 116th Congress.</p>]]></text>
          <versionCode>00</versionCode>
          <name>Introduced in Senate</name>
          <actionDesc>Introduced in Senate</actionDesc>
        </item>
        <item>
          <updateDate>2019-02-06T14:47:52Z</updateDate>
          <actionDate>2019-02-06</actionDate>
          <lastSummaryUpdateDate>2019-02-15T23:22:10Z</lastSummaryUpdateDate>
          <text><![CDATA[<p>This resolution authorizes expenditures by the Senate Committee on Banking, Housing, and Urban Affairs for the 116th Congress.</p>]]></text>
          <versionCode>25</versionCode>
          <name>Reported to Senate</name>
          <actionDesc>Reported to Senate</actionDesc>
        </item>
      </billSummaries>
    </summaries>
    <cboCostEstimates />
    <actions>
      <actionByCounts>
        <senate>4</senate>
      </actionByCounts>
      <actionTypeCounts>
        <reportedToSenate>1</reportedToSenate>
        <referredToCommittee>1</referredToCommittee>
        <introducedInSenate>1</introducedInSenate>
        <originalBillReported>1</originalBillReported>
      </actionTypeCounts>
      <item>
        <actionDate>2019-02-06</actionDate>
        <committee>
          <systemCode>ssra00</systemCode>
          <name>Rules and Administration Committee</name>
        </committee>
        <links>
          <link>
            <name>S922</name>
            <url>https://www.congress.gov/congressional-record/volume-165/senate-section/page/S922</url>
          </link>
        </links>
        <sourceSystem>
          <name>Senate</name>
          <code>0</code>
        </sourceSystem>
        <text>Referred to the Committee on Rules and Administration. (text: CR S922)</text>
        <type>IntroReferral</type>
      </item>
      <item>
        <actionDate>2019-02-06</actionDate>
        <committee>
          <systemCode>ssbk00</systemCode>
          <name>Banking, Housing, and Urban Affairs Committee</name>
        </committee>
        <links />
        <sourceSystem>
          <name>Senate</name>
          <code>0</code>
        </sourceSystem>
        <text>Committee on Banking, Housing, and Urban Affairs. Original measure reported to Senate by Senator Crapo. Without written report.</text>
        <type>Committee</type>
      </item>
      <item>
        <committee>
          <systemCode>ssbk00</systemCode>
          <name>Banking, Housing, and Urban Affairs Committee</name>
        </committee>
        <links />
        <type>Committee</type>
        <text>Committee on Banking, Housing, and Urban Affairs. Original measure reported to Senate by Senator Crapo. Without written report.</text>
        <actionCode>14000</actionCode>
        <sourceSystem>
          <name>Library of Congress</name>
          <code>9</code>
        </sourceSystem>
        <actionDate>2019-02-06</actionDate>
      </item>
      <item>
        <committee />
        <sourceSystem>
          <name>Library of Congress</name>
          <code>9</code>
        </sourceSystem>
        <type>IntroReferral</type>
        <text>Introduced in Senate</text>
        <links />
        <actionCode>10000</actionCode>
        <actionDate>2019-02-06</actionDate>
      </item>
    </actions>
    <textVersions>
      <item>
        <type>Introduced in Senate</type>
        <formats>
          <item>
            <url>https://www.govinfo.gov/content/pkg/BILLS-116sres47is/xml/BILLS-116sres47is.xml</url>
          </item>
        </formats>
        <date>2019-02-06T05:00:00Z</date>
      </item>
    </textVersions>
    <sponsors>
      <item>
        <fullName>Sen. Crapo, Mike [R-ID]</fullName>
        <middleName>D.</middleName>
        <bioguideId>C000880</bioguideId>
        <lastName>CRAPO</lastName>
        <party>R</party>
        <byRequestType />
        <firstName>MICHAEL</firstName>
        <state>ID</state>
        <identifiers>
          <gpoId>8289</gpoId>
          <lisID>250</lisID>
          <bioguideId>C000880</bioguideId>
        </identifiers>
      </item>
    </sponsors>
    <notes />
    <cosponsors />
    <committeeReports />
    <subjects>
      <billSubjects>
        <legislativeSubjects>
          <item>
            <name>Congressional committees</name>
          </item>
          <item>
            <name>Senate Committee on Banking, Housing, and Urban Affairs</name>
          </item>
        </legislativeSubjects>
        <policyArea>
          <name>Congress</name>
        </policyArea>
      </billSubjects>
    </subjects>
    <title>An original resolution authorizing expenditures by the Committee on Banking, Housing, and Urban Affairs.</title>
    <laws />
    <calendarNumbers />
    <congress>116</congress>
    <relatedBills />
    <originChamber>Senate</originChamber>
    <latestAction>
      <text>Referred to the Committee on Rules and Administration. (text: CR S922)</text>
      <links />
      <actionDate>2019-02-06</actionDate>
    </latestAction>
    <createDate>2019-02-07T06:10:14Z</createDate>
    <billNumber>47</billNumber>
    <billType>SRES</billType>
    <committees>
      <billCommittees>
        <item>
          <chamber>Senate</chamber>
          <subcommittees />
          <systemCode>ssra00</systemCode>
          <type>Standing</type>
          <activities>
            <item>
              <name>Referred to</name>
              <date>2019-02-06T17:07:21Z</date>
            </item>
          </activities>
          <name>Rules and Administration Committee</name>
        </item>
        <item>
          <chamber>Senate</chamber>
          <subcommittees />
          <systemCode>ssbk00</systemCode>
          <type>Standing</type>
          <activities>
            <item>
              <name>Reported original measure</name>
              <date>2019-02-06T17:06:28Z</date>
            </item>
          </activities>
          <name>Banking, Housing, and Urban Affairs Committee</name>
        </item>
      </billCommittees>
    </committees>
  </bill>
  <dublinCore xmlns:dc="http://purl.org/dc/elements/1.1/">
    <dc:format>text/xml</dc:format>
    <dc:language>EN</dc:language>
    <dc:rights>Pursuant to Title 17 Section 105 of the United States Code, this file is not subject to copyright protection and is in the public domain.</dc:rights>
    <dc:contributor>Congressional Research Service, Library of Congress</dc:contributor>
    <dc:description>This file contains bill summaries and statuses for federal legislation. A bill summary describes the most significant provisions of a piece of legislation and details the effects the legislative text may have on current law and federal programs. Bill summaries are authored by the Congressional Research Service (CRS) of the Library of Congress. As stated in Public Law 91-510 (2 USC 166 (d)(6)), one of the duties of CRS is "to prepare summaries and digests of bills and resolutions of a public general nature introduced in the Senate or House of Representatives". For more information, refer to the User Guide that accompanies this file.</dc:description>
  </dublinCore>
</billStatus>

