<?xml version="1.0" encoding="UTF-8"?>
<billStatus>
  <bill>
    <textVersions>
      <item>
        <type>Introduced in Senate</type>
        <date>2019-04-04T04:00:00Z</date>
        <formats>
          <item>
            <url>https://www.govinfo.gov/content/pkg/BILLS-116sres143is/xml/BILLS-116sres143is.xml</url>
          </item>
        </formats>
      </item>
    </textVersions>
    <version>1.0.0</version>
    <cosponsors>
      <item>
        <firstName>Marco</firstName>
        <sponsorshipWithdrawnDate />
        <fullName>Sen. Rubio, Marco [R-FL]</fullName>
        <party>R</party>
        <lastName>Rubio</lastName>
        <middleName />
        <sponsorshipDate>2019-04-04</sponsorshipDate>
        <state>FL</state>
        <identifiers>
          <lisID>2084</lisID>
          <bioguideId>R000595</bioguideId>
          <gpoId>8242</gpoId>
        </identifiers>
        <isOriginalCosponsor>True</isOriginalCosponsor>
        <bioguideId>R000595</bioguideId>
      </item>
      <item>
        <firstName>Ted</firstName>
        <sponsorshipWithdrawnDate />
        <fullName>Sen. Cruz, Ted [R-TX]</fullName>
        <party>R</party>
        <lastName>Cruz</lastName>
        <middleName />
        <sponsorshipDate>2019-04-04</sponsorshipDate>
        <state>TX</state>
        <identifiers>
          <lisID>2175</lisID>
          <bioguideId>C001098</bioguideId>
          <gpoId />
        </identifiers>
        <isOriginalCosponsor>True</isOriginalCosponsor>
        <bioguideId>C001098</bioguideId>
      </item>
      <item>
        <firstName>Jacklyn</firstName>
        <sponsorshipWithdrawnDate />
        <fullName>Sen. Rosen, Jacky [D-NV]</fullName>
        <party>D</party>
        <lastName>Rosen</lastName>
        <middleName />
        <sponsorshipDate>2019-04-29</sponsorshipDate>
        <state>NV</state>
        <identifiers>
          <bioguideId>R000608</bioguideId>
          <lisID>2339</lisID>
          <gpoId />
        </identifiers>
        <isOriginalCosponsor>False</isOriginalCosponsor>
        <bioguideId>R000608</bioguideId>
      </item>
      <item>
        <firstName>PAT</firstName>
        <sponsorshipWithdrawnDate />
        <fullName>Sen. Roberts, Pat [R-KS]</fullName>
        <party>R</party>
        <lastName>ROBERTS</lastName>
        <middleName />
        <sponsorshipDate>2019-04-30</sponsorshipDate>
        <state>KS</state>
        <identifiers>
          <lisID>968</lisID>
          <bioguideId>R000307</bioguideId>
          <gpoId>8275</gpoId>
        </identifiers>
        <isOriginalCosponsor>False</isOriginalCosponsor>
        <bioguideId>R000307</bioguideId>
      </item>
      <item>
        <firstName>Mike</firstName>
        <sponsorshipWithdrawnDate />
        <fullName>Sen. Braun, Mike  [R-IN]</fullName>
        <party>R</party>
        <lastName>Braun</lastName>
        <middleName />
        <sponsorshipDate>2019-05-06</sponsorshipDate>
        <state>IN</state>
        <identifiers>
          <gpoId />
          <bioguideId>B001310</bioguideId>
          <lisID>2462</lisID>
        </identifiers>
        <isOriginalCosponsor>False</isOriginalCosponsor>
        <bioguideId>B001310</bioguideId>
      </item>
      <item>
        <firstName>Tom</firstName>
        <sponsorshipWithdrawnDate />
        <fullName>Sen. Cotton, Tom [R-AR]</fullName>
        <party>R</party>
        <lastName>Cotton</lastName>
        <middleName />
        <sponsorshipDate>2019-05-07</sponsorshipDate>
        <state>AR</state>
        <identifiers>
          <lisID>2098</lisID>
          <bioguideId>C001095</bioguideId>
          <gpoId />
        </identifiers>
        <isOriginalCosponsor>False</isOriginalCosponsor>
        <bioguideId>C001095</bioguideId>
      </item>
      <item>
        <firstName>John</firstName>
        <sponsorshipWithdrawnDate />
        <fullName>Sen. Boozman, John [R-AR]</fullName>
        <party>R</party>
        <lastName>Boozman</lastName>
        <middleName />
        <sponsorshipDate>2019-05-07</sponsorshipDate>
        <state>AR</state>
        <identifiers>
          <lisID>1687</lisID>
          <bioguideId>B001236</bioguideId>
          <gpoId>8247</gpoId>
        </identifiers>
        <isOriginalCosponsor>False</isOriginalCosponsor>
        <bioguideId>B001236</bioguideId>
      </item>
    </cosponsors>
    <sponsors>
      <item>
        <lastName>Cramer</lastName>
        <state>ND</state>
        <identifiers>
          <lisID>2144</lisID>
          <bioguideId>C001096</bioguideId>
          <gpoId />
        </identifiers>
        <fullName>Sen. Cramer, Kevin [R-ND]</fullName>
        <middleName />
        <byRequestType />
        <bioguideId>C001096</bioguideId>
        <party>R</party>
        <firstName>Kevin</firstName>
      </item>
    </sponsors>
    <summaries>
      <billSummaries>
        <item>
          <versionCode>00</versionCode>
          <actionDate>2019-04-04</actionDate>
          <lastSummaryUpdateDate>2019-04-09T17:50:44Z</lastSummaryUpdateDate>
          <actionDesc>Introduced in Senate</actionDesc>
          <text><![CDATA[<p>The resolution affirms that the Israeli-American community has contributed immensely to the society and culture of the United States and condemns all forms of discrimination that aim to marginalize or disenfranchise members of such community. </p>]]></text>
          <name>Introduced in Senate</name>
          <updateDate>2019-04-04T04:00:00Z</updateDate>
        </item>
      </billSummaries>
    </summaries>
    <originChamber>Senate</originChamber>
    <actions>
      <actionByCounts>
        <senate>2</senate>
      </actionByCounts>
      <item>
        <actionDate>2019-04-04</actionDate>
        <committee>
          <name>Judiciary Committee</name>
          <systemCode>ssju00</systemCode>
        </committee>
        <links>
          <link>
            <url>https://www.congress.gov/congressional-record/volume-165/senate-section/page/S2279</url>
            <name>S2279</name>
          </link>
        </links>
        <sourceSystem>
          <name>Senate</name>
          <code>0</code>
        </sourceSystem>
        <text>Referred to the Committee on the Judiciary. (text: CR S2279)</text>
        <type>IntroReferral</type>
      </item>
      <item>
        <committee />
        <type>IntroReferral</type>
        <actionDate>2019-04-04</actionDate>
        <text>Introduced in Senate</text>
        <actionCode>10000</actionCode>
        <links />
        <sourceSystem>
          <name>Library of Congress</name>
          <code>9</code>
        </sourceSystem>
      </item>
      <actionTypeCounts>
        <referredToCommittee>1</referredToCommittee>
        <introducedInSenate>1</introducedInSenate>
      </actionTypeCounts>
    </actions>
    <laws />
    <subjects>
      <billSubjects>
        <policyArea>
          <name>Immigration</name>
        </policyArea>
        <legislativeSubjects>
          <item>
            <name>Arts, Culture, Religion</name>
          </item>
          <item>
            <name>Citizenship and naturalization</name>
          </item>
          <item>
            <name>Historical and cultural resources</name>
          </item>
          <item>
            <name>Israel</name>
          </item>
          <item>
            <name>Middle East</name>
          </item>
          <item>
            <name>Racial and ethnic relations</name>
          </item>
        </legislativeSubjects>
      </billSubjects>
    </subjects>
    <committees>
      <billCommittees>
        <item>
          <activities>
            <item>
              <date>2019-04-04T20:25:36Z</date>
              <name>Referred to</name>
            </item>
          </activities>
          <chamber>Senate</chamber>
          <systemCode>ssju00</systemCode>
          <subcommittees />
          <name>Judiciary Committee</name>
          <type>Standing</type>
        </item>
      </billCommittees>
    </committees>
    <policyArea>
      <name>Immigration</name>
    </policyArea>
    <updateDate>2019-05-08T06:51:15Z</updateDate>
    <billNumber>143</billNumber>
    <createDate>2019-04-05T04:42:07Z</createDate>
    <introducedDate>2019-04-04</introducedDate>
    <amendments />
    <recordedVotes />
    <relatedBills />
    <cboCostEstimates />
    <title>A resolution recognizing Israeli-American culture and heritage and the contributions of the Israeli-American community to the United States.</title>
    <notes />
    <calendarNumbers />
    <titles>
      <item>
        <chamberCode />
        <title>A resolution recognizing Israeli-American culture and heritage and the contributions of the Israeli-American community to the United States.</title>
        <titleType>Official Title as Introduced</titleType>
        <parentTitleType />
        <chamberName />
      </item>
      <item>
        <chamberCode />
        <title>A resolution recognizing Israeli-American culture and heritage and the contributions of the Israeli-American community to the United States.</title>
        <titleType>Display Title</titleType>
        <parentTitleType />
        <chamberName />
      </item>
    </titles>
    <committeeReports />
    <billType>SRES</billType>
    <latestAction>
      <links />
      <text>Referred to the Committee on the Judiciary. (text: CR S2279)</text>
      <actionDate>2019-04-04</actionDate>
    </latestAction>
    <congress>116</congress>
  </bill>
  <dublinCore xmlns:dc="http://purl.org/dc/elements/1.1/">
    <dc:format>text/xml</dc:format>
    <dc:language>EN</dc:language>
    <dc:rights>Pursuant to Title 17 Section 105 of the United States Code, this file is not subject to copyright protection and is in the public domain.</dc:rights>
    <dc:contributor>Congressional Research Service, Library of Congress</dc:contributor>
    <dc:description>This file contains bill summaries and statuses for federal legislation. A bill summary describes the most significant provisions of a piece of legislation and details the effects the legislative text may have on current law and federal programs. Bill summaries are authored by the Congressional Research Service (CRS) of the Library of Congress. As stated in Public Law 91-510 (2 USC 166 (d)(6)), one of the duties of CRS is "to prepare summaries and digests of bills and resolutions of a public general nature introduced in the Senate or House of Representatives". For more information, refer to the User Guide that accompanies this file.</dc:description>
  </dublinCore>
</billStatus>

