<?xml version="1.0" encoding="UTF-8"?>
<billStatus>
  <bill>
    <laws />
    <policyArea>
      <name>Commerce</name>
    </policyArea>
    <recordedVotes />
    <congress>116</congress>
    <billNumber>210</billNumber>
    <relatedBills>
      <item>
        <type>HRES</type>
        <number>339</number>
        <congress>116</congress>
        <latestAction>
          <actionDate>2019-05-01</actionDate>
          <text>Referred to the House Committee on Energy and Commerce.</text>
        </latestAction>
        <latestTitle>Expressing support for the designation of May 15, 2019, as "National Senior Fraud Awareness Day" to raise awareness about the barrage of fraud attempts that seniors face, to encourage the implementation of policies to prevent these scams from happening, and to improve protections from these scams for seniors.</latestTitle>
        <relationshipDetails>
          <item>
            <type>Related bill</type>
            <identifiedBy>CRS</identifiedBy>
          </item>
        </relationshipDetails>
      </item>
    </relatedBills>
    <notes />
    <summaries>
      <billSummaries>
        <item>
          <updateDate>2019-05-14T04:00:00Z</updateDate>
          <actionDate>2019-05-14</actionDate>
          <lastSummaryUpdateDate>2019-08-12T16:15:53Z</lastSummaryUpdateDate>
          <name>Introduced in Senate</name>
          <actionDesc>Introduced in Senate</actionDesc>
          <versionCode>00</versionCode>
          <text><![CDATA[<p>This resolution expresses the support of the House of Representatives for designating National Senior Fraud Awareness Day and encourages the development of policies that help prevent scams targeting older adults.</p>]]></text>
        </item>
        <item>
          <updateDate>2019-05-14T19:45:23Z</updateDate>
          <actionDate>2019-05-14</actionDate>
          <lastSummaryUpdateDate>2019-08-12T16:17:10Z</lastSummaryUpdateDate>
          <name>Passed Senate</name>
          <actionDesc>Passed Senate</actionDesc>
          <versionCode>55</versionCode>
          <text><![CDATA[<p>This resolution expresses the support of the House of Representatives for designating National Senior Fraud Awareness Day and encourages the development of policies that help prevent scams targeting older adults.</p>]]></text>
        </item>
      </billSummaries>
    </summaries>
    <version>1.0.0</version>
    <cboCostEstimates />
    <actions>
      <actionByCounts>
        <senate>3</senate>
      </actionByCounts>
      <item>
        <actionDate>2019-05-14</actionDate>
        <committee />
        <links>
          <link>
            <url>https://www.congress.gov/congressional-record/volume-165/senate-section/page/S2836</url>
            <name>S2836</name>
          </link>
          <link>
            <url>https://www.congress.gov/congressional-record/volume-165/senate-section/page/S2837</url>
            <name>S2837</name>
          </link>
        </links>
        <sourceSystem>
          <code>0</code>
          <name>Senate</name>
        </sourceSystem>
        <text>Submitted in the Senate, considered, and agreed to without amendment and with a preamble by Unanimous Consent. (consideration: CR S2837; text: CR S2836)</text>
        <type>Floor</type>
      </item>
      <item>
        <sourceSystem>
          <code>9</code>
          <name>Library of Congress</name>
        </sourceSystem>
        <actionCode>17000</actionCode>
        <links>
          <link>
            <url>https://www.congress.gov/congressional-record/volume-165/senate-section/page/S2836</url>
            <name>S2836</name>
          </link>
          <link>
            <url>https://www.congress.gov/congressional-record/volume-165/senate-section/page/S2837</url>
            <name>S2837</name>
          </link>
        </links>
        <type>Floor</type>
        <text>Passed/agreed to in Senate: Submitted in the Senate, considered, and agreed to without amendment and with a preamble by Unanimous Consent.(consideration: CR S2837; text: CR S2836)</text>
        <actionDate>2019-05-14</actionDate>
        <committee />
      </item>
      <item>
        <sourceSystem>
          <code>9</code>
          <name>Library of Congress</name>
        </sourceSystem>
        <actionCode>10000</actionCode>
        <links />
        <type>IntroReferral</type>
        <text>Introduced in Senate</text>
        <actionDate>2019-05-14</actionDate>
        <committee />
      </item>
      <actionTypeCounts>
        <introducedInSenate>1</introducedInSenate>
        <passedOrAgreedToInSenateDayOf>1</passedOrAgreedToInSenateDayOf>
        <passedAgreedToInSenate>1</passedAgreedToInSenate>
      </actionTypeCounts>
    </actions>
    <originChamber>Senate</originChamber>
    <sponsors>
      <item>
        <middleName>MARGARET</middleName>
        <bioguideId>C001035</bioguideId>
        <party>R</party>
        <fullName>Sen. Collins, Susan M. [R-ME]</fullName>
        <firstName>SUSAN</firstName>
        <state>ME</state>
        <lastName>COLLINS</lastName>
        <byRequestType />
        <identifiers>
          <lisID>1541</lisID>
          <bioguideId>C001035</bioguideId>
          <gpoId>8291</gpoId>
        </identifiers>
      </item>
    </sponsors>
    <latestAction>
      <links />
      <text>Submitted in the Senate, considered, and agreed to without amendment and with a preamble by Unanimous Consent. (consideration: CR S2837; text: CR S2836)</text>
      <actionDate>2019-05-14</actionDate>
    </latestAction>
    <titles>
      <item>
        <titleType>Official Title as Introduced</titleType>
        <chamberCode />
        <title>A resolution supporting the designation of May 15, 2019, as "National Senior Fraud Awareness Day" to raise awareness about the increasing number of fraudulent schemes targeting seniors in the United States, to encourage the implementation of policies to prevent those schemes, and to improve protections from those schemes for seniors.</title>
        <parentTitleType />
        <chamberName />
      </item>
      <item>
        <titleType>Display Title</titleType>
        <chamberCode />
        <title>A resolution supporting the designation of May 15, 2019, as "National Senior Fraud Awareness Day" to raise awareness about the increasing number of fraudulent schemes targeting seniors in the United States, to encourage the implementation of policies to prevent those schemes, and to improve protections from those schemes for seniors.</title>
        <parentTitleType />
        <chamberName />
      </item>
    </titles>
    <calendarNumbers />
    <textVersions>
      <item>
        <type>Agreed to Senate</type>
        <formats>
          <item>
            <url>https://www.govinfo.gov/content/pkg/BILLS-116sres210ats/xml/BILLS-116sres210ats.xml</url>
          </item>
        </formats>
        <date>2019-05-14T04:00:00Z</date>
      </item>
    </textVersions>
    <title>A resolution supporting the designation of May 15, 2019, as "National Senior Fraud Awareness Day" to raise awareness about the increasing number of fraudulent schemes targeting seniors in the United States, to encourage the implementation of policies to prevent those schemes, and to improve protections from those schemes for seniors.</title>
    <createDate>2019-05-15T04:42:14Z</createDate>
    <subjects>
      <billSubjects>
        <policyArea>
          <name>Commerce</name>
        </policyArea>
        <legislativeSubjects>
          <item>
            <name>Aging</name>
          </item>
          <item>
            <name>Commemorative events and holidays</name>
          </item>
          <item>
            <name>Congressional tributes</name>
          </item>
          <item>
            <name>Consumer affairs</name>
          </item>
          <item>
            <name>Crime prevention</name>
          </item>
          <item>
            <name>Fraud offenses and financial crimes</name>
          </item>
          <item>
            <name>Internet and video services</name>
          </item>
          <item>
            <name>Postal service</name>
          </item>
          <item>
            <name>Telephone and wireless communication</name>
          </item>
        </legislativeSubjects>
      </billSubjects>
    </subjects>
    <introducedDate>2019-05-14</introducedDate>
    <updateDate>2019-08-16T10:41:44Z</updateDate>
    <billType>SRES</billType>
    <cosponsors>
      <item>
        <firstName>Bob</firstName>
        <fullName>Sen. Casey, Robert P., Jr. [D-PA]</fullName>
        <bioguideId>C001070</bioguideId>
        <identifiers>
          <lisID>1828</lisID>
          <gpoId>8282</gpoId>
          <bioguideId>C001070</bioguideId>
        </identifiers>
        <party>D</party>
        <isOriginalCosponsor>True</isOriginalCosponsor>
        <lastName>Casey</lastName>
        <middleName />
        <sponsorshipWithdrawnDate />
        <state>PA</state>
        <sponsorshipDate>2019-05-14</sponsorshipDate>
      </item>
      <item>
        <firstName>Marco</firstName>
        <fullName>Sen. Rubio, Marco [R-FL]</fullName>
        <bioguideId>R000595</bioguideId>
        <identifiers>
          <lisID>2084</lisID>
          <gpoId>8242</gpoId>
          <bioguideId>R000595</bioguideId>
        </identifiers>
        <party>R</party>
        <isOriginalCosponsor>True</isOriginalCosponsor>
        <lastName>Rubio</lastName>
        <middleName />
        <sponsorshipWithdrawnDate />
        <state>FL</state>
        <sponsorshipDate>2019-05-14</sponsorshipDate>
      </item>
      <item>
        <firstName>Doug</firstName>
        <fullName>Sen. Jones, Doug  [D-AL]</fullName>
        <bioguideId>J000300</bioguideId>
        <identifiers>
          <gpoId />
          <bioguideId>J000300</bioguideId>
          <lisID>2364</lisID>
        </identifiers>
        <party>D</party>
        <isOriginalCosponsor>True</isOriginalCosponsor>
        <lastName>Jones</lastName>
        <middleName />
        <sponsorshipWithdrawnDate />
        <state>AL</state>
        <sponsorshipDate>2019-05-14</sponsorshipDate>
      </item>
      <item>
        <firstName>Rick</firstName>
        <fullName>Sen. Scott, Rick  [R-FL]</fullName>
        <bioguideId>S001217</bioguideId>
        <identifiers>
          <bioguideId>S001217</bioguideId>
          <lisID>2470</lisID>
          <gpoId />
        </identifiers>
        <party>R</party>
        <isOriginalCosponsor>True</isOriginalCosponsor>
        <lastName>Scott</lastName>
        <middleName />
        <sponsorshipWithdrawnDate />
        <state>FL</state>
        <sponsorshipDate>2019-05-14</sponsorshipDate>
      </item>
      <item>
        <firstName>Jacklyn</firstName>
        <fullName>Sen. Rosen, Jacky [D-NV]</fullName>
        <bioguideId>R000608</bioguideId>
        <identifiers>
          <gpoId />
          <bioguideId>R000608</bioguideId>
          <lisID>2339</lisID>
        </identifiers>
        <party>D</party>
        <isOriginalCosponsor>True</isOriginalCosponsor>
        <lastName>Rosen</lastName>
        <middleName />
        <sponsorshipWithdrawnDate />
        <state>NV</state>
        <sponsorshipDate>2019-05-14</sponsorshipDate>
      </item>
      <item>
        <firstName>Martha</firstName>
        <fullName>Sen. McSally, Martha [R-AZ]</fullName>
        <bioguideId>M001197</bioguideId>
        <identifiers>
          <gpoId />
          <bioguideId>M001197</bioguideId>
          <lisID>2225</lisID>
        </identifiers>
        <party>R</party>
        <isOriginalCosponsor>True</isOriginalCosponsor>
        <lastName>McSally</lastName>
        <middleName />
        <sponsorshipWithdrawnDate />
        <state>AZ</state>
        <sponsorshipDate>2019-05-14</sponsorshipDate>
      </item>
      <item>
        <firstName>Elizabeth</firstName>
        <fullName>Sen. Warren, Elizabeth [D-MA]</fullName>
        <bioguideId>W000817</bioguideId>
        <identifiers>
          <bioguideId>W000817</bioguideId>
          <lisID>2182</lisID>
          <gpoId />
        </identifiers>
        <party>D</party>
        <isOriginalCosponsor>True</isOriginalCosponsor>
        <lastName>Warren</lastName>
        <middleName>A.</middleName>
        <sponsorshipWithdrawnDate />
        <state>MA</state>
        <sponsorshipDate>2019-05-14</sponsorshipDate>
      </item>
      <item>
        <firstName>Kyrsten</firstName>
        <fullName>Sen. Sinema, Kyrsten [D-AZ]</fullName>
        <bioguideId>S001191</bioguideId>
        <identifiers>
          <gpoId />
          <bioguideId>S001191</bioguideId>
          <lisID>2099</lisID>
        </identifiers>
        <party>D</party>
        <isOriginalCosponsor>True</isOriginalCosponsor>
        <lastName>Sinema</lastName>
        <middleName />
        <sponsorshipWithdrawnDate />
        <state>AZ</state>
        <sponsorshipDate>2019-05-14</sponsorshipDate>
      </item>
    </cosponsors>
    <committeeReports />
    <committees>
      <billCommittees />
    </committees>
    <amendments />
  </bill>
  <dublinCore xmlns:dc="http://purl.org/dc/elements/1.1/">
    <dc:format>text/xml</dc:format>
    <dc:language>EN</dc:language>
    <dc:rights>Pursuant to Title 17 Section 105 of the United States Code, this file is not subject to copyright protection and is in the public domain.</dc:rights>
    <dc:contributor>Congressional Research Service, Library of Congress</dc:contributor>
    <dc:description>This file contains bill summaries and statuses for federal legislation. A bill summary describes the most significant provisions of a piece of legislation and details the effects the legislative text may have on current law and federal programs. Bill summaries are authored by the Congressional Research Service (CRS) of the Library of Congress. As stated in Public Law 91-510 (2 USC 166 (d)(6)), one of the duties of CRS is "to prepare summaries and digests of bills and resolutions of a public general nature introduced in the Senate or House of Representatives". For more information, refer to the User Guide that accompanies this file.</dc:description>
  </dublinCore>
</billStatus>

