<?xml version="1.0" encoding="UTF-8"?>
<billStatus>
  <bill>
    <originChamber>Senate</originChamber>
    <cosponsors>
      <item>
        <firstName>Tammy</firstName>
        <bioguideId>B001230</bioguideId>
        <middleName />
        <state>WI</state>
        <identifiers>
          <lisID>1558</lisID>
          <gpoId>8215</gpoId>
          <bioguideId>B001230</bioguideId>
        </identifiers>
        <sponsorshipWithdrawnDate />
        <party>D</party>
        <lastName>Baldwin</lastName>
        <isOriginalCosponsor>True</isOriginalCosponsor>
        <fullName>Sen. Baldwin, Tammy [D-WI]</fullName>
        <sponsorshipDate>2019-09-24</sponsorshipDate>
      </item>
    </cosponsors>
    <cboCostEstimates />
    <titles>
      <item>
        <titleType>Official Title as Introduced</titleType>
        <parentTitleType />
        <chamberCode />
        <title>A resolution designating September 2019 as "National Spinal Cord Injury Awareness Month".</title>
        <chamberName />
      </item>
      <item>
        <titleType>Display Title</titleType>
        <parentTitleType />
        <chamberCode />
        <title>A resolution designating September 2019 as "National Spinal Cord Injury Awareness Month".</title>
        <chamberName />
      </item>
    </titles>
    <createDate>2019-09-25T04:27:23Z</createDate>
    <subjects>
      <billSubjects>
        <legislativeSubjects>
          <item>
            <name>Commemorative events and holidays</name>
          </item>
          <item>
            <name>Congressional tributes</name>
          </item>
          <item>
            <name>Disability and paralysis</name>
          </item>
          <item>
            <name>Health personnel</name>
          </item>
          <item>
            <name>Medical research</name>
          </item>
          <item>
            <name>Neurological disorders</name>
          </item>
        </legislativeSubjects>
        <policyArea>
          <name>Health</name>
        </policyArea>
      </billSubjects>
    </subjects>
    <notes />
    <summaries>
      <billSummaries />
    </summaries>
    <amendments />
    <title>A resolution designating September 2019 as "National Spinal Cord Injury Awareness Month".</title>
    <updateDate>2019-10-02T04:27:39Z</updateDate>
    <recordedVotes />
    <calendarNumbers />
    <billType>SRES</billType>
    <billNumber>329</billNumber>
    <relatedBills />
    <sponsors>
      <item>
        <state>FL</state>
        <bioguideId>R000595</bioguideId>
        <party>R</party>
        <lastName>Rubio</lastName>
        <firstName>Marco</firstName>
        <fullName>Sen. Rubio, Marco [R-FL]</fullName>
        <byRequestType />
        <middleName />
        <identifiers>
          <lisID>2084</lisID>
          <gpoId>8242</gpoId>
          <bioguideId>R000595</bioguideId>
        </identifiers>
      </item>
    </sponsors>
    <committees>
      <billCommittees />
    </committees>
    <introducedDate>2019-09-24</introducedDate>
    <actions>
      <item>
        <actionDate>2019-09-24</actionDate>
        <committee />
        <links>
          <link>
            <name>S5667</name>
            <url>https://www.congress.gov/congressional-record/volume-165/senate-section/page/S5667</url>
          </link>
          <link>
            <name>S5669-5670</name>
            <url>https://www.congress.gov/congressional-record/volume-165/senate-section/page/S5669-5670</url>
          </link>
        </links>
        <sourceSystem>
          <name>Senate</name>
          <code>0</code>
        </sourceSystem>
        <text>Submitted in the Senate, considered, and agreed to without amendment and with a preamble by Voice Vote. (consideration: CR S5669-5670; text: CR S5667)</text>
        <type>Floor</type>
      </item>
      <item>
        <links>
          <link>
            <name>S5667</name>
            <url>https://www.congress.gov/congressional-record/volume-165/senate-section/page/S5667</url>
          </link>
          <link>
            <name>S5669-5670</name>
            <url>https://www.congress.gov/congressional-record/volume-165/senate-section/page/S5669-5670</url>
          </link>
        </links>
        <committee />
        <actionDate>2019-09-24</actionDate>
        <sourceSystem>
          <name>Library of Congress</name>
          <code>9</code>
        </sourceSystem>
        <type>Floor</type>
        <text>Passed/agreed to in Senate: Submitted in the Senate, considered, and agreed to without amendment and with a preamble by Voice Vote.(consideration: CR S5669-5670; text: CR S5667)</text>
        <actionCode>17000</actionCode>
      </item>
      <item>
        <links />
        <committee />
        <actionDate>2019-09-24</actionDate>
        <sourceSystem>
          <name>Library of Congress</name>
          <code>9</code>
        </sourceSystem>
        <type>IntroReferral</type>
        <text>Introduced in Senate</text>
        <actionCode>10000</actionCode>
      </item>
      <actionByCounts>
        <senate>3</senate>
      </actionByCounts>
      <actionTypeCounts>
        <introducedInSenate>1</introducedInSenate>
        <passedOrAgreedToInSenateDayOf>1</passedOrAgreedToInSenateDayOf>
        <passedAgreedToInSenate>1</passedAgreedToInSenate>
      </actionTypeCounts>
    </actions>
    <policyArea>
      <name>Health</name>
    </policyArea>
    <congress>116</congress>
    <textVersions>
      <item>
        <formats>
          <item>
            <url>https://www.govinfo.gov/content/pkg/BILLS-116sres329ats/xml/BILLS-116sres329ats.xml</url>
          </item>
        </formats>
        <date>2019-09-24T04:00:00Z</date>
        <type>Agreed to Senate</type>
      </item>
    </textVersions>
    <latestAction>
      <actionDate>2019-09-24</actionDate>
      <text>Submitted in the Senate, considered, and agreed to without amendment and with a preamble by Voice Vote. (consideration: CR S5669-5670; text: CR S5667)</text>
      <links />
    </latestAction>
    <version>1.0.0</version>
    <committeeReports />
    <laws />
  </bill>
  <dublinCore xmlns:dc="http://purl.org/dc/elements/1.1/">
    <dc:format>text/xml</dc:format>
    <dc:language>EN</dc:language>
    <dc:rights>Pursuant to Title 17 Section 105 of the United States Code, this file is not subject to copyright protection and is in the public domain.</dc:rights>
    <dc:contributor>Congressional Research Service, Library of Congress</dc:contributor>
    <dc:description>This file contains bill summaries and statuses for federal legislation. A bill summary describes the most significant provisions of a piece of legislation and details the effects the legislative text may have on current law and federal programs. Bill summaries are authored by the Congressional Research Service (CRS) of the Library of Congress. As stated in Public Law 91-510 (2 USC 166 (d)(6)), one of the duties of CRS is "to prepare summaries and digests of bills and resolutions of a public general nature introduced in the Senate or House of Representatives". For more information, refer to the User Guide that accompanies this file.</dc:description>
  </dublinCore>
</billStatus>

