<?xml version="1.0" encoding="UTF-8"?>
<billStatus>
  <bill>
    <notes />
    <actions>
      <item>
        <actionDate>2019-11-12</actionDate>
        <committee>
          <name>Foreign Relations Committee</name>
          <systemCode>ssfr00</systemCode>
        </committee>
        <links>
          <link>
            <name>S6511</name>
            <url>https://www.congress.gov/congressional-record/volume-165/senate-section/page/S6511</url>
          </link>
        </links>
        <sourceSystem>
          <name>Senate</name>
          <code>0</code>
        </sourceSystem>
        <text>Referred to the Committee on Foreign Relations. (text: CR S6511)</text>
        <type>IntroReferral</type>
      </item>
      <item>
        <sourceSystem>
          <name>Library of Congress</name>
          <code>9</code>
        </sourceSystem>
        <links />
        <text>Introduced in Senate</text>
        <actionCode>10000</actionCode>
        <committee />
        <type>IntroReferral</type>
        <actionDate>2019-11-12</actionDate>
      </item>
      <actionTypeCounts>
        <introducedInSenate>1</introducedInSenate>
        <referredToCommittee>1</referredToCommittee>
      </actionTypeCounts>
      <actionByCounts>
        <senate>2</senate>
      </actionByCounts>
    </actions>
    <subjects>
      <billSubjects>
        <policyArea>
          <name>International Affairs</name>
        </policyArea>
        <legislativeSubjects>
          <item>
            <name>Asia</name>
          </item>
          <item>
            <name>Conflicts and wars</name>
          </item>
          <item>
            <name>Criminal investigation, prosecution, interrogation</name>
          </item>
          <item>
            <name>Detention of persons</name>
          </item>
          <item>
            <name>Diplomacy, foreign officials, Americans abroad</name>
          </item>
          <item>
            <name>Europe</name>
          </item>
          <item>
            <name>Human rights</name>
          </item>
          <item>
            <name>Internet and video services</name>
          </item>
          <item>
            <name>Middle East</name>
          </item>
          <item>
            <name>Military operations and strategy</name>
          </item>
          <item>
            <name>News media and reporting</name>
          </item>
          <item>
            <name>Protest and dissent</name>
          </item>
          <item>
            <name>Sovereignty, recognition, national governance and status</name>
          </item>
          <item>
            <name>Syria</name>
          </item>
          <item>
            <name>Turkey</name>
          </item>
        </legislativeSubjects>
      </billSubjects>
    </subjects>
    <cosponsors>
      <item>
        <party>D</party>
        <middleName />
        <identifiers>
          <bioguideId>V000128</bioguideId>
          <gpoId>7983</gpoId>
          <lisID>1729</lisID>
        </identifiers>
        <isOriginalCosponsor>True</isOriginalCosponsor>
        <sponsorshipDate>2019-11-12</sponsorshipDate>
        <bioguideId>V000128</bioguideId>
        <state>MD</state>
        <fullName>Sen. Van Hollen, Chris [D-MD]</fullName>
        <firstName>Chris</firstName>
        <lastName>Van Hollen</lastName>
        <sponsorshipWithdrawnDate />
      </item>
      <item>
        <party>D</party>
        <middleName>JOSEPH</middleName>
        <identifiers>
          <gpoId>8244</gpoId>
          <lisID>1383</lisID>
          <bioguideId>L000174</bioguideId>
        </identifiers>
        <isOriginalCosponsor>True</isOriginalCosponsor>
        <sponsorshipDate>2019-11-12</sponsorshipDate>
        <bioguideId>L000174</bioguideId>
        <state>VT</state>
        <fullName>Sen. Leahy, Patrick J. [D-VT]</fullName>
        <firstName>PATRICK</firstName>
        <lastName>LEAHY</lastName>
        <sponsorshipWithdrawnDate />
      </item>
      <item>
        <party>D</party>
        <middleName />
        <identifiers>
          <lisID>2176</lisID>
          <gpoId />
          <bioguideId>K000384</bioguideId>
        </identifiers>
        <isOriginalCosponsor>True</isOriginalCosponsor>
        <sponsorshipDate>2019-11-12</sponsorshipDate>
        <bioguideId>K000384</bioguideId>
        <state>VA</state>
        <fullName>Sen. Kaine, Tim [D-VA]</fullName>
        <firstName>Timothy</firstName>
        <lastName>Kaine</lastName>
        <sponsorshipWithdrawnDate />
      </item>
      <item>
        <party>D</party>
        <middleName />
        <identifiers>
          <gpoId>8265</gpoId>
          <lisID>1247</lisID>
          <bioguideId>W000779</bioguideId>
        </identifiers>
        <isOriginalCosponsor>True</isOriginalCosponsor>
        <sponsorshipDate>2019-11-12</sponsorshipDate>
        <bioguideId>W000779</bioguideId>
        <state>OR</state>
        <fullName>Sen. Wyden, Ron [D-OR]</fullName>
        <firstName>RON</firstName>
        <lastName>WYDEN</lastName>
        <sponsorshipWithdrawnDate />
      </item>
      <item>
        <party>D</party>
        <middleName />
        <identifiers>
          <bioguideId>D000622</bioguideId>
          <gpoId />
          <lisID>2123</lisID>
        </identifiers>
        <isOriginalCosponsor>True</isOriginalCosponsor>
        <sponsorshipDate>2019-11-12</sponsorshipDate>
        <bioguideId>D000622</bioguideId>
        <state>IL</state>
        <fullName>Sen. Duckworth, Tammy [D-IL]</fullName>
        <firstName>Tammy</firstName>
        <lastName>Duckworth</lastName>
        <sponsorshipWithdrawnDate />
      </item>
      <item>
        <party>D</party>
        <middleName>J.</middleName>
        <identifiers>
          <lisID>735</lisID>
          <gpoId>7972</gpoId>
          <bioguideId>M000133</bioguideId>
        </identifiers>
        <isOriginalCosponsor>True</isOriginalCosponsor>
        <sponsorshipDate>2019-11-12</sponsorshipDate>
        <bioguideId>M000133</bioguideId>
        <state>MA</state>
        <fullName>Sen. Markey, Edward J. [D-MA]</fullName>
        <firstName>EDWARD</firstName>
        <lastName>MARKEY</lastName>
        <sponsorshipWithdrawnDate />
      </item>
      <item>
        <party>R</party>
        <middleName />
        <identifiers>
          <gpoId>8242</gpoId>
          <lisID>2084</lisID>
          <bioguideId>R000595</bioguideId>
        </identifiers>
        <isOriginalCosponsor>True</isOriginalCosponsor>
        <sponsorshipDate>2019-11-12</sponsorshipDate>
        <bioguideId>R000595</bioguideId>
        <state>FL</state>
        <fullName>Sen. Rubio, Marco [R-FL]</fullName>
        <firstName>Marco</firstName>
        <lastName>Rubio</lastName>
        <sponsorshipWithdrawnDate />
      </item>
      <item>
        <party>D</party>
        <middleName />
        <identifiers>
          <lisID>2076</lisID>
          <gpoId>8332</gpoId>
          <bioguideId>B001277</bioguideId>
        </identifiers>
        <isOriginalCosponsor>True</isOriginalCosponsor>
        <sponsorshipDate>2019-11-12</sponsorshipDate>
        <bioguideId>B001277</bioguideId>
        <state>CT</state>
        <fullName>Sen. Blumenthal, Richard [D-CT]</fullName>
        <firstName>Richard</firstName>
        <lastName>Blumenthal</lastName>
        <sponsorshipWithdrawnDate />
      </item>
      <item>
        <party>R</party>
        <middleName />
        <identifiers>
          <bioguideId>A000360</bioguideId>
          <gpoId>8304</gpoId>
          <lisID>1695</lisID>
        </identifiers>
        <isOriginalCosponsor>False</isOriginalCosponsor>
        <sponsorshipDate>2019-11-19</sponsorshipDate>
        <bioguideId>A000360</bioguideId>
        <state>TN</state>
        <fullName>Sen. Alexander, Lamar [R-TN]</fullName>
        <firstName>Lamar</firstName>
        <lastName>Alexander</lastName>
        <sponsorshipWithdrawnDate />
      </item>
    </cosponsors>
    <billNumber>418</billNumber>
    <createDate>2019-11-13T05:27:29Z</createDate>
    <policyArea>
      <name>International Affairs</name>
    </policyArea>
    <summaries>
      <billSummaries />
    </summaries>
    <titles>
      <item>
        <title>A resolution expressing the sense of the Senate regarding the Government of Turkey's crackdown on dissent related to its incursion into northeast Syria, and broader human rights violations.</title>
        <parentTitleType />
        <chamberName />
        <titleType>Official Title as Introduced</titleType>
        <chamberCode />
      </item>
      <item>
        <title>A resolution expressing the sense of the Senate regarding the Government of Turkey's crackdown on dissent related to its incursion into northeast Syria, and broader human rights violations.</title>
        <parentTitleType />
        <chamberName />
        <titleType>Display Title</titleType>
        <chamberCode />
      </item>
    </titles>
    <relatedBills />
    <sponsors>
      <item>
        <fullName>Sen. Blackburn, Marsha [R-TN]</fullName>
        <party>R</party>
        <middleName />
        <lastName>Blackburn</lastName>
        <state>TN</state>
        <bioguideId>B001243</bioguideId>
        <identifiers>
          <gpoId>8154</gpoId>
          <lisID>1748</lisID>
          <bioguideId>B001243</bioguideId>
        </identifiers>
        <firstName>Marsha</firstName>
        <byRequestType />
      </item>
    </sponsors>
    <calendarNumbers />
    <recordedVotes />
    <congress>116</congress>
    <latestAction>
      <actionDate>2019-11-12</actionDate>
      <links />
      <text>Referred to the Committee on Foreign Relations. (text: CR S6511)</text>
    </latestAction>
    <amendments />
    <billType>SRES</billType>
    <originChamber>Senate</originChamber>
    <committeeReports />
    <updateDate>2019-11-26T21:00:36Z</updateDate>
    <textVersions>
      <item>
        <date>2019-11-12T05:00:00Z</date>
        <formats>
          <item>
            <url>https://www.govinfo.gov/content/pkg/BILLS-116sres418is/xml/BILLS-116sres418is.xml</url>
          </item>
        </formats>
        <type>Introduced in Senate</type>
      </item>
    </textVersions>
    <cboCostEstimates />
    <committees>
      <billCommittees>
        <item>
          <type>Standing</type>
          <name>Foreign Relations Committee</name>
          <subcommittees />
          <systemCode>ssfr00</systemCode>
          <chamber>Senate</chamber>
          <activities>
            <item>
              <date>2019-11-12T23:24:42Z</date>
              <name>Referred to</name>
            </item>
          </activities>
        </item>
      </billCommittees>
    </committees>
    <title>A resolution expressing the sense of the Senate regarding the Government of Turkey's crackdown on dissent related to its incursion into northeast Syria, and broader human rights violations.</title>
    <laws />
    <introducedDate>2019-11-12</introducedDate>
    <version>1.0.0</version>
  </bill>
  <dublinCore xmlns:dc="http://purl.org/dc/elements/1.1/">
    <dc:format>text/xml</dc:format>
    <dc:language>EN</dc:language>
    <dc:rights>Pursuant to Title 17 Section 105 of the United States Code, this file is not subject to copyright protection and is in the public domain.</dc:rights>
    <dc:contributor>Congressional Research Service, Library of Congress</dc:contributor>
    <dc:description>This file contains bill summaries and statuses for federal legislation. A bill summary describes the most significant provisions of a piece of legislation and details the effects the legislative text may have on current law and federal programs. Bill summaries are authored by the Congressional Research Service (CRS) of the Library of Congress. As stated in Public Law 91-510 (2 USC 166 (d)(6)), one of the duties of CRS is "to prepare summaries and digests of bills and resolutions of a public general nature introduced in the Senate or House of Representatives". For more information, refer to the User Guide that accompanies this file.</dc:description>
  </dublinCore>
</billStatus>

