<?xml version="1.0" encoding="UTF-8"?>
<billStatus>
  <bill>
    <version>1.0.0</version>
    <cboCostEstimates />
    <relatedBills />
    <amendments />
    <summaries>
      <billSummaries>
        <item>
          <actionDate>2019-02-07</actionDate>
          <versionCode>00</versionCode>
          <name>Introduced in Senate</name>
          <updateDate>2019-02-07T05:00:00Z</updateDate>
          <lastSummaryUpdateDate>2019-04-04T22:30:46Z</lastSummaryUpdateDate>
          <actionDesc>Introduced in Senate</actionDesc>
          <text><![CDATA[<p>This resolution authorizes expenditures by the Senate Special Committee on Aging for the 116th Congress.</p>]]></text>
        </item>
        <item>
          <actionDate>2019-02-07</actionDate>
          <versionCode>25</versionCode>
          <name>Reported to Senate</name>
          <updateDate>2019-02-07T21:58:56Z</updateDate>
          <lastSummaryUpdateDate>2019-04-04T22:30:40Z</lastSummaryUpdateDate>
          <actionDesc>Reported to Senate</actionDesc>
          <text><![CDATA[<p>This resolution authorizes expenditures by the Senate Special Committee on Aging for the 116th Congress.</p>]]></text>
        </item>
      </billSummaries>
    </summaries>
    <policyArea>
      <name>Congress</name>
    </policyArea>
    <sponsors>
      <item>
        <firstName>SUSAN</firstName>
        <middleName>MARGARET</middleName>
        <state>ME</state>
        <bioguideId>C001035</bioguideId>
        <identifiers>
          <bioguideId>C001035</bioguideId>
          <gpoId>8291</gpoId>
          <lisID>1541</lisID>
        </identifiers>
        <fullName>Sen. Collins, Susan M. [R-ME]</fullName>
        <party>R</party>
        <lastName>COLLINS</lastName>
        <byRequestType />
      </item>
    </sponsors>
    <notes />
    <billNumber>58</billNumber>
    <updateDate>2019-11-15T21:43:39Z</updateDate>
    <titles>
      <item>
        <title>An original resolution authorizing expenditures by the Special Committee on Aging.</title>
        <parentTitleType />
        <titleType>Official Title as Introduced</titleType>
        <chamberName />
        <chamberCode />
      </item>
      <item>
        <title>An original resolution authorizing expenditures by the Special Committee on Aging.</title>
        <parentTitleType />
        <titleType>Display Title</titleType>
        <chamberName />
        <chamberCode />
      </item>
    </titles>
    <createDate>2019-02-08T05:55:23Z</createDate>
    <title>An original resolution authorizing expenditures by the Special Committee on Aging.</title>
    <textVersions>
      <item>
        <type>Introduced in Senate</type>
        <formats>
          <item>
            <url>https://www.govinfo.gov/content/pkg/BILLS-116sres58is/xml/BILLS-116sres58is.xml</url>
          </item>
        </formats>
        <date>2019-02-07T05:00:00Z</date>
      </item>
    </textVersions>
    <recordedVotes />
    <calendarNumbers />
    <committeeReports />
    <congress>116</congress>
    <latestAction>
      <actionDate>2019-02-07</actionDate>
      <links />
      <text>Referred to the Committee on Rules and Administration. (text: CR S1140)</text>
    </latestAction>
    <actions>
      <actionByCounts>
        <senate>4</senate>
      </actionByCounts>
      <actionTypeCounts>
        <originalBillReported>1</originalBillReported>
        <referredToCommittee>1</referredToCommittee>
        <introducedInSenate>1</introducedInSenate>
        <reportedToSenate>1</reportedToSenate>
      </actionTypeCounts>
      <item>
        <actionDate>2019-02-07</actionDate>
        <committee>
          <name>Rules and Administration Committee</name>
          <systemCode>ssra00</systemCode>
        </committee>
        <links>
          <link>
            <name>S1140</name>
            <url>https://www.congress.gov/congressional-record/volume-165/senate-section/page/S1140</url>
          </link>
        </links>
        <sourceSystem>
          <code>0</code>
          <name>Senate</name>
        </sourceSystem>
        <text>Referred to the Committee on Rules and Administration. (text: CR S1140)</text>
        <type>IntroReferral</type>
      </item>
      <item>
        <actionDate>2019-02-07</actionDate>
        <committee>
          <name>Aging Committee</name>
          <systemCode>spag00</systemCode>
        </committee>
        <links />
        <sourceSystem>
          <code>0</code>
          <name>Senate</name>
        </sourceSystem>
        <text>Special Committee on Aging. Original measure reported to Senate by Senator Collins. Without written report.</text>
        <type>Committee</type>
      </item>
      <item>
        <type>Committee</type>
        <actionDate>2019-02-07</actionDate>
        <sourceSystem>
          <code>9</code>
          <name>Library of Congress</name>
        </sourceSystem>
        <text>Special Committee on Aging. Original measure reported to Senate by Senator Collins. Without written report.</text>
        <links />
        <actionCode>14000</actionCode>
        <committee>
          <name>Aging Committee</name>
          <systemCode>spag00</systemCode>
        </committee>
      </item>
      <item>
        <type>IntroReferral</type>
        <actionDate>2019-02-07</actionDate>
        <actionCode>10000</actionCode>
        <text>Introduced in Senate</text>
        <links />
        <sourceSystem>
          <code>9</code>
          <name>Library of Congress</name>
        </sourceSystem>
        <committee />
      </item>
    </actions>
    <originChamber>Senate</originChamber>
    <committees>
      <billCommittees>
        <item>
          <type>Standing</type>
          <name>Rules and Administration Committee</name>
          <activities>
            <item>
              <date>2019-02-07T21:59:15Z</date>
              <name>Referred to</name>
            </item>
          </activities>
          <subcommittees />
          <systemCode>ssra00</systemCode>
          <chamber>Senate</chamber>
        </item>
        <item>
          <type>Special</type>
          <name>Aging Committee</name>
          <activities>
            <item>
              <date>2019-02-07T21:58:56Z</date>
              <name>Reported original measure</name>
            </item>
          </activities>
          <subcommittees />
          <systemCode>spag00</systemCode>
          <chamber>Senate</chamber>
        </item>
      </billCommittees>
    </committees>
    <introducedDate>2019-02-07</introducedDate>
    <subjects>
      <billSubjects>
        <policyArea>
          <name>Congress</name>
        </policyArea>
        <legislativeSubjects>
          <item>
            <name>Congressional committees</name>
          </item>
          <item>
            <name>Senate Special Committee on Aging</name>
          </item>
        </legislativeSubjects>
      </billSubjects>
    </subjects>
    <cosponsors />
    <billType>SRES</billType>
    <laws />
  </bill>
  <dublinCore xmlns:dc="http://purl.org/dc/elements/1.1/">
    <dc:format>text/xml</dc:format>
    <dc:language>EN</dc:language>
    <dc:rights>Pursuant to Title 17 Section 105 of the United States Code, this file is not subject to copyright protection and is in the public domain.</dc:rights>
    <dc:contributor>Congressional Research Service, Library of Congress</dc:contributor>
    <dc:description>This file contains bill summaries and statuses for federal legislation. A bill summary describes the most significant provisions of a piece of legislation and details the effects the legislative text may have on current law and federal programs. Bill summaries are authored by the Congressional Research Service (CRS) of the Library of Congress. As stated in Public Law 91-510 (2 USC 166 (d)(6)), one of the duties of CRS is "to prepare summaries and digests of bills and resolutions of a public general nature introduced in the Senate or House of Representatives". For more information, refer to the User Guide that accompanies this file.</dc:description>
  </dublinCore>
</billStatus>

