<?xml version="1.0" encoding="UTF-8"?>
<billStatus>
  <bill>
    <introducedDate>2019-06-10</introducedDate>
    <latestAction>
      <text>Submitted in the Senate, considered, and agreed to without amendment and with a preamble by Voice Vote. (consideration: CR S3297; text: CR S3292-3293)</text>
      <actionDate>2019-06-10</actionDate>
      <links />
    </latestAction>
    <summaries>
      <billSummaries>
        <item>
          <updateDate>2019-06-10T04:00:00Z</updateDate>
          <versionCode>00</versionCode>
          <actionDesc>Introduced in Senate</actionDesc>
          <text><![CDATA[<p>This resolution dedicates May 2019 as Older Americans Month, and encourages the United States to provide opportunities for older individuals to continue to flourish.</p>]]></text>
          <actionDate>2019-06-10</actionDate>
          <lastSummaryUpdateDate>2019-06-21T13:49:59Z</lastSummaryUpdateDate>
          <name>Introduced in Senate</name>
        </item>
        <item>
          <updateDate>2019-06-10T13:32:31Z</updateDate>
          <versionCode>55</versionCode>
          <actionDesc>Passed Senate</actionDesc>
          <text><![CDATA[<p>This resolution dedicates May 2019 as Older Americans Month, and encourages the United States to provide opportunities for older individuals to continue to flourish.</p>]]></text>
          <actionDate>2019-06-10</actionDate>
          <lastSummaryUpdateDate>2019-06-24T16:32:42Z</lastSummaryUpdateDate>
          <name>Passed Senate</name>
        </item>
      </billSummaries>
    </summaries>
    <subjects>
      <billSubjects>
        <legislativeSubjects>
          <item>
            <name>Aging</name>
          </item>
          <item>
            <name>Commemorative events and holidays</name>
          </item>
        </legislativeSubjects>
        <policyArea>
          <name>Social Welfare</name>
        </policyArea>
      </billSubjects>
    </subjects>
    <relatedBills />
    <textVersions>
      <item>
        <date>2019-06-10T04:00:00Z</date>
        <type>Agreed to Senate</type>
        <formats>
          <item>
            <url>https://www.govinfo.gov/content/pkg/BILLS-116sres241ats/xml/BILLS-116sres241ats.xml</url>
          </item>
        </formats>
      </item>
    </textVersions>
    <notes />
    <billNumber>241</billNumber>
    <createDate>2019-06-11T04:42:09Z</createDate>
    <amendments />
    <originChamber>Senate</originChamber>
    <title>A resolution designating May 2019 as "Older Americans Month".</title>
    <committeeReports />
    <calendarNumbers />
    <version>1.0.0</version>
    <titles>
      <item>
        <parentTitleType />
        <title>A resolution designating May 2019 as "Older Americans Month".</title>
        <titleType>Official Title as Introduced</titleType>
        <chamberCode />
        <chamberName />
      </item>
      <item>
        <parentTitleType />
        <title>A resolution designating May 2019 as "Older Americans Month".</title>
        <titleType>Display Title</titleType>
        <chamberCode />
        <chamberName />
      </item>
    </titles>
    <policyArea>
      <name>Social Welfare</name>
    </policyArea>
    <cboCostEstimates />
    <sponsors>
      <item>
        <lastName>COLLINS</lastName>
        <fullName>Sen. Collins, Susan M. [R-ME]</fullName>
        <party>R</party>
        <byRequestType />
        <firstName>SUSAN</firstName>
        <state>ME</state>
        <identifiers>
          <lisID>1541</lisID>
          <bioguideId>C001035</bioguideId>
          <gpoId>8291</gpoId>
        </identifiers>
        <bioguideId>C001035</bioguideId>
        <middleName>MARGARET</middleName>
      </item>
    </sponsors>
    <cosponsors>
      <item>
        <fullName>Sen. Casey, Robert P., Jr. [D-PA]</fullName>
        <firstName>Bob</firstName>
        <identifiers>
          <lisID>1828</lisID>
          <bioguideId>C001070</bioguideId>
          <gpoId>8282</gpoId>
        </identifiers>
        <bioguideId>C001070</bioguideId>
        <middleName />
        <lastName>Casey</lastName>
        <party>D</party>
        <state>PA</state>
        <isOriginalCosponsor>True</isOriginalCosponsor>
        <sponsorshipWithdrawnDate />
        <sponsorshipDate>2019-06-10</sponsorshipDate>
      </item>
      <item>
        <fullName>Sen. Burr, Richard [R-NC]</fullName>
        <firstName>RICHARD</firstName>
        <identifiers>
          <lisID>153</lisID>
          <gpoId>8286</gpoId>
          <bioguideId>B001135</bioguideId>
        </identifiers>
        <bioguideId>B001135</bioguideId>
        <middleName />
        <lastName>BURR</lastName>
        <party>R</party>
        <state>NC</state>
        <isOriginalCosponsor>True</isOriginalCosponsor>
        <sponsorshipWithdrawnDate />
        <sponsorshipDate>2019-06-10</sponsorshipDate>
      </item>
      <item>
        <fullName>Sen. Gillibrand, Kirsten E. [D-NY]</fullName>
        <firstName>Kirsten</firstName>
        <identifiers>
          <lisID>1866</lisID>
          <gpoId>8336</gpoId>
          <bioguideId>G000555</bioguideId>
        </identifiers>
        <bioguideId>G000555</bioguideId>
        <middleName>E.</middleName>
        <lastName>Gillibrand</lastName>
        <party>D</party>
        <state>NY</state>
        <isOriginalCosponsor>True</isOriginalCosponsor>
        <sponsorshipWithdrawnDate />
        <sponsorshipDate>2019-06-10</sponsorshipDate>
      </item>
      <item>
        <fullName>Sen. Rubio, Marco [R-FL]</fullName>
        <firstName>Marco</firstName>
        <identifiers>
          <lisID>2084</lisID>
          <bioguideId>R000595</bioguideId>
          <gpoId>8242</gpoId>
        </identifiers>
        <bioguideId>R000595</bioguideId>
        <middleName />
        <lastName>Rubio</lastName>
        <party>R</party>
        <state>FL</state>
        <isOriginalCosponsor>True</isOriginalCosponsor>
        <sponsorshipWithdrawnDate />
        <sponsorshipDate>2019-06-10</sponsorshipDate>
      </item>
      <item>
        <fullName>Sen. Blumenthal, Richard [D-CT]</fullName>
        <firstName>Richard</firstName>
        <identifiers>
          <lisID>2076</lisID>
          <bioguideId>B001277</bioguideId>
          <gpoId>8332</gpoId>
        </identifiers>
        <bioguideId>B001277</bioguideId>
        <middleName />
        <lastName>Blumenthal</lastName>
        <party>D</party>
        <state>CT</state>
        <isOriginalCosponsor>True</isOriginalCosponsor>
        <sponsorshipWithdrawnDate />
        <sponsorshipDate>2019-06-10</sponsorshipDate>
      </item>
      <item>
        <fullName>Sen. Scott, Tim [R-SC]</fullName>
        <firstName>Tim</firstName>
        <identifiers>
          <bioguideId>S001184</bioguideId>
          <lisID>2056</lisID>
          <gpoId>8141</gpoId>
        </identifiers>
        <bioguideId>S001184</bioguideId>
        <middleName />
        <lastName>Scott</lastName>
        <party>R</party>
        <state>SC</state>
        <isOriginalCosponsor>True</isOriginalCosponsor>
        <sponsorshipWithdrawnDate />
        <sponsorshipDate>2019-06-10</sponsorshipDate>
      </item>
      <item>
        <fullName>Sen. Warren, Elizabeth [D-MA]</fullName>
        <firstName>Elizabeth</firstName>
        <identifiers>
          <lisID>2182</lisID>
          <bioguideId>W000817</bioguideId>
          <gpoId />
        </identifiers>
        <bioguideId>W000817</bioguideId>
        <middleName>A.</middleName>
        <lastName>Warren</lastName>
        <party>D</party>
        <state>MA</state>
        <isOriginalCosponsor>True</isOriginalCosponsor>
        <sponsorshipWithdrawnDate />
        <sponsorshipDate>2019-06-10</sponsorshipDate>
      </item>
      <item>
        <fullName>Sen. Braun, Mike  [R-IN]</fullName>
        <firstName>Mike</firstName>
        <identifiers>
          <lisID>2462</lisID>
          <bioguideId>B001310</bioguideId>
          <gpoId />
        </identifiers>
        <bioguideId>B001310</bioguideId>
        <middleName />
        <lastName>Braun</lastName>
        <party>R</party>
        <state>IN</state>
        <isOriginalCosponsor>True</isOriginalCosponsor>
        <sponsorshipWithdrawnDate />
        <sponsorshipDate>2019-06-10</sponsorshipDate>
      </item>
      <item>
        <fullName>Sen. Jones, Doug  [D-AL]</fullName>
        <firstName>Doug</firstName>
        <identifiers>
          <lisID>2364</lisID>
          <bioguideId>J000300</bioguideId>
          <gpoId />
        </identifiers>
        <bioguideId>J000300</bioguideId>
        <middleName />
        <lastName>Jones</lastName>
        <party>D</party>
        <state>AL</state>
        <isOriginalCosponsor>True</isOriginalCosponsor>
        <sponsorshipWithdrawnDate />
        <sponsorshipDate>2019-06-10</sponsorshipDate>
      </item>
      <item>
        <fullName>Sen. Hawley, Josh  [R-MO]</fullName>
        <firstName>Josh</firstName>
        <identifiers>
          <lisID>2464</lisID>
          <bioguideId>H001089</bioguideId>
          <gpoId />
        </identifiers>
        <bioguideId>H001089</bioguideId>
        <middleName />
        <lastName>Hawley</lastName>
        <party>R</party>
        <state>MO</state>
        <isOriginalCosponsor>True</isOriginalCosponsor>
        <sponsorshipWithdrawnDate />
        <sponsorshipDate>2019-06-10</sponsorshipDate>
      </item>
      <item>
        <fullName>Sen. Rosen, Jacky [D-NV]</fullName>
        <firstName>Jacklyn</firstName>
        <identifiers>
          <bioguideId>R000608</bioguideId>
          <lisID>2339</lisID>
          <gpoId />
        </identifiers>
        <bioguideId>R000608</bioguideId>
        <middleName />
        <lastName>Rosen</lastName>
        <party>D</party>
        <state>NV</state>
        <isOriginalCosponsor>True</isOriginalCosponsor>
        <sponsorshipWithdrawnDate />
        <sponsorshipDate>2019-06-10</sponsorshipDate>
      </item>
      <item>
        <fullName>Sen. McSally, Martha [R-AZ]</fullName>
        <firstName>Martha</firstName>
        <identifiers>
          <bioguideId>M001197</bioguideId>
          <lisID>2225</lisID>
          <gpoId />
        </identifiers>
        <bioguideId>M001197</bioguideId>
        <middleName />
        <lastName>McSally</lastName>
        <party>R</party>
        <state>AZ</state>
        <isOriginalCosponsor>True</isOriginalCosponsor>
        <sponsorshipWithdrawnDate />
        <sponsorshipDate>2019-06-10</sponsorshipDate>
      </item>
      <item>
        <fullName>Sen. Sinema, Kyrsten [D-AZ]</fullName>
        <firstName>Kyrsten</firstName>
        <identifiers>
          <lisID>2099</lisID>
          <gpoId />
          <bioguideId>S001191</bioguideId>
        </identifiers>
        <bioguideId>S001191</bioguideId>
        <middleName />
        <lastName>Sinema</lastName>
        <party>D</party>
        <state>AZ</state>
        <isOriginalCosponsor>True</isOriginalCosponsor>
        <sponsorshipWithdrawnDate />
        <sponsorshipDate>2019-06-10</sponsorshipDate>
      </item>
      <item>
        <fullName>Sen. Scott, Rick  [R-FL]</fullName>
        <firstName>Rick</firstName>
        <identifiers>
          <bioguideId>S001217</bioguideId>
          <lisID>2470</lisID>
          <gpoId />
        </identifiers>
        <bioguideId>S001217</bioguideId>
        <middleName />
        <lastName>Scott</lastName>
        <party>R</party>
        <state>FL</state>
        <isOriginalCosponsor>True</isOriginalCosponsor>
        <sponsorshipWithdrawnDate />
        <sponsorshipDate>2019-06-10</sponsorshipDate>
      </item>
    </cosponsors>
    <recordedVotes />
    <committees>
      <billCommittees />
    </committees>
    <actions>
      <actionByCounts>
        <senate>3</senate>
      </actionByCounts>
      <item>
        <actionDate>2019-06-10</actionDate>
        <committee />
        <links>
          <link>
            <url>https://www.congress.gov/congressional-record/volume-165/senate-section/page/S3292-3293</url>
            <name>S3292-3293</name>
          </link>
          <link>
            <url>https://www.congress.gov/congressional-record/volume-165/senate-section/page/S3297</url>
            <name>S3297</name>
          </link>
        </links>
        <sourceSystem>
          <code>0</code>
          <name>Senate</name>
        </sourceSystem>
        <text>Submitted in the Senate, considered, and agreed to without amendment and with a preamble by Voice Vote. (consideration: CR S3297; text: CR S3292-3293)</text>
        <type>Floor</type>
      </item>
      <item>
        <sourceSystem>
          <code>9</code>
          <name>Library of Congress</name>
        </sourceSystem>
        <type>Floor</type>
        <text>Passed/agreed to in Senate: Submitted in the Senate, considered, and agreed to without amendment and with a preamble by Voice Vote.(consideration: CR S3297; text: CR S3292-3293)</text>
        <actionDate>2019-06-10</actionDate>
        <links>
          <link>
            <url>https://www.congress.gov/congressional-record/volume-165/senate-section/page/S3292-3293</url>
            <name>S3292-3293</name>
          </link>
          <link>
            <url>https://www.congress.gov/congressional-record/volume-165/senate-section/page/S3297</url>
            <name>S3297</name>
          </link>
        </links>
        <actionCode>17000</actionCode>
        <committee />
      </item>
      <item>
        <sourceSystem>
          <code>9</code>
          <name>Library of Congress</name>
        </sourceSystem>
        <type>IntroReferral</type>
        <text>Introduced in Senate</text>
        <actionDate>2019-06-10</actionDate>
        <links />
        <actionCode>10000</actionCode>
        <committee />
      </item>
      <actionTypeCounts>
        <passedAgreedToInSenate>1</passedAgreedToInSenate>
        <passedOrAgreedToInSenateDayOf>1</passedOrAgreedToInSenateDayOf>
        <introducedInSenate>1</introducedInSenate>
      </actionTypeCounts>
    </actions>
    <billType>SRES</billType>
    <laws />
    <congress>116</congress>
    <updateDate>2019-11-05T13:35:01Z</updateDate>
  </bill>
  <dublinCore xmlns:dc="http://purl.org/dc/elements/1.1/">
    <dc:format>text/xml</dc:format>
    <dc:language>EN</dc:language>
    <dc:rights>Pursuant to Title 17 Section 105 of the United States Code, this file is not subject to copyright protection and is in the public domain.</dc:rights>
    <dc:contributor>Congressional Research Service, Library of Congress</dc:contributor>
    <dc:description>This file contains bill summaries and statuses for federal legislation. A bill summary describes the most significant provisions of a piece of legislation and details the effects the legislative text may have on current law and federal programs. Bill summaries are authored by the Congressional Research Service (CRS) of the Library of Congress. As stated in Public Law 91-510 (2 USC 166 (d)(6)), one of the duties of CRS is "to prepare summaries and digests of bills and resolutions of a public general nature introduced in the Senate or House of Representatives". For more information, refer to the User Guide that accompanies this file.</dc:description>
  </dublinCore>
</billStatus>

