<?xml version="1.0" encoding="UTF-8"?>
<billStatus>
  <bill>
    <policyArea>
      <name>Arts, Culture, Religion</name>
    </policyArea>
    <version>1.0.0</version>
    <recordedVotes />
    <amendments />
    <relatedBills>
      <item>
        <congress>116</congress>
        <latestTitle>Recognizing the significance of Asian/Pacific American Heritage Month in May as an important time to celebrate the significant contributions of Asian Americans and Pacific Islanders to the history of the United States.</latestTitle>
        <relationshipDetails>
          <item>
            <identifiedBy>CRS</identifiedBy>
            <type>Identical bill</type>
          </item>
        </relationshipDetails>
        <number>401</number>
        <latestAction>
          <actionDate>2019-05-23</actionDate>
          <text>Referred to the House Committee on Oversight and Reform.</text>
        </latestAction>
        <type>HRES</type>
      </item>
    </relatedBills>
    <billNumber>218</billNumber>
    <subjects>
      <billSubjects>
        <policyArea>
          <name>Arts, Culture, Religion</name>
        </policyArea>
        <legislativeSubjects>
          <item>
            <name>Asia</name>
          </item>
          <item>
            <name>Commemorative events and holidays</name>
          </item>
          <item>
            <name>Congressional tributes</name>
          </item>
          <item>
            <name>Racial and ethnic relations</name>
          </item>
          <item>
            <name>U.S. history</name>
          </item>
        </legislativeSubjects>
      </billSubjects>
    </subjects>
    <textVersions>
      <item>
        <type>Introduced in Senate</type>
        <formats>
          <item>
            <url>https://www.govinfo.gov/content/pkg/BILLS-116sres218is/xml/BILLS-116sres218is.xml</url>
          </item>
        </formats>
        <date>2019-05-22T04:00:00Z</date>
      </item>
    </textVersions>
    <summaries>
      <billSummaries>
        <item>
          <text><![CDATA[<p>This resolution recognizes the significance of Asian/Pacific American Heritage Month as an important time to celebrate the contributions of Asian Americans and Pacific Islanders to the history of the United States. </p> <p>The resolution also recognizes that the Asian American and Pacific Islander communities enhance the rich diversity of the United States.</p>]]></text>
          <lastSummaryUpdateDate>2019-11-05T18:41:12Z</lastSummaryUpdateDate>
          <name>Introduced in Senate</name>
          <versionCode>00</versionCode>
          <actionDesc>Introduced in Senate</actionDesc>
          <updateDate>2019-05-22T04:00:00Z</updateDate>
          <actionDate>2019-05-22</actionDate>
        </item>
      </billSummaries>
    </summaries>
    <billType>SRES</billType>
    <createDate>2019-05-23T04:42:05Z</createDate>
    <cosponsors>
      <item>
        <bioguideId>B001267</bioguideId>
        <firstName>Michael</firstName>
        <middleName>F.</middleName>
        <party>D</party>
        <lastName>Bennet</lastName>
        <sponsorshipWithdrawnDate />
        <identifiers>
          <lisID>1965</lisID>
          <gpoId>8302</gpoId>
          <bioguideId>B001267</bioguideId>
        </identifiers>
        <sponsorshipDate>2019-05-22</sponsorshipDate>
        <isOriginalCosponsor>True</isOriginalCosponsor>
        <state>CO</state>
        <fullName>Sen. Bennet, Michael F. [D-CO]</fullName>
      </item>
      <item>
        <bioguideId>B001277</bioguideId>
        <firstName>Richard</firstName>
        <middleName />
        <party>D</party>
        <lastName>Blumenthal</lastName>
        <sponsorshipWithdrawnDate />
        <identifiers>
          <lisID>2076</lisID>
          <bioguideId>B001277</bioguideId>
          <gpoId>8332</gpoId>
        </identifiers>
        <sponsorshipDate>2019-05-22</sponsorshipDate>
        <isOriginalCosponsor>True</isOriginalCosponsor>
        <state>CT</state>
        <fullName>Sen. Blumenthal, Richard [D-CT]</fullName>
      </item>
      <item>
        <bioguideId>B001288</bioguideId>
        <firstName>Cory</firstName>
        <middleName>A.</middleName>
        <party>D</party>
        <lastName>Booker</lastName>
        <sponsorshipWithdrawnDate />
        <identifiers>
          <lisID>2194</lisID>
          <bioguideId>B001288</bioguideId>
          <gpoId />
        </identifiers>
        <sponsorshipDate>2019-05-22</sponsorshipDate>
        <isOriginalCosponsor>True</isOriginalCosponsor>
        <state>NJ</state>
        <fullName>Sen. Booker, Cory A. [D-NJ]</fullName>
      </item>
      <item>
        <bioguideId>B000944</bioguideId>
        <firstName>Sherrod</firstName>
        <middleName />
        <party>D</party>
        <lastName>Brown</lastName>
        <sponsorshipWithdrawnDate />
        <identifiers>
          <bioguideId>B000944</bioguideId>
          <lisID>136</lisID>
          <gpoId>8309</gpoId>
        </identifiers>
        <sponsorshipDate>2019-05-22</sponsorshipDate>
        <isOriginalCosponsor>True</isOriginalCosponsor>
        <state>OH</state>
        <fullName>Sen. Brown, Sherrod [D-OH]</fullName>
      </item>
      <item>
        <bioguideId>C000127</bioguideId>
        <firstName>MARIA</firstName>
        <middleName />
        <party>D</party>
        <lastName>CANTWELL</lastName>
        <sponsorshipWithdrawnDate />
        <identifiers>
          <lisID>172</lisID>
          <gpoId>8288</gpoId>
          <bioguideId>C000127</bioguideId>
        </identifiers>
        <sponsorshipDate>2019-05-22</sponsorshipDate>
        <isOriginalCosponsor>True</isOriginalCosponsor>
        <state>WA</state>
        <fullName>Sen. Cantwell, Maria [D-WA]</fullName>
      </item>
      <item>
        <bioguideId>C000141</bioguideId>
        <firstName>BENJAMIN</firstName>
        <middleName>L.</middleName>
        <party>D</party>
        <lastName>CARDIN</lastName>
        <sponsorshipWithdrawnDate />
        <identifiers>
          <lisID>174</lisID>
          <bioguideId>C000141</bioguideId>
          <gpoId>8287</gpoId>
        </identifiers>
        <sponsorshipDate>2019-05-22</sponsorshipDate>
        <isOriginalCosponsor>True</isOriginalCosponsor>
        <state>MD</state>
        <fullName>Sen. Cardin, Benjamin L. [D-MD]</fullName>
      </item>
      <item>
        <bioguideId>C001070</bioguideId>
        <firstName>Bob</firstName>
        <middleName />
        <party>D</party>
        <lastName>Casey</lastName>
        <sponsorshipWithdrawnDate />
        <identifiers>
          <bioguideId>C001070</bioguideId>
          <lisID>1828</lisID>
          <gpoId>8282</gpoId>
        </identifiers>
        <sponsorshipDate>2019-05-22</sponsorshipDate>
        <isOriginalCosponsor>True</isOriginalCosponsor>
        <state>PA</state>
        <fullName>Sen. Casey, Robert P., Jr. [D-PA]</fullName>
      </item>
      <item>
        <bioguideId>C001088</bioguideId>
        <firstName>Christopher</firstName>
        <middleName>A.</middleName>
        <party>D</party>
        <lastName>Coons</lastName>
        <sponsorshipWithdrawnDate />
        <identifiers>
          <lisID>1984</lisID>
          <bioguideId>C001088</bioguideId>
          <gpoId>8297</gpoId>
        </identifiers>
        <sponsorshipDate>2019-05-22</sponsorshipDate>
        <isOriginalCosponsor>True</isOriginalCosponsor>
        <state>DE</state>
        <fullName>Sen. Coons, Christopher A. [D-DE]</fullName>
      </item>
      <item>
        <bioguideId>C001113</bioguideId>
        <firstName>Catherine</firstName>
        <middleName />
        <party>D</party>
        <lastName>Cortez Masto</lastName>
        <sponsorshipWithdrawnDate />
        <identifiers>
          <lisID>2299</lisID>
          <gpoId />
          <bioguideId>C001113</bioguideId>
        </identifiers>
        <sponsorshipDate>2019-05-22</sponsorshipDate>
        <isOriginalCosponsor>True</isOriginalCosponsor>
        <state>NV</state>
        <fullName>Sen. Cortez Masto, Catherine  [D-NV]</fullName>
      </item>
      <item>
        <bioguideId>D000622</bioguideId>
        <firstName>Tammy</firstName>
        <middleName />
        <party>D</party>
        <lastName>Duckworth</lastName>
        <sponsorshipWithdrawnDate />
        <identifiers>
          <lisID>2123</lisID>
          <gpoId />
          <bioguideId>D000622</bioguideId>
        </identifiers>
        <sponsorshipDate>2019-05-22</sponsorshipDate>
        <isOriginalCosponsor>True</isOriginalCosponsor>
        <state>IL</state>
        <fullName>Sen. Duckworth, Tammy [D-IL]</fullName>
      </item>
      <item>
        <bioguideId>D000563</bioguideId>
        <firstName>RICHARD</firstName>
        <middleName>J.</middleName>
        <party>D</party>
        <lastName>DURBIN</lastName>
        <sponsorshipWithdrawnDate />
        <identifiers>
          <lisID>326</lisID>
          <bioguideId>D000563</bioguideId>
          <gpoId>8326</gpoId>
        </identifiers>
        <sponsorshipDate>2019-05-22</sponsorshipDate>
        <isOriginalCosponsor>True</isOriginalCosponsor>
        <state>IL</state>
        <fullName>Sen. Durbin, Richard J. [D-IL]</fullName>
      </item>
      <item>
        <bioguideId>F000062</bioguideId>
        <firstName>DIANNE</firstName>
        <middleName />
        <party>D</party>
        <lastName>FEINSTEIN</lastName>
        <sponsorshipWithdrawnDate />
        <identifiers>
          <lisID>1332</lisID>
          <gpoId>8338</gpoId>
          <bioguideId>F000062</bioguideId>
        </identifiers>
        <sponsorshipDate>2019-05-22</sponsorshipDate>
        <isOriginalCosponsor>True</isOriginalCosponsor>
        <state>CA</state>
        <fullName>Sen. Feinstein, Dianne [D-CA]</fullName>
      </item>
      <item>
        <bioguideId>H001075</bioguideId>
        <firstName>Kamala</firstName>
        <middleName>D.</middleName>
        <party>D</party>
        <lastName>Harris</lastName>
        <sponsorshipWithdrawnDate />
        <identifiers>
          <lisID>2301</lisID>
          <gpoId />
          <bioguideId>H001075</bioguideId>
        </identifiers>
        <sponsorshipDate>2019-05-22</sponsorshipDate>
        <isOriginalCosponsor>True</isOriginalCosponsor>
        <state>CA</state>
        <fullName>Sen. Harris, Kamala D. [D-CA]</fullName>
      </item>
      <item>
        <bioguideId>K000384</bioguideId>
        <firstName>Timothy</firstName>
        <middleName />
        <party>D</party>
        <lastName>Kaine</lastName>
        <sponsorshipWithdrawnDate />
        <identifiers>
          <bioguideId>K000384</bioguideId>
          <lisID>2176</lisID>
          <gpoId />
        </identifiers>
        <sponsorshipDate>2019-05-22</sponsorshipDate>
        <isOriginalCosponsor>True</isOriginalCosponsor>
        <state>VA</state>
        <fullName>Sen. Kaine, Tim [D-VA]</fullName>
      </item>
      <item>
        <bioguideId>K000367</bioguideId>
        <firstName>Amy</firstName>
        <middleName />
        <party>D</party>
        <lastName>Klobuchar</lastName>
        <sponsorshipWithdrawnDate />
        <identifiers>
          <lisID>1826</lisID>
          <bioguideId>K000367</bioguideId>
          <gpoId>8249</gpoId>
        </identifiers>
        <sponsorshipDate>2019-05-22</sponsorshipDate>
        <isOriginalCosponsor>True</isOriginalCosponsor>
        <state>MN</state>
        <fullName>Sen. Klobuchar, Amy [D-MN]</fullName>
      </item>
      <item>
        <bioguideId>M000133</bioguideId>
        <firstName>EDWARD</firstName>
        <middleName>J.</middleName>
        <party>D</party>
        <lastName>MARKEY</lastName>
        <sponsorshipWithdrawnDate />
        <identifiers>
          <lisID>735</lisID>
          <bioguideId>M000133</bioguideId>
          <gpoId>7972</gpoId>
        </identifiers>
        <sponsorshipDate>2019-05-22</sponsorshipDate>
        <isOriginalCosponsor>True</isOriginalCosponsor>
        <state>MA</state>
        <fullName>Sen. Markey, Edward J. [D-MA]</fullName>
      </item>
      <item>
        <bioguideId>M000639</bioguideId>
        <firstName>Robert</firstName>
        <middleName />
        <party>D</party>
        <lastName>Menendez</lastName>
        <sponsorshipWithdrawnDate />
        <identifiers>
          <lisID>791</lisID>
          <gpoId>8239</gpoId>
          <bioguideId>M000639</bioguideId>
        </identifiers>
        <sponsorshipDate>2019-05-22</sponsorshipDate>
        <isOriginalCosponsor>True</isOriginalCosponsor>
        <state>NJ</state>
        <fullName>Sen. Menendez, Robert [D-NJ]</fullName>
      </item>
      <item>
        <bioguideId>M001176</bioguideId>
        <firstName>Jeff</firstName>
        <middleName />
        <party>D</party>
        <lastName>Merkley</lastName>
        <sponsorshipWithdrawnDate />
        <identifiers>
          <lisID>1900</lisID>
          <bioguideId>M001176</bioguideId>
          <gpoId>8238</gpoId>
        </identifiers>
        <sponsorshipDate>2019-05-22</sponsorshipDate>
        <isOriginalCosponsor>True</isOriginalCosponsor>
        <state>OR</state>
        <fullName>Sen. Merkley, Jeff [D-OR]</fullName>
      </item>
      <item>
        <bioguideId>M001111</bioguideId>
        <firstName>PATTY</firstName>
        <middleName />
        <party>D</party>
        <lastName>MURRAY</lastName>
        <sponsorshipWithdrawnDate />
        <identifiers>
          <lisID>1409</lisID>
          <gpoId>8237</gpoId>
          <bioguideId>M001111</bioguideId>
        </identifiers>
        <sponsorshipDate>2019-05-22</sponsorshipDate>
        <isOriginalCosponsor>True</isOriginalCosponsor>
        <state>WA</state>
        <fullName>Sen. Murray, Patty [D-WA]</fullName>
      </item>
      <item>
        <bioguideId>R000608</bioguideId>
        <firstName>Jacklyn</firstName>
        <middleName />
        <party>D</party>
        <lastName>Rosen</lastName>
        <sponsorshipWithdrawnDate />
        <identifiers>
          <lisID>2339</lisID>
          <bioguideId>R000608</bioguideId>
          <gpoId />
        </identifiers>
        <sponsorshipDate>2019-05-22</sponsorshipDate>
        <isOriginalCosponsor>True</isOriginalCosponsor>
        <state>NV</state>
        <fullName>Sen. Rosen, Jacky [D-NV]</fullName>
      </item>
      <item>
        <bioguideId>S001194</bioguideId>
        <firstName>Brian</firstName>
        <middleName />
        <party>D</party>
        <lastName>Schatz</lastName>
        <sponsorshipWithdrawnDate />
        <identifiers>
          <lisID>2173</lisID>
          <bioguideId>S001194</bioguideId>
          <gpoId />
        </identifiers>
        <sponsorshipDate>2019-05-22</sponsorshipDate>
        <isOriginalCosponsor>True</isOriginalCosponsor>
        <state>HI</state>
        <fullName>Sen. Schatz, Brian [D-HI]</fullName>
      </item>
      <item>
        <bioguideId>S001203</bioguideId>
        <firstName>Tina</firstName>
        <middleName />
        <party>D</party>
        <lastName>Smith</lastName>
        <sponsorshipWithdrawnDate />
        <identifiers>
          <lisID>2365</lisID>
          <gpoId />
          <bioguideId>S001203</bioguideId>
        </identifiers>
        <sponsorshipDate>2019-05-22</sponsorshipDate>
        <isOriginalCosponsor>True</isOriginalCosponsor>
        <state>MN</state>
        <fullName>Sen. Smith, Tina  [D-MN]</fullName>
      </item>
      <item>
        <bioguideId>S000148</bioguideId>
        <firstName>CHARLES</firstName>
        <middleName>E.</middleName>
        <party>D</party>
        <lastName>SCHUMER</lastName>
        <sponsorshipWithdrawnDate />
        <identifiers>
          <lisID>1036</lisID>
          <bioguideId>S000148</bioguideId>
          <gpoId>8279</gpoId>
        </identifiers>
        <sponsorshipDate>2019-05-23</sponsorshipDate>
        <isOriginalCosponsor>False</isOriginalCosponsor>
        <state>NY</state>
        <fullName>Sen. Schumer, Charles E. [D-NY]</fullName>
      </item>
    </cosponsors>
    <sponsors>
      <item>
        <bioguideId>H001042</bioguideId>
        <firstName>Mazie</firstName>
        <middleName>K.</middleName>
        <identifiers>
          <bioguideId>H001042</bioguideId>
          <lisID>1844</lisID>
          <gpoId>7913</gpoId>
        </identifiers>
        <lastName>Hirono</lastName>
        <byRequestType />
        <party>D</party>
        <state>HI</state>
        <fullName>Sen. Hirono, Mazie K. [D-HI]</fullName>
      </item>
    </sponsors>
    <titles>
      <item>
        <chamberCode />
        <titleType>Official Title as Introduced</titleType>
        <parentTitleType />
        <title>A resolution recognizing the significance of Asian/Pacific American Heritage Month as an important time to celebrate the significant contributions of Asian Americans and Pacific Islanders to the history of the United States.</title>
        <chamberName />
      </item>
      <item>
        <chamberCode />
        <titleType>Display Title</titleType>
        <parentTitleType />
        <title>A resolution recognizing the significance of Asian/Pacific American Heritage Month as an important time to celebrate the significant contributions of Asian Americans and Pacific Islanders to the history of the United States.</title>
        <chamberName />
      </item>
    </titles>
    <title>A resolution recognizing the significance of Asian/Pacific American Heritage Month as an important time to celebrate the significant contributions of Asian Americans and Pacific Islanders to the history of the United States.</title>
    <committeeReports />
    <updateDate>2019-11-08T06:17:55Z</updateDate>
    <cboCostEstimates />
    <laws />
    <notes />
    <introducedDate>2019-05-22</introducedDate>
    <congress>116</congress>
    <originChamber>Senate</originChamber>
    <latestAction>
      <actionDate>2019-05-22</actionDate>
      <links />
      <text>Referred to the Committee on the Judiciary. (text: CR S3063-3064)</text>
    </latestAction>
    <actions>
      <actionByCounts>
        <senate>2</senate>
      </actionByCounts>
      <item>
        <actionDate>2019-05-22</actionDate>
        <committee>
          <name>Judiciary Committee</name>
          <systemCode>ssju00</systemCode>
        </committee>
        <links>
          <link>
            <url>https://www.congress.gov/congressional-record/volume-165/senate-section/page/S3063-3064</url>
            <name>S3063-3064</name>
          </link>
        </links>
        <sourceSystem>
          <code>0</code>
          <name>Senate</name>
        </sourceSystem>
        <text>Referred to the Committee on the Judiciary. (text: CR S3063-3064)</text>
        <type>IntroReferral</type>
      </item>
      <item>
        <sourceSystem>
          <code>9</code>
          <name>Library of Congress</name>
        </sourceSystem>
        <type>IntroReferral</type>
        <text>Introduced in Senate</text>
        <actionDate>2019-05-22</actionDate>
        <links />
        <actionCode>10000</actionCode>
        <committee />
      </item>
      <actionTypeCounts>
        <referredToCommittee>1</referredToCommittee>
        <introducedInSenate>1</introducedInSenate>
      </actionTypeCounts>
    </actions>
    <committees>
      <billCommittees>
        <item>
          <systemCode>ssju00</systemCode>
          <activities>
            <item>
              <date>2019-05-22T22:48:05Z</date>
              <name>Referred to</name>
            </item>
          </activities>
          <name>Judiciary Committee</name>
          <type>Standing</type>
          <subcommittees />
          <chamber>Senate</chamber>
        </item>
      </billCommittees>
    </committees>
    <calendarNumbers />
  </bill>
  <dublinCore xmlns:dc="http://purl.org/dc/elements/1.1/">
    <dc:format>text/xml</dc:format>
    <dc:language>EN</dc:language>
    <dc:rights>Pursuant to Title 17 Section 105 of the United States Code, this file is not subject to copyright protection and is in the public domain.</dc:rights>
    <dc:contributor>Congressional Research Service, Library of Congress</dc:contributor>
    <dc:description>This file contains bill summaries and statuses for federal legislation. A bill summary describes the most significant provisions of a piece of legislation and details the effects the legislative text may have on current law and federal programs. Bill summaries are authored by the Congressional Research Service (CRS) of the Library of Congress. As stated in Public Law 91-510 (2 USC 166 (d)(6)), one of the duties of CRS is "to prepare summaries and digests of bills and resolutions of a public general nature introduced in the Senate or House of Representatives". For more information, refer to the User Guide that accompanies this file.</dc:description>
  </dublinCore>
</billStatus>

