<?xml version="1.0" encoding="UTF-8"?>
<billStatus>
  <bill>
    <updateDate>2019-08-16T10:34:20Z</updateDate>
    <committees>
      <billCommittees />
    </committees>
    <latestAction>
      <actionDate>2019-07-30</actionDate>
      <links />
      <text>Submitted in the Senate, considered, and agreed to without amendment and with a preamble by Unanimous Consent. (consideration: CR S5203; text: CR S5202)</text>
    </latestAction>
    <title>A resolution designating September 25, 2019, as "National Lobster Day".</title>
    <notes />
    <createDate>2019-07-31T05:02:47Z</createDate>
    <subjects>
      <billSubjects>
        <policyArea>
          <name>Agriculture and Food</name>
        </policyArea>
        <legislativeSubjects>
          <item>
            <name>Commemorative events and holidays</name>
          </item>
          <item>
            <name>Food industry and services</name>
          </item>
          <item>
            <name>Marine and coastal resources, fisheries</name>
          </item>
          <item>
            <name>Seafood</name>
          </item>
        </legislativeSubjects>
      </billSubjects>
    </subjects>
    <congress>116</congress>
    <cboCostEstimates />
    <amendments />
    <relatedBills />
    <laws />
    <policyArea>
      <name>Agriculture and Food</name>
    </policyArea>
    <recordedVotes />
    <originChamber>Senate</originChamber>
    <version>1.0.0</version>
    <summaries>
      <billSummaries />
    </summaries>
    <titles>
      <item>
        <titleType>Official Title as Introduced</titleType>
        <chamberCode />
        <title>A resolution designating September 25, 2019, as "National Lobster Day".</title>
        <parentTitleType />
        <chamberName />
      </item>
      <item>
        <titleType>Display Title</titleType>
        <chamberCode />
        <title>A resolution designating September 25, 2019, as "National Lobster Day".</title>
        <parentTitleType />
        <chamberName />
      </item>
    </titles>
    <calendarNumbers />
    <sponsors>
      <item>
        <state>ME</state>
        <middleName />
        <byRequestType />
        <bioguideId>K000383</bioguideId>
        <firstName>Angus</firstName>
        <party>I</party>
        <lastName>King</lastName>
        <identifiers>
          <gpoId />
          <bioguideId>K000383</bioguideId>
          <lisID>2185</lisID>
        </identifiers>
        <fullName>Sen. King, Angus S., Jr. [I-ME]</fullName>
      </item>
    </sponsors>
    <textVersions>
      <item>
        <type>Agreed to Senate</type>
        <date>2019-07-30T04:00:00Z</date>
        <formats>
          <item>
            <url>https://www.govinfo.gov/content/pkg/BILLS-116sres293ats/xml/BILLS-116sres293ats.xml</url>
          </item>
        </formats>
      </item>
    </textVersions>
    <billType>SRES</billType>
    <introducedDate>2019-07-30</introducedDate>
    <billNumber>293</billNumber>
    <actions>
      <actionTypeCounts>
        <passedAgreedToInSenate>1</passedAgreedToInSenate>
        <introducedInSenate>1</introducedInSenate>
        <passedOrAgreedToInSenateDayOf>1</passedOrAgreedToInSenateDayOf>
      </actionTypeCounts>
      <item>
        <actionDate>2019-07-30</actionDate>
        <committee />
        <links>
          <link>
            <url>https://www.congress.gov/congressional-record/volume-165/senate-section/page/S5202</url>
            <name>S5202</name>
          </link>
          <link>
            <url>https://www.congress.gov/congressional-record/volume-165/senate-section/page/S5203</url>
            <name>S5203</name>
          </link>
        </links>
        <sourceSystem>
          <name>Senate</name>
          <code>0</code>
        </sourceSystem>
        <text>Submitted in the Senate, considered, and agreed to without amendment and with a preamble by Unanimous Consent. (consideration: CR S5203; text: CR S5202)</text>
        <type>Floor</type>
      </item>
      <item>
        <links>
          <link>
            <url>https://www.congress.gov/congressional-record/volume-165/senate-section/page/S5202</url>
            <name>S5202</name>
          </link>
          <link>
            <url>https://www.congress.gov/congressional-record/volume-165/senate-section/page/S5203</url>
            <name>S5203</name>
          </link>
        </links>
        <type>Floor</type>
        <text>Passed/agreed to in Senate: Submitted in the Senate, considered, and agreed to without amendment and with a preamble by Unanimous Consent.(consideration: CR S5203; text: CR S5202)</text>
        <actionCode>17000</actionCode>
        <committee />
        <sourceSystem>
          <name>Library of Congress</name>
          <code>9</code>
        </sourceSystem>
        <actionDate>2019-07-30</actionDate>
      </item>
      <item>
        <links />
        <type>IntroReferral</type>
        <text>Introduced in Senate</text>
        <actionCode>10000</actionCode>
        <committee />
        <sourceSystem>
          <name>Library of Congress</name>
          <code>9</code>
        </sourceSystem>
        <actionDate>2019-07-30</actionDate>
      </item>
      <actionByCounts>
        <senate>3</senate>
      </actionByCounts>
    </actions>
    <committeeReports />
    <cosponsors>
      <item>
        <lastName>COLLINS</lastName>
        <fullName>Sen. Collins, Susan M. [R-ME]</fullName>
        <identifiers>
          <gpoId>8291</gpoId>
          <bioguideId>C001035</bioguideId>
          <lisID>1541</lisID>
        </identifiers>
        <isOriginalCosponsor>True</isOriginalCosponsor>
        <middleName>MARGARET</middleName>
        <party>R</party>
        <bioguideId>C001035</bioguideId>
        <state>ME</state>
        <sponsorshipWithdrawnDate />
        <sponsorshipDate>2019-07-30</sponsorshipDate>
        <firstName>SUSAN</firstName>
      </item>
      <item>
        <lastName>Blumenthal</lastName>
        <fullName>Sen. Blumenthal, Richard [D-CT]</fullName>
        <identifiers>
          <lisID>2076</lisID>
          <bioguideId>B001277</bioguideId>
          <gpoId>8332</gpoId>
        </identifiers>
        <isOriginalCosponsor>True</isOriginalCosponsor>
        <middleName />
        <party>D</party>
        <bioguideId>B001277</bioguideId>
        <state>CT</state>
        <sponsorshipWithdrawnDate />
        <sponsorshipDate>2019-07-30</sponsorshipDate>
        <firstName>Richard</firstName>
      </item>
      <item>
        <lastName>Murphy</lastName>
        <fullName>Sen. Murphy, Christopher [D-CT]</fullName>
        <identifiers>
          <gpoId>7870</gpoId>
          <lisID>1837</lisID>
          <bioguideId>M001169</bioguideId>
        </identifiers>
        <isOriginalCosponsor>True</isOriginalCosponsor>
        <middleName />
        <party>D</party>
        <bioguideId>M001169</bioguideId>
        <state>CT</state>
        <sponsorshipWithdrawnDate />
        <sponsorshipDate>2019-07-30</sponsorshipDate>
        <firstName>Christopher</firstName>
      </item>
      <item>
        <lastName>Hassan</lastName>
        <fullName>Sen. Hassan, Margaret Wood [D-NH]</fullName>
        <identifiers>
          <gpoId />
          <bioguideId>H001076</bioguideId>
          <lisID>2302</lisID>
        </identifiers>
        <isOriginalCosponsor>True</isOriginalCosponsor>
        <middleName>Wood</middleName>
        <party>D</party>
        <bioguideId>H001076</bioguideId>
        <state>NH</state>
        <sponsorshipWithdrawnDate />
        <sponsorshipDate>2019-07-30</sponsorshipDate>
        <firstName>Margaret</firstName>
      </item>
      <item>
        <lastName>REED</lastName>
        <fullName>Sen. Reed, Jack [D-RI]</fullName>
        <identifiers>
          <gpoId>8272</gpoId>
          <bioguideId>R000122</bioguideId>
          <lisID>949</lisID>
        </identifiers>
        <isOriginalCosponsor>True</isOriginalCosponsor>
        <middleName>F.</middleName>
        <party>D</party>
        <bioguideId>R000122</bioguideId>
        <state>RI</state>
        <sponsorshipWithdrawnDate />
        <sponsorshipDate>2019-07-30</sponsorshipDate>
        <firstName>JOHN</firstName>
      </item>
      <item>
        <lastName>Whitehouse</lastName>
        <fullName>Sen. Whitehouse, Sheldon [D-RI]</fullName>
        <identifiers>
          <lisID>1823</lisID>
          <gpoId>8264</gpoId>
          <bioguideId>W000802</bioguideId>
        </identifiers>
        <isOriginalCosponsor>True</isOriginalCosponsor>
        <middleName />
        <party>D</party>
        <bioguideId>W000802</bioguideId>
        <state>RI</state>
        <sponsorshipWithdrawnDate />
        <sponsorshipDate>2019-07-30</sponsorshipDate>
        <firstName>Sheldon</firstName>
      </item>
      <item>
        <lastName>MARKEY</lastName>
        <fullName>Sen. Markey, Edward J. [D-MA]</fullName>
        <identifiers>
          <lisID>735</lisID>
          <gpoId>7972</gpoId>
          <bioguideId>M000133</bioguideId>
        </identifiers>
        <isOriginalCosponsor>True</isOriginalCosponsor>
        <middleName>J.</middleName>
        <party>D</party>
        <bioguideId>M000133</bioguideId>
        <state>MA</state>
        <sponsorshipWithdrawnDate />
        <sponsorshipDate>2019-07-30</sponsorshipDate>
        <firstName>EDWARD</firstName>
      </item>
      <item>
        <lastName>Shaheen</lastName>
        <fullName>Sen. Shaheen, Jeanne [D-NH]</fullName>
        <identifiers>
          <gpoId>8276</gpoId>
          <bioguideId>S001181</bioguideId>
          <lisID>1901</lisID>
        </identifiers>
        <isOriginalCosponsor>True</isOriginalCosponsor>
        <middleName />
        <party>D</party>
        <bioguideId>S001181</bioguideId>
        <state>NH</state>
        <sponsorshipWithdrawnDate />
        <sponsorshipDate>2019-07-30</sponsorshipDate>
        <firstName>Jeanne</firstName>
      </item>
    </cosponsors>
  </bill>
  <dublinCore xmlns:dc="http://purl.org/dc/elements/1.1/">
    <dc:format>text/xml</dc:format>
    <dc:language>EN</dc:language>
    <dc:rights>Pursuant to Title 17 Section 105 of the United States Code, this file is not subject to copyright protection and is in the public domain.</dc:rights>
    <dc:contributor>Congressional Research Service, Library of Congress</dc:contributor>
    <dc:description>This file contains bill summaries and statuses for federal legislation. A bill summary describes the most significant provisions of a piece of legislation and details the effects the legislative text may have on current law and federal programs. Bill summaries are authored by the Congressional Research Service (CRS) of the Library of Congress. As stated in Public Law 91-510 (2 USC 166 (d)(6)), one of the duties of CRS is "to prepare summaries and digests of bills and resolutions of a public general nature introduced in the Senate or House of Representatives". For more information, refer to the User Guide that accompanies this file.</dc:description>
  </dublinCore>
</billStatus>

