<?xml version="1.0" encoding="UTF-8"?>
<billStatus>
  <bill>
    <createDate>2019-08-01T07:42:16Z</createDate>
    <relatedBills />
    <updateDate>2019-08-16T10:34:29Z</updateDate>
    <title>A resolution designating September 2019 as "National Child Awareness Month" to promote awareness of charities that benefit children and youth-serving organizations throughout the United States, and recognizing the efforts made by those charities and organizations on behalf of children and youth as critical contributions to the future of the United States.</title>
    <recordedVotes />
    <calendarNumbers />
    <actions>
      <actionByCounts>
        <senate>3</senate>
      </actionByCounts>
      <item>
        <actionDate>2019-07-31</actionDate>
        <committee />
        <links>
          <link>
            <url>https://www.congress.gov/congressional-record/volume-165/senate-section/page/S5259</url>
            <name>S5259</name>
          </link>
          <link>
            <url>https://www.congress.gov/congressional-record/volume-165/senate-section/page/S5275</url>
            <name>S5275</name>
          </link>
        </links>
        <sourceSystem>
          <code>0</code>
          <name>Senate</name>
        </sourceSystem>
        <text>Submitted in the Senate, considered, and agreed to without amendment and with a preamble by Unanimous Consent. (consideration: CR S5275; text: CR S5259)</text>
        <type>Floor</type>
      </item>
      <item>
        <actionCode>17000</actionCode>
        <sourceSystem>
          <code>9</code>
          <name>Library of Congress</name>
        </sourceSystem>
        <committee />
        <type>Floor</type>
        <text>Passed/agreed to in Senate: Submitted in the Senate, considered, and agreed to without amendment and with a preamble by Unanimous Consent.(consideration: CR S5275; text: CR S5259)</text>
        <links>
          <link>
            <url>https://www.congress.gov/congressional-record/volume-165/senate-section/page/S5259</url>
            <name>S5259</name>
          </link>
          <link>
            <url>https://www.congress.gov/congressional-record/volume-165/senate-section/page/S5275</url>
            <name>S5275</name>
          </link>
        </links>
        <actionDate>2019-07-31</actionDate>
      </item>
      <item>
        <actionCode>10000</actionCode>
        <sourceSystem>
          <code>9</code>
          <name>Library of Congress</name>
        </sourceSystem>
        <committee />
        <type>IntroReferral</type>
        <text>Introduced in Senate</text>
        <links />
        <actionDate>2019-07-31</actionDate>
      </item>
      <actionTypeCounts>
        <passedOrAgreedToInSenateDayOf>1</passedOrAgreedToInSenateDayOf>
        <introducedInSenate>1</introducedInSenate>
        <passedAgreedToInSenate>1</passedAgreedToInSenate>
      </actionTypeCounts>
    </actions>
    <billNumber>302</billNumber>
    <policyArea>
      <name>Families</name>
    </policyArea>
    <version>1.0.0</version>
    <sponsors>
      <item>
        <party>D</party>
        <bioguideId>F000062</bioguideId>
        <fullName>Sen. Feinstein, Dianne [D-CA]</fullName>
        <lastName>FEINSTEIN</lastName>
        <middleName />
        <byRequestType />
        <state>CA</state>
        <firstName>DIANNE</firstName>
        <identifiers>
          <gpoId>8338</gpoId>
          <bioguideId>F000062</bioguideId>
          <lisID>1332</lisID>
        </identifiers>
      </item>
    </sponsors>
    <cosponsors>
      <item>
        <identifiers>
          <gpoId>8113</gpoId>
          <bioguideId>L000575</bioguideId>
          <lisID>2050</lisID>
        </identifiers>
        <state>OK</state>
        <middleName />
        <fullName>Sen. Lankford, James [R-OK]</fullName>
        <sponsorshipDate>2019-07-31</sponsorshipDate>
        <firstName>James</firstName>
        <bioguideId>L000575</bioguideId>
        <lastName>Lankford</lastName>
        <sponsorshipWithdrawnDate />
        <party>R</party>
        <isOriginalCosponsor>True</isOriginalCosponsor>
      </item>
      <item>
        <identifiers>
          <gpoId />
          <bioguideId>H001076</bioguideId>
          <lisID>2302</lisID>
        </identifiers>
        <state>NH</state>
        <middleName>Wood</middleName>
        <fullName>Sen. Hassan, Margaret Wood [D-NH]</fullName>
        <sponsorshipDate>2019-07-31</sponsorshipDate>
        <firstName>Margaret</firstName>
        <bioguideId>H001076</bioguideId>
        <lastName>Hassan</lastName>
        <sponsorshipWithdrawnDate />
        <party>D</party>
        <isOriginalCosponsor>True</isOriginalCosponsor>
      </item>
      <item>
        <identifiers>
          <lisID>1676</lisID>
          <bioguideId>C001047</bioguideId>
          <gpoId>8223</gpoId>
        </identifiers>
        <state>WV</state>
        <middleName>MOORE</middleName>
        <fullName>Sen. Capito, Shelley Moore [R-WV]</fullName>
        <sponsorshipDate>2019-07-31</sponsorshipDate>
        <firstName>SHELLEY</firstName>
        <bioguideId>C001047</bioguideId>
        <lastName>CAPITO</lastName>
        <sponsorshipWithdrawnDate />
        <party>R</party>
        <isOriginalCosponsor>True</isOriginalCosponsor>
      </item>
      <item>
        <identifiers>
          <gpoId />
          <bioguideId>J000300</bioguideId>
          <lisID>2364</lisID>
        </identifiers>
        <state>AL</state>
        <middleName />
        <fullName>Sen. Jones, Doug  [D-AL]</fullName>
        <sponsorshipDate>2019-07-31</sponsorshipDate>
        <firstName>Doug</firstName>
        <bioguideId>J000300</bioguideId>
        <lastName>Jones</lastName>
        <sponsorshipWithdrawnDate />
        <party>D</party>
        <isOriginalCosponsor>True</isOriginalCosponsor>
      </item>
      <item>
        <identifiers>
          <gpoId />
          <bioguideId>B001310</bioguideId>
          <lisID>2462</lisID>
        </identifiers>
        <state>IN</state>
        <middleName />
        <fullName>Sen. Braun, Mike  [R-IN]</fullName>
        <sponsorshipDate>2019-07-31</sponsorshipDate>
        <firstName>Mike</firstName>
        <bioguideId>B001310</bioguideId>
        <lastName>Braun</lastName>
        <sponsorshipWithdrawnDate />
        <party>R</party>
        <isOriginalCosponsor>True</isOriginalCosponsor>
      </item>
      <item>
        <identifiers>
          <gpoId />
          <bioguideId>C001113</bioguideId>
          <lisID>2299</lisID>
        </identifiers>
        <state>NV</state>
        <middleName />
        <fullName>Sen. Cortez Masto, Catherine  [D-NV]</fullName>
        <sponsorshipDate>2019-07-31</sponsorshipDate>
        <firstName>Catherine</firstName>
        <bioguideId>C001113</bioguideId>
        <lastName>Cortez Masto</lastName>
        <sponsorshipWithdrawnDate />
        <party>D</party>
        <isOriginalCosponsor>True</isOriginalCosponsor>
      </item>
      <item>
        <identifiers>
          <gpoId />
          <bioguideId>H001075</bioguideId>
          <lisID>2301</lisID>
        </identifiers>
        <state>CA</state>
        <middleName>D.</middleName>
        <fullName>Sen. Harris, Kamala D. [D-CA]</fullName>
        <sponsorshipDate>2019-07-31</sponsorshipDate>
        <firstName>Kamala</firstName>
        <bioguideId>H001075</bioguideId>
        <lastName>Harris</lastName>
        <sponsorshipWithdrawnDate />
        <party>D</party>
        <isOriginalCosponsor>True</isOriginalCosponsor>
      </item>
      <item>
        <identifiers>
          <gpoId>7994</gpoId>
          <bioguideId>P000595</bioguideId>
          <lisID>1929</lisID>
        </identifiers>
        <state>MI</state>
        <middleName>C.</middleName>
        <fullName>Sen. Peters, Gary C. [D-MI]</fullName>
        <sponsorshipDate>2019-07-31</sponsorshipDate>
        <firstName>Gary</firstName>
        <bioguideId>P000595</bioguideId>
        <lastName>Peters</lastName>
        <sponsorshipWithdrawnDate />
        <party>D</party>
        <isOriginalCosponsor>True</isOriginalCosponsor>
      </item>
      <item>
        <identifiers>
          <lisID>136</lisID>
          <gpoId>8309</gpoId>
          <bioguideId>B000944</bioguideId>
        </identifiers>
        <state>OH</state>
        <middleName />
        <fullName>Sen. Brown, Sherrod [D-OH]</fullName>
        <sponsorshipDate>2019-07-31</sponsorshipDate>
        <firstName>Sherrod</firstName>
        <bioguideId>B000944</bioguideId>
        <lastName>Brown</lastName>
        <sponsorshipWithdrawnDate />
        <party>D</party>
        <isOriginalCosponsor>True</isOriginalCosponsor>
      </item>
      <item>
        <identifiers>
          <lisID>2339</lisID>
          <bioguideId>R000608</bioguideId>
          <gpoId />
        </identifiers>
        <state>NV</state>
        <middleName />
        <fullName>Sen. Rosen, Jacky [D-NV]</fullName>
        <sponsorshipDate>2019-07-31</sponsorshipDate>
        <firstName>Jacklyn</firstName>
        <bioguideId>R000608</bioguideId>
        <lastName>Rosen</lastName>
        <sponsorshipWithdrawnDate />
        <party>D</party>
        <isOriginalCosponsor>True</isOriginalCosponsor>
      </item>
    </cosponsors>
    <textVersions>
      <item>
        <type>Agreed to Senate</type>
        <formats>
          <item>
            <url>https://www.govinfo.gov/content/pkg/BILLS-116sres302ats/xml/BILLS-116sres302ats.xml</url>
          </item>
        </formats>
        <date>2019-07-31T04:00:00Z</date>
      </item>
    </textVersions>
    <titles>
      <item>
        <titleType>Official Title as Introduced</titleType>
        <chamberCode />
        <title>A resolution designating September 2019 as "National Child Awareness Month" to promote awareness of charities that benefit children and youth-serving organizations throughout the United States, and recognizing the efforts made by those charities and organizations on behalf of children and youth as critical contributions to the future of the United States.</title>
        <parentTitleType />
        <chamberName />
      </item>
      <item>
        <titleType>Display Title</titleType>
        <chamberCode />
        <title>A resolution designating September 2019 as "National Child Awareness Month" to promote awareness of charities that benefit children and youth-serving organizations throughout the United States, and recognizing the efforts made by those charities and organizations on behalf of children and youth as critical contributions to the future of the United States.</title>
        <parentTitleType />
        <chamberName />
      </item>
    </titles>
    <amendments />
    <laws />
    <congress>116</congress>
    <notes />
    <committees>
      <billCommittees />
    </committees>
    <originChamber>Senate</originChamber>
    <billType>SRES</billType>
    <cboCostEstimates />
    <committeeReports />
    <introducedDate>2019-07-31</introducedDate>
    <summaries>
      <billSummaries />
    </summaries>
    <latestAction>
      <text>Submitted in the Senate, considered, and agreed to without amendment and with a preamble by Unanimous Consent. (consideration: CR S5275; text: CR S5259)</text>
      <links />
      <actionDate>2019-07-31</actionDate>
    </latestAction>
    <subjects>
      <billSubjects>
        <policyArea>
          <name>Families</name>
        </policyArea>
        <legislativeSubjects />
      </billSubjects>
    </subjects>
  </bill>
  <dublinCore xmlns:dc="http://purl.org/dc/elements/1.1/">
    <dc:format>text/xml</dc:format>
    <dc:language>EN</dc:language>
    <dc:rights>Pursuant to Title 17 Section 105 of the United States Code, this file is not subject to copyright protection and is in the public domain.</dc:rights>
    <dc:contributor>Congressional Research Service, Library of Congress</dc:contributor>
    <dc:description>This file contains bill summaries and statuses for federal legislation. A bill summary describes the most significant provisions of a piece of legislation and details the effects the legislative text may have on current law and federal programs. Bill summaries are authored by the Congressional Research Service (CRS) of the Library of Congress. As stated in Public Law 91-510 (2 USC 166 (d)(6)), one of the duties of CRS is "to prepare summaries and digests of bills and resolutions of a public general nature introduced in the Senate or House of Representatives". For more information, refer to the User Guide that accompanies this file.</dc:description>
  </dublinCore>
</billStatus>

