<?xml version="1.0" encoding="UTF-8"?>
<billStatus>
  <bill>
    <version>1.0.0</version>
    <cboCostEstimates />
    <relatedBills>
      <item>
        <congress>116</congress>
        <latestAction>
          <actionDate>2019-02-08</actionDate>
          <text>Referred to the Subcommittee on Health.</text>
        </latestAction>
        <number>100</number>
        <type>HRES</type>
        <latestTitle>Recognizing the 100th anniversary of Easterseals, a leading advocate and service provider for children and adults with disabilities, veterans, older adults, caregivers, and their families.</latestTitle>
        <relationshipDetails>
          <item>
            <type>Related bill</type>
            <identifiedBy>CRS</identifiedBy>
          </item>
        </relationshipDetails>
      </item>
    </relatedBills>
    <amendments />
    <summaries>
      <billSummaries>
        <item>
          <versionCode>00</versionCode>
          <actionDesc>Introduced in Senate</actionDesc>
          <updateDate>2019-02-28T05:00:00Z</updateDate>
          <name>Introduced in Senate</name>
          <lastSummaryUpdateDate>2019-11-01T16:38:45Z</lastSummaryUpdateDate>
          <actionDate>2019-02-28</actionDate>
          <text><![CDATA[<p>This resolution commemorates the 100th anniversary of the Easterseals organization. </p> <p>It also recognizes the organization for its impact over the past 100 years and its commitment to helping children and adults with disabilities, including veterans and older adults, to live, learn, work, and play in communities.</p>]]></text>
        </item>
        <item>
          <versionCode>55</versionCode>
          <actionDesc>Passed Senate</actionDesc>
          <updateDate>2019-04-11T10:44:55Z</updateDate>
          <name>Passed Senate</name>
          <lastSummaryUpdateDate>2019-11-01T16:47:19Z</lastSummaryUpdateDate>
          <actionDate>2019-04-11</actionDate>
          <text><![CDATA[<p>This resolution commemorates the 100th anniversary of the Easterseals organization. </p> <p>It also recognizes the organization for its impact over the past 100 years and its commitment to helping children and adults with disabilities, including veterans and older adults, to live, learn, work, and play in communities.</p>]]></text>
        </item>
      </billSummaries>
    </summaries>
    <policyArea>
      <name>Social Welfare</name>
    </policyArea>
    <sponsors>
      <item>
        <firstName>Sherrod</firstName>
        <middleName />
        <state>OH</state>
        <bioguideId>B000944</bioguideId>
        <identifiers>
          <lisID>136</lisID>
          <gpoId>8309</gpoId>
          <bioguideId>B000944</bioguideId>
        </identifiers>
        <fullName>Sen. Brown, Sherrod [D-OH]</fullName>
        <party>D</party>
        <lastName>Brown</lastName>
        <byRequestType />
      </item>
    </sponsors>
    <notes />
    <billNumber>85</billNumber>
    <updateDate>2019-11-15T21:59:44Z</updateDate>
    <titles>
      <item>
        <parentTitleType />
        <chamberCode />
        <title>A resolution recognizing the 100th anniversary of the founding of Easterseals, a leading advocate and service provider for children and adults with disabilities, including veterans and older adults, and their caregivers and families.</title>
        <titleType>Official Title as Introduced</titleType>
        <chamberName />
      </item>
      <item>
        <parentTitleType />
        <chamberCode />
        <title>A resolution recognizing the 100th anniversary of the founding of Easterseals, a leading advocate and service provider for children and adults with disabilities, including veterans and older adults, and their caregivers and families.</title>
        <titleType>Display Title</titleType>
        <chamberName />
      </item>
    </titles>
    <createDate>2019-03-01T05:40:08Z</createDate>
    <title>A resolution recognizing the 100th anniversary of the founding of Easterseals, a leading advocate and service provider for children and adults with disabilities, including veterans and older adults, and their caregivers and families.</title>
    <textVersions>
      <item>
        <date>2019-04-11T04:00:00Z</date>
        <type>Agreed to Senate</type>
        <formats>
          <item>
            <url>https://www.govinfo.gov/content/pkg/BILLS-116sres85ats/xml/BILLS-116sres85ats.xml</url>
          </item>
        </formats>
      </item>
      <item>
        <date>2019-02-28T05:00:00Z</date>
        <type>Introduced in Senate</type>
        <formats>
          <item>
            <url>https://www.govinfo.gov/content/pkg/BILLS-116sres85is/xml/BILLS-116sres85is.xml</url>
          </item>
        </formats>
      </item>
    </textVersions>
    <recordedVotes />
    <calendarNumbers />
    <committeeReports />
    <congress>116</congress>
    <latestAction>
      <actionDate>2019-04-11</actionDate>
      <links />
      <text>Resolution agreed to in Senate without amendment and with a preamble by Unanimous Consent. (text: CR 2/28/2019 S1602)</text>
    </latestAction>
    <actions>
      <actionTypeCounts>
        <introducedInSenate>1</introducedInSenate>
        <agreedToInSenate>1</agreedToInSenate>
        <passedAgreedToInSenate>1</passedAgreedToInSenate>
        <senateCommitteeDischarged>1</senateCommitteeDischarged>
        <referredToCommittee>1</referredToCommittee>
        <committeeDischarged>1</committeeDischarged>
      </actionTypeCounts>
      <item>
        <actionDate>2019-04-11</actionDate>
        <committee />
        <links>
          <link>
            <url>https://www.congress.gov/congressional-record/volume-165/senate-section/page/S1602</url>
            <name>CR 2/28/2019 S1602</name>
          </link>
        </links>
        <sourceSystem>
          <code>0</code>
          <name>Senate</name>
        </sourceSystem>
        <text>Resolution agreed to in Senate without amendment and with a preamble by Unanimous Consent. (text: CR 2/28/2019 S1602)</text>
        <type>Floor</type>
      </item>
      <item>
        <actionCode>17000</actionCode>
        <text>Passed/agreed to in Senate: Resolution agreed to in Senate without amendment and with a preamble by Unanimous Consent.(text: CR 2/28/2019 S1602)</text>
        <sourceSystem>
          <code>9</code>
          <name>Library of Congress</name>
        </sourceSystem>
        <actionDate>2019-04-11</actionDate>
        <type>Floor</type>
        <links>
          <link>
            <url>https://www.congress.gov/congressional-record/volume-165/senate-section/page/S1602</url>
            <name>CR 2/28/2019 S1602</name>
          </link>
        </links>
        <committee />
      </item>
      <item>
        <actionDate>2019-04-11</actionDate>
        <committee>
          <systemCode>ssju00</systemCode>
          <name>Judiciary Committee</name>
        </committee>
        <links>
          <link>
            <url>https://www.congress.gov/congressional-record/volume-165/senate-section/page/S2455</url>
            <name>S2455</name>
          </link>
        </links>
        <sourceSystem>
          <code>0</code>
          <name>Senate</name>
        </sourceSystem>
        <text>Senate Committee on the Judiciary discharged by Unanimous Consent. (consideration: CR S2455)</text>
        <type>Discharge</type>
      </item>
      <item>
        <actionCode>14500</actionCode>
        <text>Senate Committee on the Judiciary discharged by Unanimous Consent.(consideration: CR S2455)</text>
        <sourceSystem>
          <code>9</code>
          <name>Library of Congress</name>
        </sourceSystem>
        <actionDate>2019-04-11</actionDate>
        <type>Committee</type>
        <links>
          <link>
            <url>https://www.congress.gov/congressional-record/volume-165/senate-section/page/S2455</url>
            <name>S2455</name>
          </link>
        </links>
        <committee>
          <systemCode>ssju00</systemCode>
          <name>Judiciary Committee</name>
        </committee>
      </item>
      <item>
        <actionDate>2019-02-28</actionDate>
        <committee>
          <systemCode>ssju00</systemCode>
          <name>Judiciary Committee</name>
        </committee>
        <links />
        <sourceSystem>
          <code>0</code>
          <name>Senate</name>
        </sourceSystem>
        <text>Referred to the Committee on the Judiciary.</text>
        <type>IntroReferral</type>
      </item>
      <item>
        <actionCode>10000</actionCode>
        <text>Introduced in Senate</text>
        <sourceSystem>
          <code>9</code>
          <name>Library of Congress</name>
        </sourceSystem>
        <actionDate>2019-02-28</actionDate>
        <type>IntroReferral</type>
        <links />
        <committee />
      </item>
      <actionByCounts>
        <senate>6</senate>
      </actionByCounts>
    </actions>
    <originChamber>Senate</originChamber>
    <committees>
      <billCommittees>
        <item>
          <subcommittees />
          <type>Standing</type>
          <systemCode>ssju00</systemCode>
          <chamber>Senate</chamber>
          <name>Judiciary Committee</name>
          <activities>
            <item>
              <date>2019-04-11T20:59:37Z</date>
              <name>Discharged from</name>
            </item>
            <item>
              <date>2019-02-28T18:36:53Z</date>
              <name>Referred to</name>
            </item>
          </activities>
        </item>
      </billCommittees>
    </committees>
    <introducedDate>2019-02-28</introducedDate>
    <subjects>
      <billSubjects>
        <legislativeSubjects>
          <item>
            <name>Aging</name>
          </item>
          <item>
            <name>Child care and development</name>
          </item>
          <item>
            <name>Child health</name>
          </item>
          <item>
            <name>Commemorative events and holidays</name>
          </item>
          <item>
            <name>Congressional tributes</name>
          </item>
          <item>
            <name>Disability and paralysis</name>
          </item>
          <item>
            <name>Disability assistance</name>
          </item>
          <item>
            <name>Social work, volunteer service, charitable organizations</name>
          </item>
          <item>
            <name>Veterans' education, employment, rehabilitation</name>
          </item>
          <item>
            <name>Veterans' medical care</name>
          </item>
        </legislativeSubjects>
        <policyArea>
          <name>Social Welfare</name>
        </policyArea>
      </billSubjects>
    </subjects>
    <cosponsors>
      <item>
        <party>R</party>
        <lastName>PORTMAN</lastName>
        <firstName>ROB</firstName>
        <bioguideId>P000449</bioguideId>
        <state>OH</state>
        <sponsorshipDate>2019-02-28</sponsorshipDate>
        <fullName>Sen. Portman, Rob [R-OH]</fullName>
        <identifiers>
          <bioguideId>P000449</bioguideId>
          <gpoId>8266</gpoId>
          <lisID>924</lisID>
        </identifiers>
        <middleName />
        <sponsorshipWithdrawnDate />
        <isOriginalCosponsor>True</isOriginalCosponsor>
      </item>
      <item>
        <party>R</party>
        <lastName>GRASSLEY</lastName>
        <firstName>CHARLES</firstName>
        <bioguideId>G000386</bioguideId>
        <state>IA</state>
        <sponsorshipDate>2019-03-27</sponsorshipDate>
        <fullName>Sen. Grassley, Chuck [R-IA]</fullName>
        <identifiers>
          <bioguideId>G000386</bioguideId>
          <lisID>457</lisID>
          <gpoId>8316</gpoId>
        </identifiers>
        <middleName>ERNEST</middleName>
        <sponsorshipWithdrawnDate />
        <isOriginalCosponsor>False</isOriginalCosponsor>
      </item>
      <item>
        <party>D</party>
        <lastName>MURRAY</lastName>
        <firstName>PATTY</firstName>
        <bioguideId>M001111</bioguideId>
        <state>WA</state>
        <sponsorshipDate>2019-04-01</sponsorshipDate>
        <fullName>Sen. Murray, Patty [D-WA]</fullName>
        <identifiers>
          <bioguideId>M001111</bioguideId>
          <gpoId>8237</gpoId>
          <lisID>1409</lisID>
        </identifiers>
        <middleName />
        <sponsorshipWithdrawnDate />
        <isOriginalCosponsor>False</isOriginalCosponsor>
      </item>
      <item>
        <party>D</party>
        <lastName>WYDEN</lastName>
        <firstName>RON</firstName>
        <bioguideId>W000779</bioguideId>
        <state>OR</state>
        <sponsorshipDate>2019-04-01</sponsorshipDate>
        <fullName>Sen. Wyden, Ron [D-OR]</fullName>
        <identifiers>
          <bioguideId>W000779</bioguideId>
          <lisID>1247</lisID>
          <gpoId>8265</gpoId>
        </identifiers>
        <middleName />
        <sponsorshipWithdrawnDate />
        <isOriginalCosponsor>False</isOriginalCosponsor>
      </item>
      <item>
        <party>D</party>
        <lastName>CARPER</lastName>
        <firstName>THOMAS</firstName>
        <bioguideId>C000174</bioguideId>
        <state>DE</state>
        <sponsorshipDate>2019-04-01</sponsorshipDate>
        <fullName>Sen. Carper, Thomas R. [D-DE]</fullName>
        <identifiers>
          <lisID>179</lisID>
          <gpoId>8283</gpoId>
          <bioguideId>C000174</bioguideId>
        </identifiers>
        <middleName>R.</middleName>
        <sponsorshipWithdrawnDate />
        <isOriginalCosponsor>False</isOriginalCosponsor>
      </item>
      <item>
        <party>D</party>
        <lastName>Coons</lastName>
        <firstName>Christopher</firstName>
        <bioguideId>C001088</bioguideId>
        <state>DE</state>
        <sponsorshipDate>2019-04-01</sponsorshipDate>
        <fullName>Sen. Coons, Christopher A. [D-DE]</fullName>
        <identifiers>
          <lisID>1984</lisID>
          <gpoId>8297</gpoId>
          <bioguideId>C001088</bioguideId>
        </identifiers>
        <middleName>A.</middleName>
        <sponsorshipWithdrawnDate />
        <isOriginalCosponsor>False</isOriginalCosponsor>
      </item>
      <item>
        <party>D</party>
        <lastName>Jones</lastName>
        <firstName>Doug</firstName>
        <bioguideId>J000300</bioguideId>
        <state>AL</state>
        <sponsorshipDate>2019-04-01</sponsorshipDate>
        <fullName>Sen. Jones, Doug  [D-AL]</fullName>
        <identifiers>
          <lisID>2364</lisID>
          <gpoId />
          <bioguideId>J000300</bioguideId>
        </identifiers>
        <middleName />
        <sponsorshipWithdrawnDate />
        <isOriginalCosponsor>False</isOriginalCosponsor>
      </item>
      <item>
        <party>D</party>
        <lastName>DURBIN</lastName>
        <firstName>RICHARD</firstName>
        <bioguideId>D000563</bioguideId>
        <state>IL</state>
        <sponsorshipDate>2019-04-01</sponsorshipDate>
        <fullName>Sen. Durbin, Richard J. [D-IL]</fullName>
        <identifiers>
          <bioguideId>D000563</bioguideId>
          <gpoId>8326</gpoId>
          <lisID>326</lisID>
        </identifiers>
        <middleName>J.</middleName>
        <sponsorshipWithdrawnDate />
        <isOriginalCosponsor>False</isOriginalCosponsor>
      </item>
      <item>
        <party>D</party>
        <lastName>CARDIN</lastName>
        <firstName>BENJAMIN</firstName>
        <bioguideId>C000141</bioguideId>
        <state>MD</state>
        <sponsorshipDate>2019-04-01</sponsorshipDate>
        <fullName>Sen. Cardin, Benjamin L. [D-MD]</fullName>
        <identifiers>
          <bioguideId>C000141</bioguideId>
          <gpoId>8287</gpoId>
          <lisID>174</lisID>
        </identifiers>
        <middleName>L.</middleName>
        <sponsorshipWithdrawnDate />
        <isOriginalCosponsor>False</isOriginalCosponsor>
      </item>
      <item>
        <party>R</party>
        <lastName>COLLINS</lastName>
        <firstName>SUSAN</firstName>
        <bioguideId>C001035</bioguideId>
        <state>ME</state>
        <sponsorshipDate>2019-04-02</sponsorshipDate>
        <fullName>Sen. Collins, Susan M. [R-ME]</fullName>
        <identifiers>
          <lisID>1541</lisID>
          <gpoId>8291</gpoId>
          <bioguideId>C001035</bioguideId>
        </identifiers>
        <middleName>MARGARET</middleName>
        <sponsorshipWithdrawnDate />
        <isOriginalCosponsor>False</isOriginalCosponsor>
      </item>
      <item>
        <party>R</party>
        <lastName>CAPITO</lastName>
        <firstName>SHELLEY</firstName>
        <bioguideId>C001047</bioguideId>
        <state>WV</state>
        <sponsorshipDate>2019-04-02</sponsorshipDate>
        <fullName>Sen. Capito, Shelley Moore [R-WV]</fullName>
        <identifiers>
          <lisID>1676</lisID>
          <gpoId>8223</gpoId>
          <bioguideId>C001047</bioguideId>
        </identifiers>
        <middleName>MOORE</middleName>
        <sponsorshipWithdrawnDate />
        <isOriginalCosponsor>False</isOriginalCosponsor>
      </item>
      <item>
        <party>D</party>
        <lastName>MARKEY</lastName>
        <firstName>EDWARD</firstName>
        <bioguideId>M000133</bioguideId>
        <state>MA</state>
        <sponsorshipDate>2019-04-03</sponsorshipDate>
        <fullName>Sen. Markey, Edward J. [D-MA]</fullName>
        <identifiers>
          <lisID>735</lisID>
          <gpoId>7972</gpoId>
          <bioguideId>M000133</bioguideId>
        </identifiers>
        <middleName>J.</middleName>
        <sponsorshipWithdrawnDate />
        <isOriginalCosponsor>False</isOriginalCosponsor>
      </item>
      <item>
        <party>D</party>
        <lastName>Casey</lastName>
        <firstName>Bob</firstName>
        <bioguideId>C001070</bioguideId>
        <state>PA</state>
        <sponsorshipDate>2019-04-03</sponsorshipDate>
        <fullName>Sen. Casey, Robert P., Jr. [D-PA]</fullName>
        <identifiers>
          <bioguideId>C001070</bioguideId>
          <gpoId>8282</gpoId>
          <lisID>1828</lisID>
        </identifiers>
        <middleName />
        <sponsorshipWithdrawnDate />
        <isOriginalCosponsor>False</isOriginalCosponsor>
      </item>
      <item>
        <party>D</party>
        <lastName>Duckworth</lastName>
        <firstName>Tammy</firstName>
        <bioguideId>D000622</bioguideId>
        <state>IL</state>
        <sponsorshipDate>2019-04-09</sponsorshipDate>
        <fullName>Sen. Duckworth, Tammy [D-IL]</fullName>
        <identifiers>
          <lisID>2123</lisID>
          <gpoId />
          <bioguideId>D000622</bioguideId>
        </identifiers>
        <middleName />
        <sponsorshipWithdrawnDate />
        <isOriginalCosponsor>False</isOriginalCosponsor>
      </item>
      <item>
        <party>D</party>
        <lastName>Peters</lastName>
        <firstName>Gary</firstName>
        <bioguideId>P000595</bioguideId>
        <state>MI</state>
        <sponsorshipDate>2019-04-09</sponsorshipDate>
        <fullName>Sen. Peters, Gary C. [D-MI]</fullName>
        <identifiers>
          <lisID>1929</lisID>
          <gpoId>7994</gpoId>
          <bioguideId>P000595</bioguideId>
        </identifiers>
        <middleName>C.</middleName>
        <sponsorshipWithdrawnDate />
        <isOriginalCosponsor>False</isOriginalCosponsor>
      </item>
      <item>
        <party>D</party>
        <lastName>FEINSTEIN</lastName>
        <firstName>DIANNE</firstName>
        <bioguideId>F000062</bioguideId>
        <state>CA</state>
        <sponsorshipDate>2019-04-09</sponsorshipDate>
        <fullName>Sen. Feinstein, Dianne [D-CA]</fullName>
        <identifiers>
          <lisID>1332</lisID>
          <gpoId>8338</gpoId>
          <bioguideId>F000062</bioguideId>
        </identifiers>
        <middleName />
        <sponsorshipWithdrawnDate />
        <isOriginalCosponsor>False</isOriginalCosponsor>
      </item>
      <item>
        <party>D</party>
        <lastName>Hassan</lastName>
        <firstName>Margaret</firstName>
        <bioguideId>H001076</bioguideId>
        <state>NH</state>
        <sponsorshipDate>2019-04-09</sponsorshipDate>
        <fullName>Sen. Hassan, Margaret Wood [D-NH]</fullName>
        <identifiers>
          <lisID>2302</lisID>
          <gpoId />
          <bioguideId>H001076</bioguideId>
        </identifiers>
        <middleName>Wood</middleName>
        <sponsorshipWithdrawnDate />
        <isOriginalCosponsor>False</isOriginalCosponsor>
      </item>
      <item>
        <party>D</party>
        <lastName>Tester</lastName>
        <firstName>Jon</firstName>
        <bioguideId>T000464</bioguideId>
        <state>MT</state>
        <sponsorshipDate>2019-04-09</sponsorshipDate>
        <fullName>Sen. Tester, Jon [D-MT]</fullName>
        <identifiers>
          <lisID>1829</lisID>
          <gpoId>8258</gpoId>
          <bioguideId>T000464</bioguideId>
        </identifiers>
        <middleName />
        <sponsorshipWithdrawnDate />
        <isOriginalCosponsor>False</isOriginalCosponsor>
      </item>
      <item>
        <party>D</party>
        <lastName>Van Hollen</lastName>
        <firstName>Chris</firstName>
        <bioguideId>V000128</bioguideId>
        <state>MD</state>
        <sponsorshipDate>2019-04-10</sponsorshipDate>
        <fullName>Sen. Van Hollen, Chris [D-MD]</fullName>
        <identifiers>
          <bioguideId>V000128</bioguideId>
          <gpoId>7983</gpoId>
          <lisID>1729</lisID>
        </identifiers>
        <middleName />
        <sponsorshipWithdrawnDate />
        <isOriginalCosponsor>False</isOriginalCosponsor>
      </item>
      <item>
        <party>D</party>
        <lastName>STABENOW</lastName>
        <firstName>DEBORAH</firstName>
        <bioguideId>S000770</bioguideId>
        <state>MI</state>
        <sponsorshipDate>2019-04-10</sponsorshipDate>
        <fullName>Sen. Stabenow, Debbie [D-MI]</fullName>
        <identifiers>
          <lisID>1531</lisID>
          <gpoId>8261</gpoId>
          <bioguideId>S000770</bioguideId>
        </identifiers>
        <middleName>ANN</middleName>
        <sponsorshipWithdrawnDate />
        <isOriginalCosponsor>False</isOriginalCosponsor>
      </item>
      <item>
        <party>D</party>
        <lastName>CANTWELL</lastName>
        <firstName>MARIA</firstName>
        <bioguideId>C000127</bioguideId>
        <state>WA</state>
        <sponsorshipDate>2019-04-10</sponsorshipDate>
        <fullName>Sen. Cantwell, Maria [D-WA]</fullName>
        <identifiers>
          <lisID>172</lisID>
          <gpoId>8288</gpoId>
          <bioguideId>C000127</bioguideId>
        </identifiers>
        <middleName />
        <sponsorshipWithdrawnDate />
        <isOriginalCosponsor>False</isOriginalCosponsor>
      </item>
      <item>
        <party>R</party>
        <lastName>Blackburn</lastName>
        <firstName>Marsha</firstName>
        <bioguideId>B001243</bioguideId>
        <state>TN</state>
        <sponsorshipDate>2019-04-11</sponsorshipDate>
        <fullName>Sen. Blackburn, Marsha [R-TN]</fullName>
        <identifiers>
          <bioguideId>B001243</bioguideId>
          <gpoId>8154</gpoId>
          <lisID>1748</lisID>
        </identifiers>
        <middleName />
        <sponsorshipWithdrawnDate />
        <isOriginalCosponsor>False</isOriginalCosponsor>
      </item>
    </cosponsors>
    <billType>SRES</billType>
    <laws />
  </bill>
  <dublinCore xmlns:dc="http://purl.org/dc/elements/1.1/">
    <dc:format>text/xml</dc:format>
    <dc:language>EN</dc:language>
    <dc:rights>Pursuant to Title 17 Section 105 of the United States Code, this file is not subject to copyright protection and is in the public domain.</dc:rights>
    <dc:contributor>Congressional Research Service, Library of Congress</dc:contributor>
    <dc:description>This file contains bill summaries and statuses for federal legislation. A bill summary describes the most significant provisions of a piece of legislation and details the effects the legislative text may have on current law and federal programs. Bill summaries are authored by the Congressional Research Service (CRS) of the Library of Congress. As stated in Public Law 91-510 (2 USC 166 (d)(6)), one of the duties of CRS is "to prepare summaries and digests of bills and resolutions of a public general nature introduced in the Senate or House of Representatives". For more information, refer to the User Guide that accompanies this file.</dc:description>
  </dublinCore>
</billStatus>

