<?xml version="1.0" encoding="UTF-8"?>
<billStatus>
  <bill>
    <createDate>2019-08-01T07:42:16Z</createDate>
    <relatedBills>
      <item>
        <type>HRES</type>
        <latestTitle>Honoring the 50th anniversary of the return of the Indiana Rangers.</latestTitle>
        <latestAction>
          <text>Referred to the House Committee on Armed Services.</text>
          <actionDate>2019-07-23</actionDate>
        </latestAction>
        <congress>116</congress>
        <number>508</number>
        <relationshipDetails>
          <item>
            <identifiedBy>CRS</identifiedBy>
            <type>Related bill</type>
          </item>
        </relationshipDetails>
      </item>
    </relatedBills>
    <updateDate>2019-08-16T10:41:45Z</updateDate>
    <title>A resolution honoring the 50th anniversary of the return of the Indiana Rangers.</title>
    <recordedVotes />
    <calendarNumbers />
    <actions>
      <actionTypeCounts>
        <passedAgreedToInSenate>1</passedAgreedToInSenate>
        <introducedInSenate>1</introducedInSenate>
        <passedOrAgreedToInSenateDayOf>1</passedOrAgreedToInSenateDayOf>
      </actionTypeCounts>
      <item>
        <actionDate>2019-07-31</actionDate>
        <committee />
        <links>
          <link>
            <url>https://www.congress.gov/congressional-record/volume-165/senate-section/page/S5259</url>
            <name>S5259</name>
          </link>
          <link>
            <url>https://www.congress.gov/congressional-record/volume-165/senate-section/page/S5275</url>
            <name>S5275</name>
          </link>
        </links>
        <sourceSystem>
          <name>Senate</name>
          <code>0</code>
        </sourceSystem>
        <text>Submitted in the Senate, considered, and agreed to without amendment and with a preamble by Unanimous Consent. (consideration: CR S5275; text: CR S5259)</text>
        <type>Floor</type>
      </item>
      <item>
        <links>
          <link>
            <url>https://www.congress.gov/congressional-record/volume-165/senate-section/page/S5259</url>
            <name>S5259</name>
          </link>
          <link>
            <url>https://www.congress.gov/congressional-record/volume-165/senate-section/page/S5275</url>
            <name>S5275</name>
          </link>
        </links>
        <type>Floor</type>
        <text>Passed/agreed to in Senate: Submitted in the Senate, considered, and agreed to without amendment and with a preamble by Unanimous Consent.(consideration: CR S5275; text: CR S5259)</text>
        <actionCode>17000</actionCode>
        <committee />
        <sourceSystem>
          <name>Library of Congress</name>
          <code>9</code>
        </sourceSystem>
        <actionDate>2019-07-31</actionDate>
      </item>
      <item>
        <links />
        <type>IntroReferral</type>
        <text>Introduced in Senate</text>
        <actionCode>10000</actionCode>
        <committee />
        <sourceSystem>
          <name>Library of Congress</name>
          <code>9</code>
        </sourceSystem>
        <actionDate>2019-07-31</actionDate>
      </item>
      <actionByCounts>
        <senate>3</senate>
      </actionByCounts>
    </actions>
    <billNumber>301</billNumber>
    <policyArea>
      <name>Armed Forces and National Security</name>
    </policyArea>
    <version>1.0.0</version>
    <sponsors>
      <item>
        <party>R</party>
        <bioguideId>B001310</bioguideId>
        <fullName>Sen. Braun, Mike  [R-IN]</fullName>
        <lastName>Braun</lastName>
        <middleName />
        <byRequestType />
        <state>IN</state>
        <firstName>Mike</firstName>
        <identifiers>
          <bioguideId>B001310</bioguideId>
          <lisID>2462</lisID>
          <gpoId />
        </identifiers>
      </item>
    </sponsors>
    <cosponsors>
      <item>
        <firstName>Todd</firstName>
        <party>R</party>
        <sponsorshipWithdrawnDate />
        <fullName>Sen. Young, Todd [R-IN]</fullName>
        <state>IN</state>
        <isOriginalCosponsor>True</isOriginalCosponsor>
        <middleName />
        <identifiers>
          <bioguideId>Y000064</bioguideId>
          <lisID>2019</lisID>
          <gpoId>7948</gpoId>
        </identifiers>
        <lastName>Young</lastName>
        <bioguideId>Y000064</bioguideId>
        <sponsorshipDate>2019-07-31</sponsorshipDate>
      </item>
    </cosponsors>
    <textVersions>
      <item>
        <type>Agreed to Senate</type>
        <date>2019-07-31T04:00:00Z</date>
        <formats>
          <item>
            <url>https://www.govinfo.gov/content/pkg/BILLS-116sres301ats/xml/BILLS-116sres301ats.xml</url>
          </item>
        </formats>
      </item>
    </textVersions>
    <titles>
      <item>
        <title>A resolution honoring the 50th anniversary of the return of the Indiana Rangers.</title>
        <parentTitleType />
        <titleType>Official Title as Introduced</titleType>
        <chamberCode />
        <chamberName />
      </item>
      <item>
        <title>A resolution honoring the 50th anniversary of the return of the Indiana Rangers.</title>
        <parentTitleType />
        <titleType>Display Title</titleType>
        <chamberCode />
        <chamberName />
      </item>
    </titles>
    <amendments />
    <laws />
    <congress>116</congress>
    <notes />
    <committees>
      <billCommittees />
    </committees>
    <originChamber>Senate</originChamber>
    <billType>SRES</billType>
    <cboCostEstimates />
    <committeeReports />
    <introducedDate>2019-07-31</introducedDate>
    <summaries>
      <billSummaries>
        <item>
          <actionDate>2019-07-31</actionDate>
          <lastSummaryUpdateDate>2019-08-06T21:36:46Z</lastSummaryUpdateDate>
          <actionDesc>Introduced in Senate</actionDesc>
          <text><![CDATA[<p>This resolution commemorates the 50th anniversary of the return from service in the Vietnam War of the Indiana Rangers.</p>]]></text>
          <versionCode>00</versionCode>
          <name>Introduced in Senate</name>
          <updateDate>2019-07-31T04:00:00Z</updateDate>
        </item>
        <item>
          <actionDate>2019-07-31</actionDate>
          <lastSummaryUpdateDate>2019-08-06T21:38:27Z</lastSummaryUpdateDate>
          <actionDesc>Passed Senate</actionDesc>
          <text><![CDATA[<p>This resolution commemorates the 50th anniversary of the return from service in the Vietnam War of the Indiana Rangers.</p>]]></text>
          <versionCode>55</versionCode>
          <name>Passed Senate</name>
          <updateDate>2019-07-31T18:20:03Z</updateDate>
        </item>
      </billSummaries>
    </summaries>
    <latestAction>
      <text>Submitted in the Senate, considered, and agreed to without amendment and with a preamble by Unanimous Consent. (consideration: CR S5275; text: CR S5259)</text>
      <links />
      <actionDate>2019-07-31</actionDate>
    </latestAction>
    <subjects>
      <billSubjects>
        <policyArea>
          <name>Armed Forces and National Security</name>
        </policyArea>
        <legislativeSubjects>
          <item>
            <name>Asia</name>
          </item>
          <item>
            <name>Commemorative events and holidays</name>
          </item>
          <item>
            <name>Conflicts and wars</name>
          </item>
          <item>
            <name>Congressional tributes</name>
          </item>
          <item>
            <name>Indiana</name>
          </item>
          <item>
            <name>Military history</name>
          </item>
          <item>
            <name>Military personnel and dependents</name>
          </item>
          <item>
            <name>National Guard and reserves</name>
          </item>
          <item>
            <name>Veterans' organizations and recognition</name>
          </item>
          <item>
            <name>Vietnam</name>
          </item>
        </legislativeSubjects>
      </billSubjects>
    </subjects>
  </bill>
  <dublinCore xmlns:dc="http://purl.org/dc/elements/1.1/">
    <dc:format>text/xml</dc:format>
    <dc:language>EN</dc:language>
    <dc:rights>Pursuant to Title 17 Section 105 of the United States Code, this file is not subject to copyright protection and is in the public domain.</dc:rights>
    <dc:contributor>Congressional Research Service, Library of Congress</dc:contributor>
    <dc:description>This file contains bill summaries and statuses for federal legislation. A bill summary describes the most significant provisions of a piece of legislation and details the effects the legislative text may have on current law and federal programs. Bill summaries are authored by the Congressional Research Service (CRS) of the Library of Congress. As stated in Public Law 91-510 (2 USC 166 (d)(6)), one of the duties of CRS is "to prepare summaries and digests of bills and resolutions of a public general nature introduced in the Senate or House of Representatives". For more information, refer to the User Guide that accompanies this file.</dc:description>
  </dublinCore>
</billStatus>

