<?xml version="1.0" encoding="UTF-8"?>
<billStatus>
  <bill>
    <summaries>
      <billSummaries>
        <item>
          <updateDate>2019-09-12T04:00:00Z</updateDate>
          <name>Introduced in Senate</name>
          <actionDate>2019-09-12</actionDate>
          <actionDesc>Introduced in Senate</actionDesc>
          <text><![CDATA[<p>This resolution recognizes the semiquincentennial of the community of Wheeling, West Virginia.</p>]]></text>
          <versionCode>00</versionCode>
          <lastSummaryUpdateDate>2019-09-27T19:59:46Z</lastSummaryUpdateDate>
        </item>
      </billSummaries>
    </summaries>
    <updateDate>2019-10-02T04:27:38Z</updateDate>
    <subjects>
      <billSubjects>
        <legislativeSubjects />
        <policyArea>
          <name>Government Operations and Politics</name>
        </policyArea>
      </billSubjects>
    </subjects>
    <committeeReports />
    <createDate>2019-09-13T04:27:13Z</createDate>
    <sponsors>
      <item>
        <bioguideId>C001047</bioguideId>
        <byRequestType />
        <fullName>Sen. Capito, Shelley Moore [R-WV]</fullName>
        <party>R</party>
        <state>WV</state>
        <middleName>MOORE</middleName>
        <identifiers>
          <lisID>1676</lisID>
          <gpoId>8223</gpoId>
          <bioguideId>C001047</bioguideId>
        </identifiers>
        <lastName>CAPITO</lastName>
        <firstName>SHELLEY</firstName>
      </item>
    </sponsors>
    <policyArea>
      <name>Government Operations and Politics</name>
    </policyArea>
    <billType>SRES</billType>
    <latestAction>
      <actionDate>2019-09-12</actionDate>
      <text>Submitted in the Senate, considered, and agreed to without amendment and with a preamble by Unanimous Consent. (consideration: CR S5478-5479; text: CR S5477)</text>
      <links />
    </latestAction>
    <notes />
    <cosponsors>
      <item>
        <sponsorshipDate>2019-09-12</sponsorshipDate>
        <bioguideId>M001183</bioguideId>
        <fullName>Sen. Manchin, Joe, III [D-WV]</fullName>
        <party>D</party>
        <state>WV</state>
        <middleName />
        <identifiers>
          <lisID>1983</lisID>
          <gpoId>8256</gpoId>
          <bioguideId>M001183</bioguideId>
        </identifiers>
        <isOriginalCosponsor>True</isOriginalCosponsor>
        <sponsorshipWithdrawnDate />
        <lastName>Manchin</lastName>
        <firstName>Joe</firstName>
      </item>
    </cosponsors>
    <originChamber>Senate</originChamber>
    <billNumber>310</billNumber>
    <calendarNumbers />
    <amendments />
    <introducedDate>2019-09-12</introducedDate>
    <version>1.0.0</version>
    <cboCostEstimates />
    <relatedBills />
    <textVersions>
      <item>
        <formats>
          <item>
            <url>https://www.govinfo.gov/content/pkg/BILLS-116sres310ats/xml/BILLS-116sres310ats.xml</url>
          </item>
        </formats>
        <type>Agreed to Senate</type>
        <date>2019-09-12T04:00:00Z</date>
      </item>
    </textVersions>
    <recordedVotes />
    <congress>116</congress>
    <title>A resolution recognizing the semiquincentennial of the community of Wheeling, West Virginia.</title>
    <titles>
      <item>
        <title>A resolution recognizing the semiquincentennial of the community of Wheeling, West Virginia.</title>
        <chamberCode />
        <titleType>Official Title as Introduced</titleType>
        <parentTitleType />
        <chamberName />
      </item>
      <item>
        <title>A resolution recognizing the semiquincentennial of the community of Wheeling, West Virginia.</title>
        <chamberCode />
        <titleType>Display Title</titleType>
        <parentTitleType />
        <chamberName />
      </item>
    </titles>
    <committees>
      <billCommittees />
    </committees>
    <actions>
      <actionTypeCounts>
        <passedOrAgreedToInSenateDayOf>1</passedOrAgreedToInSenateDayOf>
        <introducedInSenate>1</introducedInSenate>
        <passedAgreedToInSenate>1</passedAgreedToInSenate>
      </actionTypeCounts>
      <actionByCounts>
        <senate>3</senate>
      </actionByCounts>
      <item>
        <actionDate>2019-09-12</actionDate>
        <committee />
        <links>
          <link>
            <name>S5477</name>
            <url>https://www.congress.gov/congressional-record/volume-165/senate-section/page/S5477</url>
          </link>
          <link>
            <name>S5478-5479</name>
            <url>https://www.congress.gov/congressional-record/volume-165/senate-section/page/S5478-5479</url>
          </link>
        </links>
        <sourceSystem>
          <name>Senate</name>
          <code>0</code>
        </sourceSystem>
        <text>Submitted in the Senate, considered, and agreed to without amendment and with a preamble by Unanimous Consent. (consideration: CR S5478-5479; text: CR S5477)</text>
        <type>Floor</type>
      </item>
      <item>
        <sourceSystem>
          <name>Library of Congress</name>
          <code>9</code>
        </sourceSystem>
        <links>
          <link>
            <name>S5477</name>
            <url>https://www.congress.gov/congressional-record/volume-165/senate-section/page/S5477</url>
          </link>
          <link>
            <name>S5478-5479</name>
            <url>https://www.congress.gov/congressional-record/volume-165/senate-section/page/S5478-5479</url>
          </link>
        </links>
        <actionDate>2019-09-12</actionDate>
        <text>Passed/agreed to in Senate: Submitted in the Senate, considered, and agreed to without amendment and with a preamble by Unanimous Consent.(consideration: CR S5478-5479; text: CR S5477)</text>
        <actionCode>17000</actionCode>
        <type>Floor</type>
        <committee />
      </item>
      <item>
        <sourceSystem>
          <name>Library of Congress</name>
          <code>9</code>
        </sourceSystem>
        <links />
        <actionDate>2019-09-12</actionDate>
        <text>Introduced in Senate</text>
        <actionCode>10000</actionCode>
        <type>IntroReferral</type>
        <committee />
      </item>
    </actions>
    <laws />
  </bill>
  <dublinCore xmlns:dc="http://purl.org/dc/elements/1.1/">
    <dc:format>text/xml</dc:format>
    <dc:language>EN</dc:language>
    <dc:rights>Pursuant to Title 17 Section 105 of the United States Code, this file is not subject to copyright protection and is in the public domain.</dc:rights>
    <dc:contributor>Congressional Research Service, Library of Congress</dc:contributor>
    <dc:description>This file contains bill summaries and statuses for federal legislation. A bill summary describes the most significant provisions of a piece of legislation and details the effects the legislative text may have on current law and federal programs. Bill summaries are authored by the Congressional Research Service (CRS) of the Library of Congress. As stated in Public Law 91-510 (2 USC 166 (d)(6)), one of the duties of CRS is "to prepare summaries and digests of bills and resolutions of a public general nature introduced in the Senate or House of Representatives". For more information, refer to the User Guide that accompanies this file.</dc:description>
  </dublinCore>
</billStatus>

