<?xml version="1.0" encoding="UTF-8"?>
<billStatus>
  <bill>
    <policyArea>
      <name>International Affairs</name>
    </policyArea>
    <relatedBills />
    <introducedDate>2019-01-17</introducedDate>
    <committeeReports />
    <amendments />
    <textVersions>
      <item>
        <type>Introduced in Senate</type>
        <date>2019-01-17T05:00:00Z</date>
        <formats>
          <item>
            <url>https://www.govinfo.gov/content/pkg/BILLS-116sres20is/xml/BILLS-116sres20is.xml</url>
          </item>
        </formats>
      </item>
    </textVersions>
    <cboCostEstimates />
    <subjects>
      <billSubjects>
        <legislativeSubjects>
          <item>
            <name>Abortion</name>
          </item>
          <item>
            <name>Family planning and birth control</name>
          </item>
          <item>
            <name>Foreign aid and international relief</name>
          </item>
        </legislativeSubjects>
        <policyArea>
          <name>International Affairs</name>
        </policyArea>
      </billSubjects>
    </subjects>
    <laws />
    <calendarNumbers />
    <notes />
    <actions>
      <actionByCounts>
        <senate>2</senate>
      </actionByCounts>
      <item>
        <actionDate>2019-01-17</actionDate>
        <committee>
          <systemCode>ssfr00</systemCode>
          <name>Foreign Relations Committee</name>
        </committee>
        <links />
        <sourceSystem>
          <name>Senate</name>
          <code>0</code>
        </sourceSystem>
        <text>Referred to the Committee on Foreign Relations.</text>
        <type>IntroReferral</type>
      </item>
      <item>
        <committee />
        <type>IntroReferral</type>
        <actionDate>2019-01-17</actionDate>
        <actionCode>10000</actionCode>
        <text>Introduced in Senate</text>
        <links />
        <sourceSystem>
          <name>Library of Congress</name>
          <code>9</code>
        </sourceSystem>
      </item>
      <actionTypeCounts>
        <referredToCommittee>1</referredToCommittee>
        <introducedInSenate>1</introducedInSenate>
      </actionTypeCounts>
    </actions>
    <originChamber>Senate</originChamber>
    <committees>
      <billCommittees>
        <item>
          <type>Standing</type>
          <chamber>Senate</chamber>
          <systemCode>ssfr00</systemCode>
          <name>Foreign Relations Committee</name>
          <activities>
            <item>
              <name>Referred to</name>
              <date>2019-01-17T22:59:39Z</date>
            </item>
          </activities>
          <subcommittees />
        </item>
      </billCommittees>
    </committees>
    <titles>
      <item>
        <titleType>Official Title as Introduced</titleType>
        <chamberCode />
        <title>A resolution expressing the sense of the Senate that the Protecting Life in Global Health Assistance policy should be permanently established.</title>
        <parentTitleType />
        <chamberName />
      </item>
      <item>
        <titleType>Display Title</titleType>
        <chamberCode />
        <title>A resolution expressing the sense of the Senate that the Protecting Life in Global Health Assistance policy should be permanently established.</title>
        <parentTitleType />
        <chamberName />
      </item>
    </titles>
    <summaries>
      <billSummaries>
        <item>
          <versionCode>00</versionCode>
          <text><![CDATA[<p>This resolution expresses the sense of the Senate that Congress should expeditiously consider codifying into law the Protecting Life in Global Health Assistance policy, which prohibits U.S. foreign assistance funds from going to organizations that perform abortions or actively promote them for family planning. </p>]]></text>
          <actionDate>2019-01-17</actionDate>
          <lastSummaryUpdateDate>2019-05-07T14:47:31Z</lastSummaryUpdateDate>
          <actionDesc>Introduced in Senate</actionDesc>
          <updateDate>2019-01-17T05:00:00Z</updateDate>
          <name>Introduced in Senate</name>
        </item>
      </billSummaries>
    </summaries>
    <recordedVotes />
    <title>A resolution expressing the sense of the Senate that the Protecting Life in Global Health Assistance policy should be permanently established.</title>
    <sponsors>
      <item>
        <party>R</party>
        <state>UT</state>
        <identifiers>
          <lisID>2080</lisID>
          <gpoId>8303</gpoId>
          <bioguideId>L000577</bioguideId>
        </identifiers>
        <middleName />
        <byRequestType />
        <bioguideId>L000577</bioguideId>
        <firstName>Mike</firstName>
        <fullName>Sen. Lee, Mike [R-UT]</fullName>
        <lastName>Lee</lastName>
      </item>
    </sponsors>
    <cosponsors>
      <item>
        <party>R</party>
        <lastName>Braun</lastName>
        <firstName>Mike</firstName>
        <bioguideId>B001310</bioguideId>
        <state>IN</state>
        <sponsorshipDate>2019-01-17</sponsorshipDate>
        <fullName>Sen. Braun, Mike  [R-IN]</fullName>
        <identifiers>
          <lisID>2462</lisID>
          <gpoId />
          <bioguideId>B001310</bioguideId>
        </identifiers>
        <middleName />
        <sponsorshipWithdrawnDate />
        <isOriginalCosponsor>True</isOriginalCosponsor>
      </item>
      <item>
        <party>R</party>
        <lastName>Cramer</lastName>
        <firstName>Kevin</firstName>
        <bioguideId>C001096</bioguideId>
        <state>ND</state>
        <sponsorshipDate>2019-01-17</sponsorshipDate>
        <fullName>Sen. Cramer, Kevin [R-ND]</fullName>
        <identifiers>
          <lisID>2144</lisID>
          <gpoId />
          <bioguideId>C001096</bioguideId>
        </identifiers>
        <middleName />
        <sponsorshipWithdrawnDate />
        <isOriginalCosponsor>True</isOriginalCosponsor>
      </item>
      <item>
        <party>R</party>
        <lastName>Cassidy</lastName>
        <firstName>Bill</firstName>
        <bioguideId>C001075</bioguideId>
        <state>LA</state>
        <sponsorshipDate>2019-01-17</sponsorshipDate>
        <fullName>Sen. Cassidy, Bill [R-LA]</fullName>
        <identifiers>
          <lisID>1925</lisID>
          <gpoId>7964</gpoId>
          <bioguideId>C001075</bioguideId>
        </identifiers>
        <middleName />
        <sponsorshipWithdrawnDate />
        <isOriginalCosponsor>True</isOriginalCosponsor>
      </item>
      <item>
        <party>R</party>
        <lastName>WICKER</lastName>
        <firstName>ROGER</firstName>
        <bioguideId>W000437</bioguideId>
        <state>MS</state>
        <sponsorshipDate>2019-01-17</sponsorshipDate>
        <fullName>Sen. Wicker, Roger F. [R-MS]</fullName>
        <identifiers>
          <bioguideId>W000437</bioguideId>
          <gpoId>8263</gpoId>
          <lisID>1226</lisID>
        </identifiers>
        <middleName>F.</middleName>
        <sponsorshipWithdrawnDate />
        <isOriginalCosponsor>True</isOriginalCosponsor>
      </item>
      <item>
        <party>R</party>
        <lastName>ROBERTS</lastName>
        <firstName>PAT</firstName>
        <bioguideId>R000307</bioguideId>
        <state>KS</state>
        <sponsorshipDate>2019-01-17</sponsorshipDate>
        <fullName>Sen. Roberts, Pat [R-KS]</fullName>
        <identifiers>
          <lisID>968</lisID>
          <gpoId>8275</gpoId>
          <bioguideId>R000307</bioguideId>
        </identifiers>
        <middleName />
        <sponsorshipWithdrawnDate />
        <isOriginalCosponsor>True</isOriginalCosponsor>
      </item>
      <item>
        <party>R</party>
        <lastName>INHOFE</lastName>
        <firstName>JIM</firstName>
        <bioguideId>I000024</bioguideId>
        <state>OK</state>
        <sponsorshipDate>2019-01-17</sponsorshipDate>
        <fullName>Sen. Inhofe, James M. [R-OK]</fullName>
        <identifiers>
          <lisID>583</lisID>
          <gpoId>8322</gpoId>
          <bioguideId>I000024</bioguideId>
        </identifiers>
        <middleName />
        <sponsorshipWithdrawnDate />
        <isOriginalCosponsor>True</isOriginalCosponsor>
      </item>
      <item>
        <party>R</party>
        <lastName>Rounds</lastName>
        <firstName>Mike</firstName>
        <bioguideId>R000605</bioguideId>
        <state>SD</state>
        <sponsorshipDate>2019-01-17</sponsorshipDate>
        <fullName>Sen. Rounds, Mike  [R-SD]</fullName>
        <identifiers>
          <lisID>2288</lisID>
          <gpoId />
          <bioguideId>R000605</bioguideId>
        </identifiers>
        <middleName />
        <sponsorshipWithdrawnDate />
        <isOriginalCosponsor>True</isOriginalCosponsor>
      </item>
      <item>
        <party>R</party>
        <lastName>Hyde-Smith</lastName>
        <firstName>Cindy</firstName>
        <bioguideId>H001079</bioguideId>
        <state>MS</state>
        <sponsorshipDate>2019-01-17</sponsorshipDate>
        <fullName>Sen. Hyde-Smith, Cindy [R-MS]</fullName>
        <identifiers>
          <lisID>2366</lisID>
          <gpoId />
          <bioguideId>H001079</bioguideId>
        </identifiers>
        <middleName />
        <sponsorshipWithdrawnDate />
        <isOriginalCosponsor>True</isOriginalCosponsor>
      </item>
      <item>
        <party>R</party>
        <lastName>Blunt</lastName>
        <firstName>Roy</firstName>
        <bioguideId>B000575</bioguideId>
        <state>MO</state>
        <sponsorshipDate>2019-01-17</sponsorshipDate>
        <fullName>Sen. Blunt, Roy [R-MO]</fullName>
        <identifiers>
          <lisID>1464</lisID>
          <gpoId>8313</gpoId>
          <bioguideId>B000575</bioguideId>
        </identifiers>
        <middleName />
        <sponsorshipWithdrawnDate />
        <isOriginalCosponsor>True</isOriginalCosponsor>
      </item>
      <item>
        <party>R</party>
        <lastName>Ernst</lastName>
        <firstName>Joni</firstName>
        <bioguideId>E000295</bioguideId>
        <state>IA</state>
        <sponsorshipDate>2019-01-17</sponsorshipDate>
        <fullName>Sen. Ernst, Joni  [R-IA]</fullName>
        <identifiers>
          <bioguideId>E000295</bioguideId>
          <gpoId />
          <lisID>2283</lisID>
        </identifiers>
        <middleName />
        <sponsorshipWithdrawnDate />
        <isOriginalCosponsor>True</isOriginalCosponsor>
      </item>
      <item>
        <party>R</party>
        <lastName>Daines</lastName>
        <firstName>Steve</firstName>
        <bioguideId>D000618</bioguideId>
        <state>MT</state>
        <sponsorshipDate>2019-01-17</sponsorshipDate>
        <fullName>Sen. Daines, Steve [R-MT]</fullName>
        <identifiers>
          <bioguideId>D000618</bioguideId>
          <lisID>2138</lisID>
          <gpoId />
        </identifiers>
        <middleName />
        <sponsorshipWithdrawnDate />
        <isOriginalCosponsor>True</isOriginalCosponsor>
      </item>
      <item>
        <party>R</party>
        <lastName>Rubio</lastName>
        <firstName>Marco</firstName>
        <bioguideId>R000595</bioguideId>
        <state>FL</state>
        <sponsorshipDate>2019-01-17</sponsorshipDate>
        <fullName>Sen. Rubio, Marco [R-FL]</fullName>
        <identifiers>
          <lisID>2084</lisID>
          <gpoId>8242</gpoId>
          <bioguideId>R000595</bioguideId>
        </identifiers>
        <middleName />
        <sponsorshipWithdrawnDate />
        <isOriginalCosponsor>True</isOriginalCosponsor>
      </item>
      <item>
        <party>R</party>
        <lastName>Hawley</lastName>
        <firstName>Josh</firstName>
        <bioguideId>H001089</bioguideId>
        <state>MO</state>
        <sponsorshipDate>2019-01-17</sponsorshipDate>
        <fullName>Sen. Hawley, Josh  [R-MO]</fullName>
        <identifiers>
          <bioguideId>H001089</bioguideId>
          <lisID>2464</lisID>
          <gpoId />
        </identifiers>
        <middleName />
        <sponsorshipWithdrawnDate />
        <isOriginalCosponsor>True</isOriginalCosponsor>
      </item>
      <item>
        <party>R</party>
        <lastName>MCCONNELL</lastName>
        <firstName>MITCH</firstName>
        <bioguideId>M000355</bioguideId>
        <state>KY</state>
        <sponsorshipDate>2019-01-17</sponsorshipDate>
        <fullName>Sen. McConnell, Mitch [R-KY]</fullName>
        <identifiers>
          <bioguideId>M000355</bioguideId>
          <gpoId>8254</gpoId>
          <lisID>1395</lisID>
        </identifiers>
        <middleName />
        <sponsorshipWithdrawnDate />
        <isOriginalCosponsor>True</isOriginalCosponsor>
      </item>
      <item>
        <party>R</party>
        <lastName>Cornyn</lastName>
        <firstName>John</firstName>
        <bioguideId>C001056</bioguideId>
        <state>TX</state>
        <sponsorshipDate>2019-01-17</sponsorshipDate>
        <fullName>Sen. Cornyn, John [R-TX]</fullName>
        <identifiers>
          <lisID>1692</lisID>
          <gpoId>8295</gpoId>
          <bioguideId>C001056</bioguideId>
        </identifiers>
        <middleName />
        <sponsorshipWithdrawnDate />
        <isOriginalCosponsor>True</isOriginalCosponsor>
      </item>
      <item>
        <party>R</party>
        <lastName>Sasse</lastName>
        <firstName>Ben</firstName>
        <bioguideId>S001197</bioguideId>
        <state>NE</state>
        <sponsorshipDate>2019-01-17</sponsorshipDate>
        <fullName>Sen. Sasse, Ben  [R-NE]</fullName>
        <identifiers>
          <lisID>2289</lisID>
          <gpoId />
          <bioguideId>S001197</bioguideId>
        </identifiers>
        <middleName />
        <sponsorshipWithdrawnDate />
        <isOriginalCosponsor>True</isOriginalCosponsor>
      </item>
      <item>
        <party>R</party>
        <lastName>Cotton</lastName>
        <firstName>Tom</firstName>
        <bioguideId>C001095</bioguideId>
        <state>AR</state>
        <sponsorshipDate>2019-01-17</sponsorshipDate>
        <fullName>Sen. Cotton, Tom [R-AR]</fullName>
        <identifiers>
          <lisID>2098</lisID>
          <gpoId />
          <bioguideId>C001095</bioguideId>
        </identifiers>
        <middleName />
        <sponsorshipWithdrawnDate />
        <isOriginalCosponsor>True</isOriginalCosponsor>
      </item>
      <item>
        <party>R</party>
        <lastName>Risch</lastName>
        <firstName>James</firstName>
        <bioguideId>R000584</bioguideId>
        <state>ID</state>
        <sponsorshipDate>2019-01-17</sponsorshipDate>
        <fullName>Sen. Risch, James E. [R-ID]</fullName>
        <identifiers>
          <lisID>1896</lisID>
          <gpoId>8274</gpoId>
          <bioguideId>R000584</bioguideId>
        </identifiers>
        <middleName>E.</middleName>
        <sponsorshipWithdrawnDate />
        <isOriginalCosponsor>True</isOriginalCosponsor>
      </item>
      <item>
        <party>R</party>
        <lastName>THUNE</lastName>
        <firstName>JOHN</firstName>
        <bioguideId>T000250</bioguideId>
        <state>SD</state>
        <sponsorshipDate>2019-01-17</sponsorshipDate>
        <fullName>Sen. Thune, John [R-SD]</fullName>
        <identifiers>
          <bioguideId>T000250</bioguideId>
          <lisID>1534</lisID>
          <gpoId>8257</gpoId>
        </identifiers>
        <middleName>R.</middleName>
        <sponsorshipWithdrawnDate />
        <isOriginalCosponsor>True</isOriginalCosponsor>
      </item>
      <item>
        <party>R</party>
        <lastName>Barrasso</lastName>
        <firstName>John</firstName>
        <bioguideId>B001261</bioguideId>
        <state>WY</state>
        <sponsorshipDate>2019-01-17</sponsorshipDate>
        <fullName>Sen. Barrasso, John [R-WY]</fullName>
        <identifiers>
          <lisID>1881</lisID>
          <gpoId>8300</gpoId>
          <bioguideId>B001261</bioguideId>
        </identifiers>
        <middleName />
        <sponsorshipWithdrawnDate />
        <isOriginalCosponsor>True</isOriginalCosponsor>
      </item>
      <item>
        <party>R</party>
        <lastName>Blackburn</lastName>
        <firstName>Marsha</firstName>
        <bioguideId>B001243</bioguideId>
        <state>TN</state>
        <sponsorshipDate>2019-01-17</sponsorshipDate>
        <fullName>Sen. Blackburn, Marsha [R-TN]</fullName>
        <identifiers>
          <bioguideId>B001243</bioguideId>
          <lisID>1748</lisID>
          <gpoId>8154</gpoId>
        </identifiers>
        <middleName />
        <sponsorshipWithdrawnDate />
        <isOriginalCosponsor>True</isOriginalCosponsor>
      </item>
      <item>
        <party>R</party>
        <lastName>Kennedy</lastName>
        <firstName>John</firstName>
        <bioguideId>K000393</bioguideId>
        <state>LA</state>
        <sponsorshipDate>2019-01-17</sponsorshipDate>
        <fullName>Sen. Kennedy, John [R-LA]</fullName>
        <identifiers>
          <bioguideId>K000393</bioguideId>
          <lisID>2303</lisID>
          <gpoId />
        </identifiers>
        <middleName>Neely</middleName>
        <sponsorshipWithdrawnDate />
        <isOriginalCosponsor>True</isOriginalCosponsor>
      </item>
      <item>
        <party>R</party>
        <lastName>CRAPO</lastName>
        <firstName>MICHAEL</firstName>
        <bioguideId>C000880</bioguideId>
        <state>ID</state>
        <sponsorshipDate>2019-01-17</sponsorshipDate>
        <fullName>Sen. Crapo, Mike [R-ID]</fullName>
        <identifiers>
          <lisID>250</lisID>
          <gpoId>8289</gpoId>
          <bioguideId>C000880</bioguideId>
        </identifiers>
        <middleName>D.</middleName>
        <sponsorshipWithdrawnDate />
        <isOriginalCosponsor>True</isOriginalCosponsor>
      </item>
      <item>
        <party>R</party>
        <lastName>Scott</lastName>
        <firstName>Tim</firstName>
        <bioguideId>S001184</bioguideId>
        <state>SC</state>
        <sponsorshipDate>2019-01-17</sponsorshipDate>
        <fullName>Sen. Scott, Tim [R-SC]</fullName>
        <identifiers>
          <lisID>2056</lisID>
          <gpoId>8141</gpoId>
          <bioguideId>S001184</bioguideId>
        </identifiers>
        <middleName />
        <sponsorshipWithdrawnDate />
        <isOriginalCosponsor>True</isOriginalCosponsor>
      </item>
      <item>
        <party>R</party>
        <lastName>Moran</lastName>
        <firstName>Jerry</firstName>
        <bioguideId>M000934</bioguideId>
        <state>KS</state>
        <sponsorshipDate>2019-01-17</sponsorshipDate>
        <fullName>Sen. Moran, Jerry [R-KS]</fullName>
        <identifiers>
          <bioguideId>M000934</bioguideId>
          <lisID>1507</lisID>
          <gpoId>8307</gpoId>
        </identifiers>
        <middleName />
        <sponsorshipWithdrawnDate />
        <isOriginalCosponsor>True</isOriginalCosponsor>
      </item>
      <item>
        <party>R</party>
        <lastName>Lankford</lastName>
        <firstName>James</firstName>
        <bioguideId>L000575</bioguideId>
        <state>OK</state>
        <sponsorshipDate>2019-01-17</sponsorshipDate>
        <fullName>Sen. Lankford, James [R-OK]</fullName>
        <identifiers>
          <bioguideId>L000575</bioguideId>
          <lisID>2050</lisID>
          <gpoId>8113</gpoId>
        </identifiers>
        <middleName />
        <sponsorshipWithdrawnDate />
        <isOriginalCosponsor>True</isOriginalCosponsor>
      </item>
      <item>
        <party>R</party>
        <lastName>Fischer</lastName>
        <firstName>Deb</firstName>
        <bioguideId>F000463</bioguideId>
        <state>NE</state>
        <sponsorshipDate>2019-01-17</sponsorshipDate>
        <fullName>Sen. Fischer, Deb [R-NE]</fullName>
        <identifiers>
          <lisID>2179</lisID>
          <gpoId />
          <bioguideId>F000463</bioguideId>
        </identifiers>
        <middleName />
        <sponsorshipWithdrawnDate />
        <isOriginalCosponsor>True</isOriginalCosponsor>
      </item>
      <item>
        <party>R</party>
        <lastName>ENZI</lastName>
        <firstName>MICHAEL</firstName>
        <bioguideId>E000285</bioguideId>
        <state>WY</state>
        <sponsorshipDate>2019-01-17</sponsorshipDate>
        <fullName>Sen. Enzi, Michael B. [R-WY]</fullName>
        <identifiers>
          <bioguideId>E000285</bioguideId>
          <gpoId>8328</gpoId>
          <lisID>1542</lisID>
        </identifiers>
        <middleName>B.</middleName>
        <sponsorshipWithdrawnDate />
        <isOriginalCosponsor>True</isOriginalCosponsor>
      </item>
      <item>
        <party>R</party>
        <lastName>Cruz</lastName>
        <firstName>Ted</firstName>
        <bioguideId>C001098</bioguideId>
        <state>TX</state>
        <sponsorshipDate>2019-01-23</sponsorshipDate>
        <fullName>Sen. Cruz, Ted [R-TX]</fullName>
        <identifiers>
          <lisID>2175</lisID>
          <gpoId />
          <bioguideId>C001098</bioguideId>
        </identifiers>
        <middleName />
        <sponsorshipWithdrawnDate />
        <isOriginalCosponsor>False</isOriginalCosponsor>
      </item>
      <item>
        <party>R</party>
        <lastName>Toomey</lastName>
        <firstName>Pat</firstName>
        <bioguideId>T000461</bioguideId>
        <state>PA</state>
        <sponsorshipDate>2019-01-31</sponsorshipDate>
        <fullName>Sen. Toomey, Pat [R-PA]</fullName>
        <identifiers>
          <lisID>1594</lisID>
          <gpoId />
          <bioguideId>T000461</bioguideId>
        </identifiers>
        <middleName />
        <sponsorshipWithdrawnDate />
        <isOriginalCosponsor>False</isOriginalCosponsor>
      </item>
      <item>
        <party>R</party>
        <lastName>Perdue</lastName>
        <firstName>David</firstName>
        <bioguideId>P000612</bioguideId>
        <state>GA</state>
        <sponsorshipDate>2019-01-31</sponsorshipDate>
        <fullName>Sen. Perdue, David [R-GA]</fullName>
        <identifiers>
          <bioguideId>P000612</bioguideId>
          <gpoId />
          <lisID>2286</lisID>
        </identifiers>
        <middleName>Alfred</middleName>
        <sponsorshipWithdrawnDate />
        <isOriginalCosponsor>False</isOriginalCosponsor>
      </item>
    </cosponsors>
    <billNumber>20</billNumber>
    <congress>116</congress>
    <latestAction>
      <links />
      <actionDate>2019-01-17</actionDate>
      <text>Referred to the Committee on Foreign Relations.</text>
    </latestAction>
    <billType>SRES</billType>
    <updateDate>2019-11-15T21:56:12Z</updateDate>
    <createDate>2019-01-18T05:55:13Z</createDate>
    <version>1.0.0</version>
  </bill>
  <dublinCore xmlns:dc="http://purl.org/dc/elements/1.1/">
    <dc:format>text/xml</dc:format>
    <dc:language>EN</dc:language>
    <dc:rights>Pursuant to Title 17 Section 105 of the United States Code, this file is not subject to copyright protection and is in the public domain.</dc:rights>
    <dc:contributor>Congressional Research Service, Library of Congress</dc:contributor>
    <dc:description>This file contains bill summaries and statuses for federal legislation. A bill summary describes the most significant provisions of a piece of legislation and details the effects the legislative text may have on current law and federal programs. Bill summaries are authored by the Congressional Research Service (CRS) of the Library of Congress. As stated in Public Law 91-510 (2 USC 166 (d)(6)), one of the duties of CRS is "to prepare summaries and digests of bills and resolutions of a public general nature introduced in the Senate or House of Representatives". For more information, refer to the User Guide that accompanies this file.</dc:description>
  </dublinCore>
</billStatus>

