<?xml version="1.0" encoding="UTF-8"?>
<billStatus>
  <bill>
    <billNumber>436</billNumber>
    <committeeReports />
    <cboCostEstimates />
    <summaries>
      <billSummaries />
    </summaries>
    <notes />
    <createDate>2019-11-22T05:42:33Z</createDate>
    <cosponsors>
      <item>
        <party>R</party>
        <state>GA</state>
        <identifiers>
          <lisID>1608</lisID>
          <gpoId>8323</gpoId>
          <bioguideId>I000055</bioguideId>
        </identifiers>
        <middleName />
        <sponsorshipWithdrawnDate />
        <bioguideId>I000055</bioguideId>
        <isOriginalCosponsor>True</isOriginalCosponsor>
        <firstName>Johnny</firstName>
        <fullName>Sen. Isakson, Johnny [R-GA]</fullName>
        <sponsorshipDate>2019-11-21</sponsorshipDate>
        <lastName>Isakson</lastName>
      </item>
    </cosponsors>
    <originChamber>Senate</originChamber>
    <amendments />
    <updateDate>2019-11-22T14:57:36Z</updateDate>
    <relatedBills />
    <latestAction>
      <text>Referred to the Committee on Health, Education, Labor, and Pensions. (text: CR S6759)</text>
      <actionDate>2019-11-21</actionDate>
      <links />
    </latestAction>
    <introducedDate>2019-11-21</introducedDate>
    <laws />
    <subjects>
      <billSubjects>
        <legislativeSubjects />
      </billSubjects>
    </subjects>
    <calendarNumbers />
    <textVersions />
    <version>1.0.0</version>
    <policyArea />
    <recordedVotes />
    <sponsors>
      <item>
        <bioguideId>B000944</bioguideId>
        <state>OH</state>
        <party>D</party>
        <fullName>Sen. Brown, Sherrod [D-OH]</fullName>
        <firstName>Sherrod</firstName>
        <lastName>Brown</lastName>
        <byRequestType />
        <middleName />
        <identifiers>
          <bioguideId>B000944</bioguideId>
          <lisID>136</lisID>
          <gpoId>8309</gpoId>
        </identifiers>
      </item>
    </sponsors>
    <billType>SRES</billType>
    <title>A resolution supporting the goals, activities, and ideals of Prematurity Awareness Month.</title>
    <congress>116</congress>
    <committees>
      <billCommittees>
        <item>
          <type>Standing</type>
          <chamber>Senate</chamber>
          <systemCode>sshr00</systemCode>
          <name>Health, Education, Labor, and Pensions Committee</name>
          <activities>
            <item>
              <name>Referred to</name>
              <date>2019-11-21T20:20:55Z</date>
            </item>
          </activities>
          <subcommittees />
        </item>
      </billCommittees>
    </committees>
    <actions>
      <actionByCounts>
        <senate>2</senate>
      </actionByCounts>
      <item>
        <actionDate>2019-11-21</actionDate>
        <committee>
          <name>Health, Education, Labor, and Pensions Committee</name>
          <systemCode>sshr00</systemCode>
        </committee>
        <links>
          <link>
            <url>https://www.congress.gov/congressional-record/volume-165/senate-section/page/S6759</url>
            <name>S6759</name>
          </link>
        </links>
        <sourceSystem>
          <code>0</code>
          <name>Senate</name>
        </sourceSystem>
        <text>Referred to the Committee on Health, Education, Labor, and Pensions. (text: CR S6759)</text>
        <type>IntroReferral</type>
      </item>
      <item>
        <actionDate>2019-11-21</actionDate>
        <committee />
        <type>IntroReferral</type>
        <actionCode>10000</actionCode>
        <links />
        <sourceSystem>
          <code>9</code>
          <name>Library of Congress</name>
        </sourceSystem>
        <text>Introduced in Senate</text>
      </item>
      <actionTypeCounts>
        <referredToCommittee>1</referredToCommittee>
        <introducedInSenate>1</introducedInSenate>
      </actionTypeCounts>
    </actions>
    <titles>
      <item>
        <parentTitleType />
        <chamberCode />
        <title>A resolution supporting the goals, activities, and ideals of Prematurity Awareness Month.</title>
        <titleType>Official Title as Introduced</titleType>
        <chamberName />
      </item>
      <item>
        <parentTitleType />
        <chamberCode />
        <title>A resolution supporting the goals, activities, and ideals of Prematurity Awareness Month.</title>
        <titleType>Display Title</titleType>
        <chamberName />
      </item>
    </titles>
  </bill>
  <dublinCore xmlns:dc="http://purl.org/dc/elements/1.1/">
    <dc:format>text/xml</dc:format>
    <dc:language>EN</dc:language>
    <dc:rights>Pursuant to Title 17 Section 105 of the United States Code, this file is not subject to copyright protection and is in the public domain.</dc:rights>
    <dc:contributor>Congressional Research Service, Library of Congress</dc:contributor>
    <dc:description>This file contains bill summaries and statuses for federal legislation. A bill summary describes the most significant provisions of a piece of legislation and details the effects the legislative text may have on current law and federal programs. Bill summaries are authored by the Congressional Research Service (CRS) of the Library of Congress. As stated in Public Law 91-510 (2 USC 166 (d)(6)), one of the duties of CRS is "to prepare summaries and digests of bills and resolutions of a public general nature introduced in the Senate or House of Representatives". For more information, refer to the User Guide that accompanies this file.</dc:description>
  </dublinCore>
</billStatus>

