<?xml version="1.0" encoding="UTF-8"?>
<billStatus>
  <bill>
    <textVersions>
      <item>
        <type>Introduced in Senate</type>
        <date>2019-11-06T05:00:00Z</date>
        <formats>
          <item>
            <url>https://www.govinfo.gov/content/pkg/BILLS-116sres409is/xml/BILLS-116sres409is.xml</url>
          </item>
        </formats>
      </item>
    </textVersions>
    <title>A resolution requesting information on Turkey's human rights practices in Syria pursuant to section 502B(c) of the Foreign Assistance Act of 1961.</title>
    <version>1.0.0</version>
    <originChamber>Senate</originChamber>
    <titles>
      <item>
        <title>A resolution requesting information on Turkey's human rights practices in Syria pursuant to section 502B(c) of the Foreign Assistance Act of 1961.</title>
        <parentTitleType />
        <chamberName />
        <titleType>Official Title as Introduced</titleType>
        <chamberCode />
      </item>
      <item>
        <title>A resolution requesting information on Turkey's human rights practices in Syria pursuant to section 502B(c) of the Foreign Assistance Act of 1961.</title>
        <parentTitleType />
        <chamberName />
        <titleType>Display Title</titleType>
        <chamberCode />
      </item>
    </titles>
    <summaries>
      <billSummaries />
    </summaries>
    <createDate>2019-11-07T05:27:28Z</createDate>
    <committeeReports />
    <policyArea>
      <name>International Affairs</name>
    </policyArea>
    <actions>
      <item>
        <actionDate>2019-11-06</actionDate>
        <committee>
          <systemCode>ssfr00</systemCode>
          <name>Foreign Relations Committee</name>
        </committee>
        <links>
          <link>
            <name>S6451</name>
            <url>https://www.congress.gov/congressional-record/volume-165/senate-section/page/S6451</url>
          </link>
        </links>
        <sourceSystem>
          <name>Senate</name>
          <code>0</code>
        </sourceSystem>
        <text>Referred to the Committee on Foreign Relations. (text: CR S6451)</text>
        <type>IntroReferral</type>
      </item>
      <item>
        <text>Introduced in Senate</text>
        <actionDate>2019-11-06</actionDate>
        <links />
        <type>IntroReferral</type>
        <actionCode>10000</actionCode>
        <committee />
        <sourceSystem>
          <name>Library of Congress</name>
          <code>9</code>
        </sourceSystem>
      </item>
      <actionTypeCounts>
        <introducedInSenate>1</introducedInSenate>
        <referredToCommittee>1</referredToCommittee>
      </actionTypeCounts>
      <actionByCounts>
        <senate>2</senate>
      </actionByCounts>
    </actions>
    <updateDate>2019-11-26T20:45:35Z</updateDate>
    <cboCostEstimates />
    <billNumber>409</billNumber>
    <sponsors>
      <item>
        <party>D</party>
        <middleName />
        <identifiers>
          <gpoId>8239</gpoId>
          <lisID>791</lisID>
          <bioguideId>M000639</bioguideId>
        </identifiers>
        <fullName>Sen. Menendez, Robert [D-NJ]</fullName>
        <bioguideId>M000639</bioguideId>
        <firstName>Robert</firstName>
        <byRequestType />
        <lastName>Menendez</lastName>
        <state>NJ</state>
      </item>
    </sponsors>
    <billType>SRES</billType>
    <cosponsors>
      <item>
        <middleName />
        <sponsorshipDate>2019-11-06</sponsorshipDate>
        <bioguideId>M001169</bioguideId>
        <fullName>Sen. Murphy, Christopher [D-CT]</fullName>
        <identifiers>
          <gpoId>7870</gpoId>
          <lisID>1837</lisID>
          <bioguideId>M001169</bioguideId>
        </identifiers>
        <firstName>Christopher</firstName>
        <lastName>Murphy</lastName>
        <state>CT</state>
        <sponsorshipWithdrawnDate />
        <isOriginalCosponsor>True</isOriginalCosponsor>
        <party>D</party>
      </item>
      <item>
        <middleName />
        <sponsorshipDate>2019-11-14</sponsorshipDate>
        <bioguideId>S001181</bioguideId>
        <fullName>Sen. Shaheen, Jeanne [D-NH]</fullName>
        <identifiers>
          <gpoId>8276</gpoId>
          <lisID>1901</lisID>
          <bioguideId>S001181</bioguideId>
        </identifiers>
        <firstName>Jeanne</firstName>
        <lastName>Shaheen</lastName>
        <state>NH</state>
        <sponsorshipWithdrawnDate />
        <isOriginalCosponsor>False</isOriginalCosponsor>
        <party>D</party>
      </item>
      <item>
        <middleName>JOSEPH</middleName>
        <sponsorshipDate>2019-11-14</sponsorshipDate>
        <bioguideId>L000174</bioguideId>
        <fullName>Sen. Leahy, Patrick J. [D-VT]</fullName>
        <identifiers>
          <gpoId>8244</gpoId>
          <lisID>1383</lisID>
          <bioguideId>L000174</bioguideId>
        </identifiers>
        <firstName>PATRICK</firstName>
        <lastName>LEAHY</lastName>
        <state>VT</state>
        <sponsorshipWithdrawnDate />
        <isOriginalCosponsor>False</isOriginalCosponsor>
        <party>D</party>
      </item>
    </cosponsors>
    <notes />
    <relatedBills />
    <amendments />
    <committees>
      <billCommittees>
        <item>
          <systemCode>ssfr00</systemCode>
          <name>Foreign Relations Committee</name>
          <subcommittees />
          <chamber>Senate</chamber>
          <type>Standing</type>
          <activities>
            <item>
              <date>2019-11-06T20:01:05Z</date>
              <name>Referred to</name>
            </item>
          </activities>
        </item>
      </billCommittees>
    </committees>
    <subjects>
      <billSubjects>
        <policyArea>
          <name>International Affairs</name>
        </policyArea>
        <legislativeSubjects>
          <item>
            <name>Asia</name>
          </item>
          <item>
            <name>Conflicts and wars</name>
          </item>
          <item>
            <name>Congressional oversight</name>
          </item>
          <item>
            <name>Detention of persons</name>
          </item>
          <item>
            <name>Diplomacy, foreign officials, Americans abroad</name>
          </item>
          <item>
            <name>Europe</name>
          </item>
          <item>
            <name>Foreign aid and international relief</name>
          </item>
          <item>
            <name>Human rights</name>
          </item>
          <item>
            <name>Middle East</name>
          </item>
          <item>
            <name>Military assistance, sales, and agreements</name>
          </item>
          <item>
            <name>Military operations and strategy</name>
          </item>
          <item>
            <name>Refugees, asylum, displaced persons</name>
          </item>
          <item>
            <name>Russia</name>
          </item>
          <item>
            <name>Syria</name>
          </item>
          <item>
            <name>Terrorism</name>
          </item>
          <item>
            <name>Turkey</name>
          </item>
        </legislativeSubjects>
      </billSubjects>
    </subjects>
    <latestAction>
      <links />
      <actionDate>2019-11-06</actionDate>
      <text>Referred to the Committee on Foreign Relations. (text: CR S6451)</text>
    </latestAction>
    <laws />
    <calendarNumbers />
    <recordedVotes />
    <introducedDate>2019-11-06</introducedDate>
    <congress>116</congress>
  </bill>
  <dublinCore xmlns:dc="http://purl.org/dc/elements/1.1/">
    <dc:format>text/xml</dc:format>
    <dc:language>EN</dc:language>
    <dc:rights>Pursuant to Title 17 Section 105 of the United States Code, this file is not subject to copyright protection and is in the public domain.</dc:rights>
    <dc:contributor>Congressional Research Service, Library of Congress</dc:contributor>
    <dc:description>This file contains bill summaries and statuses for federal legislation. A bill summary describes the most significant provisions of a piece of legislation and details the effects the legislative text may have on current law and federal programs. Bill summaries are authored by the Congressional Research Service (CRS) of the Library of Congress. As stated in Public Law 91-510 (2 USC 166 (d)(6)), one of the duties of CRS is "to prepare summaries and digests of bills and resolutions of a public general nature introduced in the Senate or House of Representatives". For more information, refer to the User Guide that accompanies this file.</dc:description>
  </dublinCore>
</billStatus>

