<?xml version="1.0" encoding="UTF-8"?>
<billStatus>
  <bill>
    <policyArea>
      <name>Congress</name>
    </policyArea>
    <relatedBills />
    <introducedDate>2019-11-12</introducedDate>
    <committeeReports />
    <amendments />
    <textVersions>
      <item>
        <type>Agreed to Senate</type>
        <date>2019-11-12T05:00:00Z</date>
        <formats>
          <item>
            <url>https://www.govinfo.gov/content/pkg/BILLS-116sres419ats/xml/BILLS-116sres419ats.xml</url>
          </item>
        </formats>
      </item>
    </textVersions>
    <cboCostEstimates />
    <subjects>
      <billSubjects>
        <policyArea>
          <name>Congress</name>
        </policyArea>
        <legislativeSubjects>
          <item>
            <name>Charitable contributions</name>
          </item>
          <item>
            <name>Congressional officers and employees</name>
          </item>
          <item>
            <name>Congressional operations and organization</name>
          </item>
          <item>
            <name>Members of Congress</name>
          </item>
          <item>
            <name>Military personnel and dependents</name>
          </item>
          <item>
            <name>Senate</name>
          </item>
          <item>
            <name>Social work, volunteer service, charitable organizations</name>
          </item>
        </legislativeSubjects>
      </billSubjects>
    </subjects>
    <laws />
    <calendarNumbers />
    <notes />
    <actions>
      <actionByCounts>
        <senate>4</senate>
      </actionByCounts>
      <item>
        <actionDate>2019-11-13</actionDate>
        <committee />
        <links />
        <sourceSystem>
          <code>0</code>
          <name>Senate</name>
        </sourceSystem>
        <text>Star Print ordered on the resolution.</text>
        <type>Floor</type>
      </item>
      <item>
        <actionDate>2019-11-12</actionDate>
        <committee />
        <links>
          <link>
            <url>https://www.congress.gov/congressional-record/volume-165/senate-section/page/S6511</url>
            <name>S6511</name>
          </link>
          <link>
            <url>https://www.congress.gov/congressional-record/volume-165/senate-section/page/S6512</url>
            <name>S6512</name>
          </link>
        </links>
        <sourceSystem>
          <code>0</code>
          <name>Senate</name>
        </sourceSystem>
        <text>Submitted in the Senate, considered, and agreed to without amendment by Unanimous Consent. (consideration: CR S6512; text: CR S6511)</text>
        <type>Floor</type>
      </item>
      <item>
        <actionDate>2019-11-12</actionDate>
        <committee />
        <type>Floor</type>
        <actionCode>17000</actionCode>
        <links>
          <link>
            <url>https://www.congress.gov/congressional-record/volume-165/senate-section/page/S6511</url>
            <name>S6511</name>
          </link>
          <link>
            <url>https://www.congress.gov/congressional-record/volume-165/senate-section/page/S6512</url>
            <name>S6512</name>
          </link>
        </links>
        <sourceSystem>
          <code>9</code>
          <name>Library of Congress</name>
        </sourceSystem>
        <text>Passed/agreed to in Senate: Submitted in the Senate, considered, and agreed to without amendment by Unanimous Consent.(consideration: CR S6512; text: CR S6511)</text>
      </item>
      <item>
        <actionDate>2019-11-12</actionDate>
        <committee />
        <type>IntroReferral</type>
        <actionCode>10000</actionCode>
        <links />
        <sourceSystem>
          <code>9</code>
          <name>Library of Congress</name>
        </sourceSystem>
        <text>Introduced in Senate</text>
      </item>
      <actionTypeCounts>
        <passedAgreedToInSenate>1</passedAgreedToInSenate>
        <starPrintOrdered>1</starPrintOrdered>
        <introducedInSenate>1</introducedInSenate>
        <passedOrAgreedToInSenateDayOf>1</passedOrAgreedToInSenateDayOf>
      </actionTypeCounts>
    </actions>
    <originChamber>Senate</originChamber>
    <committees>
      <billCommittees />
    </committees>
    <titles>
      <item>
        <title>A resolution permitting the collection of clothing, toys, food, and housewares during the holiday season for charitable purposes in Senate buildings.</title>
        <chamberCode />
        <parentTitleType />
        <titleType>Official Title as Introduced</titleType>
        <chamberName />
      </item>
      <item>
        <title>A resolution permitting the collection of clothing, toys, food, and housewares during the holiday season for charitable purposes in Senate buildings.</title>
        <chamberCode />
        <parentTitleType />
        <titleType>Display Title</titleType>
        <chamberName />
      </item>
    </titles>
    <summaries>
      <billSummaries />
    </summaries>
    <recordedVotes />
    <title>A resolution permitting the collection of clothing, toys, food, and housewares during the holiday season for charitable purposes in Senate buildings.</title>
    <sponsors>
      <item>
        <party>D</party>
        <state>MT</state>
        <identifiers>
          <lisID>1829</lisID>
          <gpoId>8258</gpoId>
          <bioguideId>T000464</bioguideId>
        </identifiers>
        <middleName />
        <byRequestType />
        <bioguideId>T000464</bioguideId>
        <firstName>Jon</firstName>
        <fullName>Sen. Tester, Jon [D-MT]</fullName>
        <lastName>Tester</lastName>
      </item>
    </sponsors>
    <cosponsors>
      <item>
        <firstName>Johnny</firstName>
        <isOriginalCosponsor>True</isOriginalCosponsor>
        <middleName />
        <fullName>Sen. Isakson, Johnny [R-GA]</fullName>
        <lastName>Isakson</lastName>
        <identifiers>
          <lisID>1608</lisID>
          <gpoId>8323</gpoId>
          <bioguideId>I000055</bioguideId>
        </identifiers>
        <sponsorshipWithdrawnDate />
        <state>GA</state>
        <bioguideId>I000055</bioguideId>
        <party>R</party>
        <sponsorshipDate>2019-11-12</sponsorshipDate>
      </item>
    </cosponsors>
    <billNumber>419</billNumber>
    <congress>116</congress>
    <latestAction>
      <links />
      <actionDate>2019-11-13</actionDate>
      <text>Star Print ordered on the resolution.</text>
    </latestAction>
    <billType>SRES</billType>
    <updateDate>2019-11-20T05:43:23Z</updateDate>
    <createDate>2019-11-13T05:27:29Z</createDate>
    <version>1.0.0</version>
  </bill>
  <dublinCore xmlns:dc="http://purl.org/dc/elements/1.1/">
    <dc:format>text/xml</dc:format>
    <dc:language>EN</dc:language>
    <dc:rights>Pursuant to Title 17 Section 105 of the United States Code, this file is not subject to copyright protection and is in the public domain.</dc:rights>
    <dc:contributor>Congressional Research Service, Library of Congress</dc:contributor>
    <dc:description>This file contains bill summaries and statuses for federal legislation. A bill summary describes the most significant provisions of a piece of legislation and details the effects the legislative text may have on current law and federal programs. Bill summaries are authored by the Congressional Research Service (CRS) of the Library of Congress. As stated in Public Law 91-510 (2 USC 166 (d)(6)), one of the duties of CRS is "to prepare summaries and digests of bills and resolutions of a public general nature introduced in the Senate or House of Representatives". For more information, refer to the User Guide that accompanies this file.</dc:description>
  </dublinCore>
</billStatus>

