<?xml version="1.0" encoding="UTF-8"?>
<billStatus>
  <bill>
    <summaries>
      <billSummaries />
    </summaries>
    <congress>116</congress>
    <titles>
      <item>
        <chamberName />
        <title>A resolution expressing support for a credible, inclusive, and transparent presidential election in Afghanistan on September 28, 2019.</title>
        <parentTitleType />
        <titleType>Official Title as Introduced</titleType>
        <chamberCode />
      </item>
      <item>
        <chamberName />
        <title>A resolution expressing support for a credible, inclusive, and transparent presidential election in Afghanistan on September 28, 2019.</title>
        <parentTitleType />
        <titleType>Display Title</titleType>
        <chamberCode />
      </item>
    </titles>
    <billType>SRES</billType>
    <updateDate>2019-11-15T21:56:34Z</updateDate>
    <title>A resolution expressing support for a credible, inclusive, and transparent presidential election in Afghanistan on September 28, 2019.</title>
    <recordedVotes />
    <committees>
      <billCommittees>
        <item>
          <type>Standing</type>
          <chamber>Senate</chamber>
          <systemCode>ssfr00</systemCode>
          <name>Foreign Relations Committee</name>
          <activities>
            <item>
              <name>Referred to</name>
              <date>2019-09-26T19:40:12Z</date>
            </item>
          </activities>
          <subcommittees />
        </item>
      </billCommittees>
    </committees>
    <actions>
      <actionTypeCounts>
        <introducedInSenate>1</introducedInSenate>
        <referredToCommittee>1</referredToCommittee>
      </actionTypeCounts>
      <item>
        <actionDate>2019-09-26</actionDate>
        <committee>
          <systemCode>ssfr00</systemCode>
          <name>Foreign Relations Committee</name>
        </committee>
        <links>
          <link>
            <url>https://www.congress.gov/congressional-record/volume-165/senate-section/page/S5752-5753</url>
            <name>S5752-5753</name>
          </link>
        </links>
        <sourceSystem>
          <code>0</code>
          <name>Senate</name>
        </sourceSystem>
        <text>Referred to the Committee on Foreign Relations. (text: CR S5752-5753)</text>
        <type>IntroReferral</type>
      </item>
      <item>
        <actionCode>10000</actionCode>
        <text>Introduced in Senate</text>
        <sourceSystem>
          <code>9</code>
          <name>Library of Congress</name>
        </sourceSystem>
        <actionDate>2019-09-26</actionDate>
        <type>IntroReferral</type>
        <links />
        <committee />
      </item>
      <actionByCounts>
        <senate>2</senate>
      </actionByCounts>
    </actions>
    <createDate>2019-09-27T04:42:28Z</createDate>
    <policyArea>
      <name>International Affairs</name>
    </policyArea>
    <originChamber>Senate</originChamber>
    <committeeReports />
    <version>1.0.0</version>
    <textVersions>
      <item>
        <type>Introduced in Senate</type>
        <date>2019-09-26T04:00:00Z</date>
        <formats>
          <item>
            <url>https://www.govinfo.gov/content/pkg/BILLS-116sres344is/xml/BILLS-116sres344is.xml</url>
          </item>
        </formats>
      </item>
    </textVersions>
    <billNumber>344</billNumber>
    <notes />
    <sponsors>
      <item>
        <firstName>Jeanne</firstName>
        <middleName />
        <lastName>Shaheen</lastName>
        <identifiers>
          <bioguideId>S001181</bioguideId>
          <lisID>1901</lisID>
          <gpoId>8276</gpoId>
        </identifiers>
        <bioguideId>S001181</bioguideId>
        <byRequestType />
        <state>NH</state>
        <fullName>Sen. Shaheen, Jeanne [D-NH]</fullName>
        <party>D</party>
      </item>
    </sponsors>
    <calendarNumbers />
    <introducedDate>2019-09-26</introducedDate>
    <amendments />
    <subjects>
      <billSubjects>
        <policyArea>
          <name>International Affairs</name>
        </policyArea>
        <legislativeSubjects />
      </billSubjects>
    </subjects>
    <laws />
    <cosponsors>
      <item>
        <firstName>Thomas</firstName>
        <middleName>Roland</middleName>
        <isOriginalCosponsor>True</isOriginalCosponsor>
        <state>NC</state>
        <bioguideId>T000476</bioguideId>
        <identifiers>
          <bioguideId>T000476</bioguideId>
          <gpoId />
          <lisID>2291</lisID>
        </identifiers>
        <sponsorshipWithdrawnDate />
        <sponsorshipDate>2019-09-26</sponsorshipDate>
        <fullName>Sen. Tillis, Thom [R-NC]</fullName>
        <party>R</party>
        <lastName>Tillis</lastName>
      </item>
      <item>
        <firstName>LINDSEY</firstName>
        <middleName>O.</middleName>
        <isOriginalCosponsor>True</isOriginalCosponsor>
        <state>SC</state>
        <bioguideId>G000359</bioguideId>
        <identifiers>
          <lisID>452</lisID>
          <gpoId>8335</gpoId>
          <bioguideId>G000359</bioguideId>
        </identifiers>
        <sponsorshipWithdrawnDate />
        <sponsorshipDate>2019-09-26</sponsorshipDate>
        <fullName>Sen. Graham, Lindsey [R-SC]</fullName>
        <party>R</party>
        <lastName>GRAHAM</lastName>
      </item>
      <item>
        <firstName>Christopher</firstName>
        <middleName>A.</middleName>
        <isOriginalCosponsor>True</isOriginalCosponsor>
        <state>DE</state>
        <bioguideId>C001088</bioguideId>
        <identifiers>
          <lisID>1984</lisID>
          <gpoId>8297</gpoId>
          <bioguideId>C001088</bioguideId>
        </identifiers>
        <sponsorshipWithdrawnDate />
        <sponsorshipDate>2019-09-26</sponsorshipDate>
        <fullName>Sen. Coons, Christopher A. [D-DE]</fullName>
        <party>D</party>
        <lastName>Coons</lastName>
      </item>
      <item>
        <firstName>Joni</firstName>
        <middleName />
        <isOriginalCosponsor>True</isOriginalCosponsor>
        <state>IA</state>
        <bioguideId>E000295</bioguideId>
        <identifiers>
          <bioguideId>E000295</bioguideId>
          <gpoId />
          <lisID>2283</lisID>
        </identifiers>
        <sponsorshipWithdrawnDate />
        <sponsorshipDate>2019-09-26</sponsorshipDate>
        <fullName>Sen. Ernst, Joni  [R-IA]</fullName>
        <party>R</party>
        <lastName>Ernst</lastName>
      </item>
      <item>
        <firstName>Jeff</firstName>
        <middleName />
        <isOriginalCosponsor>True</isOriginalCosponsor>
        <state>OR</state>
        <bioguideId>M001176</bioguideId>
        <identifiers>
          <lisID>1900</lisID>
          <gpoId>8238</gpoId>
          <bioguideId>M001176</bioguideId>
        </identifiers>
        <sponsorshipWithdrawnDate />
        <sponsorshipDate>2019-09-26</sponsorshipDate>
        <fullName>Sen. Merkley, Jeff [D-OR]</fullName>
        <party>D</party>
        <lastName>Merkley</lastName>
      </item>
      <item>
        <firstName>Cory</firstName>
        <middleName />
        <isOriginalCosponsor>True</isOriginalCosponsor>
        <state>CO</state>
        <bioguideId>G000562</bioguideId>
        <identifiers>
          <bioguideId>G000562</bioguideId>
          <gpoId>7862</gpoId>
          <lisID>1998</lisID>
        </identifiers>
        <sponsorshipWithdrawnDate />
        <sponsorshipDate>2019-09-26</sponsorshipDate>
        <fullName>Sen. Gardner, Cory [R-CO]</fullName>
        <party>R</party>
        <lastName>Gardner</lastName>
      </item>
      <item>
        <firstName>Mike</firstName>
        <middleName />
        <isOriginalCosponsor>True</isOriginalCosponsor>
        <state>SD</state>
        <bioguideId>R000605</bioguideId>
        <identifiers>
          <lisID>2288</lisID>
          <gpoId />
          <bioguideId>R000605</bioguideId>
        </identifiers>
        <sponsorshipWithdrawnDate />
        <sponsorshipDate>2019-09-26</sponsorshipDate>
        <fullName>Sen. Rounds, Mike  [R-SD]</fullName>
        <party>R</party>
        <lastName>Rounds</lastName>
      </item>
      <item>
        <firstName>JOHN</firstName>
        <middleName>F.</middleName>
        <isOriginalCosponsor>True</isOriginalCosponsor>
        <state>RI</state>
        <bioguideId>R000122</bioguideId>
        <identifiers>
          <bioguideId>R000122</bioguideId>
          <gpoId>8272</gpoId>
          <lisID>949</lisID>
        </identifiers>
        <sponsorshipWithdrawnDate />
        <sponsorshipDate>2019-09-26</sponsorshipDate>
        <fullName>Sen. Reed, Jack [D-RI]</fullName>
        <party>D</party>
        <lastName>REED</lastName>
      </item>
      <item>
        <firstName>James</firstName>
        <middleName>E.</middleName>
        <isOriginalCosponsor>True</isOriginalCosponsor>
        <state>ID</state>
        <bioguideId>R000584</bioguideId>
        <identifiers>
          <lisID>1896</lisID>
          <gpoId>8274</gpoId>
          <bioguideId>R000584</bioguideId>
        </identifiers>
        <sponsorshipWithdrawnDate />
        <sponsorshipDate>2019-09-26</sponsorshipDate>
        <fullName>Sen. Risch, James E. [R-ID]</fullName>
        <party>R</party>
        <lastName>Risch</lastName>
      </item>
      <item>
        <firstName>Marco</firstName>
        <middleName />
        <isOriginalCosponsor>False</isOriginalCosponsor>
        <state>FL</state>
        <bioguideId>R000595</bioguideId>
        <identifiers>
          <lisID>2084</lisID>
          <gpoId>8242</gpoId>
          <bioguideId>R000595</bioguideId>
        </identifiers>
        <sponsorshipWithdrawnDate />
        <sponsorshipDate>2019-10-15</sponsorshipDate>
        <fullName>Sen. Rubio, Marco [R-FL]</fullName>
        <party>R</party>
        <lastName>Rubio</lastName>
      </item>
    </cosponsors>
    <relatedBills />
    <cboCostEstimates />
    <latestAction>
      <text>Referred to the Committee on Foreign Relations. (text: CR S5752-5753)</text>
      <links />
      <actionDate>2019-09-26</actionDate>
    </latestAction>
  </bill>
  <dublinCore xmlns:dc="http://purl.org/dc/elements/1.1/">
    <dc:format>text/xml</dc:format>
    <dc:language>EN</dc:language>
    <dc:rights>Pursuant to Title 17 Section 105 of the United States Code, this file is not subject to copyright protection and is in the public domain.</dc:rights>
    <dc:contributor>Congressional Research Service, Library of Congress</dc:contributor>
    <dc:description>This file contains bill summaries and statuses for federal legislation. A bill summary describes the most significant provisions of a piece of legislation and details the effects the legislative text may have on current law and federal programs. Bill summaries are authored by the Congressional Research Service (CRS) of the Library of Congress. As stated in Public Law 91-510 (2 USC 166 (d)(6)), one of the duties of CRS is "to prepare summaries and digests of bills and resolutions of a public general nature introduced in the Senate or House of Representatives". For more information, refer to the User Guide that accompanies this file.</dc:description>
  </dublinCore>
</billStatus>

