<?xml version="1.0" encoding="UTF-8"?>
<billStatus>
  <bill>
    <cboCostEstimates />
    <committeeReports />
    <subjects>
      <billSubjects>
        <legislativeSubjects />
        <policyArea>
          <name>Energy</name>
        </policyArea>
      </billSubjects>
    </subjects>
    <createDate>2019-09-27T04:42:28Z</createDate>
    <relatedBills>
      <item>
        <number>615</number>
        <relationshipDetails>
          <item>
            <type>Related bill</type>
            <identifiedBy>CRS</identifiedBy>
          </item>
        </relationshipDetails>
        <latestAction>
          <actionDate>2019-10-04</actionDate>
          <text>Referred to the House Committee on Oversight and Reform.</text>
        </latestAction>
        <congress>116</congress>
        <type>HRES</type>
        <latestTitle>Expressing support for the designation of October 8, 2019, as "National Hydrogen and Fuel Cell Day".</latestTitle>
      </item>
    </relatedBills>
    <policyArea>
      <name>Energy</name>
    </policyArea>
    <notes />
    <titles>
      <item>
        <title>A resolution designating October 8, 2019, as "National Hydrogen and Fuel Cell Day".</title>
        <parentTitleType />
        <chamberCode />
        <titleType>Official Title as Introduced</titleType>
        <chamberName />
      </item>
      <item>
        <title>A resolution designating October 8, 2019, as "National Hydrogen and Fuel Cell Day".</title>
        <parentTitleType />
        <chamberCode />
        <titleType>Display Title</titleType>
        <chamberName />
      </item>
    </titles>
    <originChamber>Senate</originChamber>
    <actions>
      <actionTypeCounts>
        <passedAgreedToInSenate>1</passedAgreedToInSenate>
        <introducedInSenate>1</introducedInSenate>
        <passedOrAgreedToInSenateDayOf>1</passedOrAgreedToInSenateDayOf>
      </actionTypeCounts>
      <actionByCounts>
        <senate>3</senate>
      </actionByCounts>
      <item>
        <actionDate>2019-09-26</actionDate>
        <committee />
        <links>
          <link>
            <name>S5753-5754</name>
            <url>https://www.congress.gov/congressional-record/volume-165/senate-section/page/S5753-5754</url>
          </link>
          <link>
            <name>S5760</name>
            <url>https://www.congress.gov/congressional-record/volume-165/senate-section/page/S5760</url>
          </link>
        </links>
        <sourceSystem>
          <code>0</code>
          <name>Senate</name>
        </sourceSystem>
        <text>Submitted in the Senate, considered, and agreed to without amendment and with a preamble by Voice Vote. (consideration: CR S5760; text: CR S5753-5754)</text>
        <type>Floor</type>
      </item>
      <item>
        <sourceSystem>
          <code>9</code>
          <name>Library of Congress</name>
        </sourceSystem>
        <type>Floor</type>
        <actionDate>2019-09-26</actionDate>
        <actionCode>17000</actionCode>
        <committee />
        <links>
          <link>
            <name>S5753-5754</name>
            <url>https://www.congress.gov/congressional-record/volume-165/senate-section/page/S5753-5754</url>
          </link>
          <link>
            <name>S5760</name>
            <url>https://www.congress.gov/congressional-record/volume-165/senate-section/page/S5760</url>
          </link>
        </links>
        <text>Passed/agreed to in Senate: Submitted in the Senate, considered, and agreed to without amendment and with a preamble by Voice Vote.(consideration: CR S5760; text: CR S5753-5754)</text>
      </item>
      <item>
        <sourceSystem>
          <code>9</code>
          <name>Library of Congress</name>
        </sourceSystem>
        <type>IntroReferral</type>
        <actionDate>2019-09-26</actionDate>
        <actionCode>10000</actionCode>
        <committee />
        <links />
        <text>Introduced in Senate</text>
      </item>
    </actions>
    <calendarNumbers />
    <title>A resolution designating October 8, 2019, as "National Hydrogen and Fuel Cell Day".</title>
    <sponsors>
      <item>
        <byRequestType />
        <identifiers>
          <gpoId>8335</gpoId>
          <bioguideId>G000359</bioguideId>
          <lisID>452</lisID>
        </identifiers>
        <bioguideId>G000359</bioguideId>
        <middleName>O.</middleName>
        <state>SC</state>
        <firstName>LINDSEY</firstName>
        <lastName>GRAHAM</lastName>
        <fullName>Sen. Graham, Lindsey [R-SC]</fullName>
        <party>R</party>
      </item>
    </sponsors>
    <introducedDate>2019-09-26</introducedDate>
    <committees>
      <billCommittees />
    </committees>
    <billType>SRES</billType>
    <recordedVotes />
    <cosponsors>
      <item>
        <bioguideId>B001277</bioguideId>
        <firstName>Richard</firstName>
        <party>D</party>
        <identifiers>
          <bioguideId>B001277</bioguideId>
          <lisID>2076</lisID>
          <gpoId>8332</gpoId>
        </identifiers>
        <middleName />
        <sponsorshipWithdrawnDate />
        <lastName>Blumenthal</lastName>
        <state>CT</state>
        <sponsorshipDate>2019-09-26</sponsorshipDate>
        <fullName>Sen. Blumenthal, Richard [D-CT]</fullName>
        <isOriginalCosponsor>True</isOriginalCosponsor>
      </item>
      <item>
        <bioguideId>P000449</bioguideId>
        <firstName>ROB</firstName>
        <party>R</party>
        <identifiers>
          <gpoId>8266</gpoId>
          <lisID>924</lisID>
          <bioguideId>P000449</bioguideId>
        </identifiers>
        <middleName />
        <sponsorshipWithdrawnDate />
        <lastName>PORTMAN</lastName>
        <state>OH</state>
        <sponsorshipDate>2019-09-26</sponsorshipDate>
        <fullName>Sen. Portman, Rob [R-OH]</fullName>
        <isOriginalCosponsor>True</isOriginalCosponsor>
      </item>
      <item>
        <bioguideId>C001088</bioguideId>
        <firstName>Christopher</firstName>
        <party>D</party>
        <identifiers>
          <gpoId>8297</gpoId>
          <lisID>1984</lisID>
          <bioguideId>C001088</bioguideId>
        </identifiers>
        <middleName>A.</middleName>
        <sponsorshipWithdrawnDate />
        <lastName>Coons</lastName>
        <state>DE</state>
        <sponsorshipDate>2019-09-26</sponsorshipDate>
        <fullName>Sen. Coons, Christopher A. [D-DE]</fullName>
        <isOriginalCosponsor>True</isOriginalCosponsor>
      </item>
      <item>
        <bioguideId>G000562</bioguideId>
        <firstName>Cory</firstName>
        <party>R</party>
        <identifiers>
          <bioguideId>G000562</bioguideId>
          <lisID>1998</lisID>
          <gpoId>7862</gpoId>
        </identifiers>
        <middleName />
        <sponsorshipWithdrawnDate />
        <lastName>Gardner</lastName>
        <state>CO</state>
        <sponsorshipDate>2019-09-26</sponsorshipDate>
        <fullName>Sen. Gardner, Cory [R-CO]</fullName>
        <isOriginalCosponsor>True</isOriginalCosponsor>
      </item>
      <item>
        <bioguideId>M001169</bioguideId>
        <firstName>Christopher</firstName>
        <party>D</party>
        <identifiers>
          <bioguideId>M001169</bioguideId>
          <lisID>1837</lisID>
          <gpoId>7870</gpoId>
        </identifiers>
        <middleName />
        <sponsorshipWithdrawnDate />
        <lastName>Murphy</lastName>
        <state>CT</state>
        <sponsorshipDate>2019-09-26</sponsorshipDate>
        <fullName>Sen. Murphy, Christopher [D-CT]</fullName>
        <isOriginalCosponsor>True</isOriginalCosponsor>
      </item>
    </cosponsors>
    <congress>116</congress>
    <latestAction>
      <actionDate>2019-09-26</actionDate>
      <text>Submitted in the Senate, considered, and agreed to without amendment and with a preamble by Voice Vote. (consideration: CR S5760; text: CR S5753-5754)</text>
      <links />
    </latestAction>
    <billNumber>346</billNumber>
    <amendments />
    <textVersions>
      <item>
        <type>Agreed to Senate</type>
        <formats>
          <item>
            <url>https://www.govinfo.gov/content/pkg/BILLS-116sres346ats/xml/BILLS-116sres346ats.xml</url>
          </item>
        </formats>
        <date>2019-09-26T04:00:00Z</date>
      </item>
    </textVersions>
    <laws />
    <summaries>
      <billSummaries>
        <item>
          <text><![CDATA[<p>This resolution designates October 8, 2019, as National Hydrogen and Fuel Cell Day.</p>]]></text>
          <lastSummaryUpdateDate>2019-10-04T18:53:42Z</lastSummaryUpdateDate>
          <name>Introduced in Senate</name>
          <updateDate>2019-09-26T04:00:00Z</updateDate>
          <versionCode>00</versionCode>
          <actionDesc>Introduced in Senate</actionDesc>
          <actionDate>2019-09-26</actionDate>
        </item>
        <item>
          <text><![CDATA[<p>This resolution designates October 8, 2019, as National Hydrogen and Fuel Cell Day.</p>]]></text>
          <lastSummaryUpdateDate>2019-10-07T10:35:53Z</lastSummaryUpdateDate>
          <name>Passed Senate</name>
          <updateDate>2019-09-26T15:46:36Z</updateDate>
          <versionCode>55</versionCode>
          <actionDesc>Passed Senate</actionDesc>
          <actionDate>2019-09-26</actionDate>
        </item>
      </billSummaries>
    </summaries>
    <version>1.0.0</version>
    <updateDate>2019-10-09T04:27:33Z</updateDate>
  </bill>
  <dublinCore xmlns:dc="http://purl.org/dc/elements/1.1/">
    <dc:format>text/xml</dc:format>
    <dc:language>EN</dc:language>
    <dc:rights>Pursuant to Title 17 Section 105 of the United States Code, this file is not subject to copyright protection and is in the public domain.</dc:rights>
    <dc:contributor>Congressional Research Service, Library of Congress</dc:contributor>
    <dc:description>This file contains bill summaries and statuses for federal legislation. A bill summary describes the most significant provisions of a piece of legislation and details the effects the legislative text may have on current law and federal programs. Bill summaries are authored by the Congressional Research Service (CRS) of the Library of Congress. As stated in Public Law 91-510 (2 USC 166 (d)(6)), one of the duties of CRS is "to prepare summaries and digests of bills and resolutions of a public general nature introduced in the Senate or House of Representatives". For more information, refer to the User Guide that accompanies this file.</dc:description>
  </dublinCore>
</billStatus>

