<?xml version="1.0" encoding="UTF-8"?>
<billStatus>
  <bill>
    <amendments />
    <summaries>
      <billSummaries>
        <item>
          <updateDate>2019-06-27T04:00:00Z</updateDate>
          <name>Introduced in Senate</name>
          <text><![CDATA[<p>This resolution recognizes the 50th anniversary of the Stonewall Uprising and commends the bravery and resiliency of the lesbian, gay, bisexual, transgender, and queer (LGBTQ) community in the face of violence and discrimination, past and present. </p> <p>The resolution also condemns violence and discrimination against members of the LGBTQ community and recommits the House of Representatives to securing justice, equality, and well-being for LGBTQ people.</p>]]></text>
          <actionDate>2019-06-27</actionDate>
          <lastSummaryUpdateDate>2019-10-07T14:23:43Z</lastSummaryUpdateDate>
          <versionCode>00</versionCode>
          <actionDesc>Introduced in Senate</actionDesc>
        </item>
        <item>
          <updateDate>2019-06-27T15:18:50Z</updateDate>
          <name>Passed Senate</name>
          <text><![CDATA[<p>This resolution recognizes the 50th anniversary of the Stonewall Uprising and commends the bravery and resiliency of the lesbian, gay, bisexual, transgender, and queer (LGBTQ) community in the face of violence and discrimination, past and present. </p> <p>The resolution also condemns violence and discrimination against members of the LGBTQ community and recommits the House of Representatives to securing justice, equality, and well-being for LGBTQ people.</p>]]></text>
          <actionDate>2019-06-27</actionDate>
          <lastSummaryUpdateDate>2019-10-07T17:10:27Z</lastSummaryUpdateDate>
          <versionCode>55</versionCode>
          <actionDesc>Passed Senate</actionDesc>
        </item>
      </billSummaries>
    </summaries>
    <laws />
    <committees>
      <billCommittees />
    </committees>
    <billNumber>270</billNumber>
    <subjects>
      <billSubjects>
        <legislativeSubjects>
          <item>
            <name>Commemorative events and holidays</name>
          </item>
          <item>
            <name>Congressional tributes</name>
          </item>
          <item>
            <name>Criminal investigation, prosecution, interrogation</name>
          </item>
          <item>
            <name>New York City</name>
          </item>
          <item>
            <name>Protest and dissent</name>
          </item>
          <item>
            <name>Sex, gender, sexual orientation discrimination</name>
          </item>
        </legislativeSubjects>
        <policyArea>
          <name>Civil Rights and Liberties, Minority Issues</name>
        </policyArea>
      </billSubjects>
    </subjects>
    <actions>
      <item>
        <actionDate>2019-06-27</actionDate>
        <committee />
        <links>
          <link>
            <name>S4637-4638</name>
            <url>https://www.congress.gov/congressional-record/volume-165/senate-section/page/S4637-4638</url>
          </link>
          <link>
            <name>S4649</name>
            <url>https://www.congress.gov/congressional-record/volume-165/senate-section/page/S4649</url>
          </link>
        </links>
        <sourceSystem>
          <name>Senate</name>
          <code>0</code>
        </sourceSystem>
        <text>Submitted in the Senate, considered, and agreed to without amendment and with a preamble by Voice Vote. (consideration: CR S4649; text: CR S4637-4638)</text>
        <type>Floor</type>
      </item>
      <item>
        <actionCode>17000</actionCode>
        <committee />
        <text>Passed/agreed to in Senate: Submitted in the Senate, considered, and agreed to without amendment and with a preamble by Voice Vote.(consideration: CR S4649; text: CR S4637-4638)</text>
        <type>Floor</type>
        <sourceSystem>
          <name>Library of Congress</name>
          <code>9</code>
        </sourceSystem>
        <links>
          <link>
            <name>S4637-4638</name>
            <url>https://www.congress.gov/congressional-record/volume-165/senate-section/page/S4637-4638</url>
          </link>
          <link>
            <name>S4649</name>
            <url>https://www.congress.gov/congressional-record/volume-165/senate-section/page/S4649</url>
          </link>
        </links>
        <actionDate>2019-06-27</actionDate>
      </item>
      <item>
        <actionCode>10000</actionCode>
        <committee />
        <text>Introduced in Senate</text>
        <type>IntroReferral</type>
        <sourceSystem>
          <name>Library of Congress</name>
          <code>9</code>
        </sourceSystem>
        <links />
        <actionDate>2019-06-27</actionDate>
      </item>
      <actionTypeCounts>
        <passedOrAgreedToInSenateDayOf>1</passedOrAgreedToInSenateDayOf>
        <passedAgreedToInSenate>1</passedAgreedToInSenate>
        <introducedInSenate>1</introducedInSenate>
      </actionTypeCounts>
      <actionByCounts>
        <senate>3</senate>
      </actionByCounts>
    </actions>
    <policyArea>
      <name>Civil Rights and Liberties, Minority Issues</name>
    </policyArea>
    <calendarNumbers />
    <version>1.0.0</version>
    <congress>116</congress>
    <sponsors>
      <item>
        <middleName />
        <bioguideId>B001230</bioguideId>
        <byRequestType />
        <state>WI</state>
        <fullName>Sen. Baldwin, Tammy [D-WI]</fullName>
        <identifiers>
          <bioguideId>B001230</bioguideId>
          <lisID>1558</lisID>
          <gpoId>8215</gpoId>
        </identifiers>
        <firstName>Tammy</firstName>
        <lastName>Baldwin</lastName>
        <party>D</party>
      </item>
    </sponsors>
    <textVersions>
      <item>
        <type>Agreed to Senate</type>
        <formats>
          <item>
            <url>https://www.govinfo.gov/content/pkg/BILLS-116sres270ats/xml/BILLS-116sres270ats.xml</url>
          </item>
        </formats>
        <date>2019-06-27T04:00:00Z</date>
      </item>
    </textVersions>
    <originChamber>Senate</originChamber>
    <recordedVotes />
    <createDate>2019-06-28T04:42:11Z</createDate>
    <notes />
    <introducedDate>2019-06-27</introducedDate>
    <titles>
      <item>
        <parentTitleType />
        <title>A resolution recognizing the 50th Anniversary of the Stonewall uprising.</title>
        <chamberCode />
        <chamberName />
        <titleType>Official Title as Introduced</titleType>
      </item>
      <item>
        <parentTitleType />
        <title>A resolution recognizing the 50th Anniversary of the Stonewall uprising.</title>
        <chamberCode />
        <chamberName />
        <titleType>Display Title</titleType>
      </item>
    </titles>
    <committeeReports />
    <latestAction>
      <actionDate>2019-06-27</actionDate>
      <text>Submitted in the Senate, considered, and agreed to without amendment and with a preamble by Voice Vote. (consideration: CR S4649; text: CR S4637-4638)</text>
      <links />
    </latestAction>
    <cosponsors>
      <item>
        <state>NY</state>
        <identifiers>
          <bioguideId>G000555</bioguideId>
          <lisID>1866</lisID>
          <gpoId>8336</gpoId>
        </identifiers>
        <party>D</party>
        <bioguideId>G000555</bioguideId>
        <middleName>E.</middleName>
        <isOriginalCosponsor>True</isOriginalCosponsor>
        <sponsorshipWithdrawnDate />
        <firstName>Kirsten</firstName>
        <lastName>Gillibrand</lastName>
        <fullName>Sen. Gillibrand, Kirsten E. [D-NY]</fullName>
        <sponsorshipDate>2019-06-27</sponsorshipDate>
      </item>
      <item>
        <state>NY</state>
        <identifiers>
          <bioguideId>S000148</bioguideId>
          <lisID>1036</lisID>
          <gpoId>8279</gpoId>
        </identifiers>
        <party>D</party>
        <bioguideId>S000148</bioguideId>
        <middleName>E.</middleName>
        <isOriginalCosponsor>True</isOriginalCosponsor>
        <sponsorshipWithdrawnDate />
        <firstName>CHARLES</firstName>
        <lastName>SCHUMER</lastName>
        <fullName>Sen. Schumer, Charles E. [D-NY]</fullName>
        <sponsorshipDate>2019-06-27</sponsorshipDate>
      </item>
      <item>
        <state>ME</state>
        <identifiers>
          <lisID>1541</lisID>
          <bioguideId>C001035</bioguideId>
          <gpoId>8291</gpoId>
        </identifiers>
        <party>R</party>
        <bioguideId>C001035</bioguideId>
        <middleName>MARGARET</middleName>
        <isOriginalCosponsor>True</isOriginalCosponsor>
        <sponsorshipWithdrawnDate />
        <firstName>SUSAN</firstName>
        <lastName>COLLINS</lastName>
        <fullName>Sen. Collins, Susan M. [R-ME]</fullName>
        <sponsorshipDate>2019-06-27</sponsorshipDate>
      </item>
      <item>
        <state>WA</state>
        <identifiers>
          <gpoId>8288</gpoId>
          <lisID>172</lisID>
          <bioguideId>C000127</bioguideId>
        </identifiers>
        <party>D</party>
        <bioguideId>C000127</bioguideId>
        <middleName />
        <isOriginalCosponsor>True</isOriginalCosponsor>
        <sponsorshipWithdrawnDate />
        <firstName>MARIA</firstName>
        <lastName>CANTWELL</lastName>
        <fullName>Sen. Cantwell, Maria [D-WA]</fullName>
        <sponsorshipDate>2019-06-27</sponsorshipDate>
      </item>
      <item>
        <state>MA</state>
        <identifiers>
          <gpoId>7972</gpoId>
          <lisID>735</lisID>
          <bioguideId>M000133</bioguideId>
        </identifiers>
        <party>D</party>
        <bioguideId>M000133</bioguideId>
        <middleName>J.</middleName>
        <isOriginalCosponsor>True</isOriginalCosponsor>
        <sponsorshipWithdrawnDate />
        <firstName>EDWARD</firstName>
        <lastName>MARKEY</lastName>
        <fullName>Sen. Markey, Edward J. [D-MA]</fullName>
        <sponsorshipDate>2019-06-27</sponsorshipDate>
      </item>
      <item>
        <state>PA</state>
        <identifiers>
          <lisID>1828</lisID>
          <bioguideId>C001070</bioguideId>
          <gpoId>8282</gpoId>
        </identifiers>
        <party>D</party>
        <bioguideId>C001070</bioguideId>
        <middleName />
        <isOriginalCosponsor>True</isOriginalCosponsor>
        <sponsorshipWithdrawnDate />
        <firstName>Bob</firstName>
        <lastName>Casey</lastName>
        <fullName>Sen. Casey, Robert P., Jr. [D-PA]</fullName>
        <sponsorshipDate>2019-06-27</sponsorshipDate>
      </item>
      <item>
        <state>CA</state>
        <identifiers>
          <bioguideId>H001075</bioguideId>
          <lisID>2301</lisID>
          <gpoId />
        </identifiers>
        <party>D</party>
        <bioguideId>H001075</bioguideId>
        <middleName>D.</middleName>
        <isOriginalCosponsor>True</isOriginalCosponsor>
        <sponsorshipWithdrawnDate />
        <firstName>Kamala</firstName>
        <lastName>Harris</lastName>
        <fullName>Sen. Harris, Kamala D. [D-CA]</fullName>
        <sponsorshipDate>2019-06-27</sponsorshipDate>
      </item>
      <item>
        <state>CT</state>
        <identifiers>
          <bioguideId>M001169</bioguideId>
          <lisID>1837</lisID>
          <gpoId>7870</gpoId>
        </identifiers>
        <party>D</party>
        <bioguideId>M001169</bioguideId>
        <middleName />
        <isOriginalCosponsor>True</isOriginalCosponsor>
        <sponsorshipWithdrawnDate />
        <firstName>Christopher</firstName>
        <lastName>Murphy</lastName>
        <fullName>Sen. Murphy, Christopher [D-CT]</fullName>
        <sponsorshipDate>2019-06-27</sponsorshipDate>
      </item>
      <item>
        <state>CO</state>
        <identifiers>
          <lisID>1965</lisID>
          <bioguideId>B001267</bioguideId>
          <gpoId>8302</gpoId>
        </identifiers>
        <party>D</party>
        <bioguideId>B001267</bioguideId>
        <middleName>F.</middleName>
        <isOriginalCosponsor>True</isOriginalCosponsor>
        <sponsorshipWithdrawnDate />
        <firstName>Michael</firstName>
        <lastName>Bennet</lastName>
        <fullName>Sen. Bennet, Michael F. [D-CO]</fullName>
        <sponsorshipDate>2019-06-27</sponsorshipDate>
      </item>
      <item>
        <state>IL</state>
        <identifiers>
          <lisID>326</lisID>
          <bioguideId>D000563</bioguideId>
          <gpoId>8326</gpoId>
        </identifiers>
        <party>D</party>
        <bioguideId>D000563</bioguideId>
        <middleName>J.</middleName>
        <isOriginalCosponsor>True</isOriginalCosponsor>
        <sponsorshipWithdrawnDate />
        <firstName>RICHARD</firstName>
        <lastName>DURBIN</lastName>
        <fullName>Sen. Durbin, Richard J. [D-IL]</fullName>
        <sponsorshipDate>2019-06-27</sponsorshipDate>
      </item>
      <item>
        <state>WA</state>
        <identifiers>
          <lisID>1409</lisID>
          <bioguideId>M001111</bioguideId>
          <gpoId>8237</gpoId>
        </identifiers>
        <party>D</party>
        <bioguideId>M001111</bioguideId>
        <middleName />
        <isOriginalCosponsor>True</isOriginalCosponsor>
        <sponsorshipWithdrawnDate />
        <firstName>PATTY</firstName>
        <lastName>MURRAY</lastName>
        <fullName>Sen. Murray, Patty [D-WA]</fullName>
        <sponsorshipDate>2019-06-27</sponsorshipDate>
      </item>
      <item>
        <state>NJ</state>
        <identifiers>
          <bioguideId>B001288</bioguideId>
          <lisID>2194</lisID>
          <gpoId />
        </identifiers>
        <party>D</party>
        <bioguideId>B001288</bioguideId>
        <middleName>A.</middleName>
        <isOriginalCosponsor>True</isOriginalCosponsor>
        <sponsorshipWithdrawnDate />
        <firstName>Cory</firstName>
        <lastName>Booker</lastName>
        <fullName>Sen. Booker, Cory A. [D-NJ]</fullName>
        <sponsorshipDate>2019-06-27</sponsorshipDate>
      </item>
      <item>
        <state>MN</state>
        <identifiers>
          <lisID>1826</lisID>
          <bioguideId>K000367</bioguideId>
          <gpoId>8249</gpoId>
        </identifiers>
        <party>D</party>
        <bioguideId>K000367</bioguideId>
        <middleName />
        <isOriginalCosponsor>True</isOriginalCosponsor>
        <sponsorshipWithdrawnDate />
        <firstName>Amy</firstName>
        <lastName>Klobuchar</lastName>
        <fullName>Sen. Klobuchar, Amy [D-MN]</fullName>
        <sponsorshipDate>2019-06-27</sponsorshipDate>
      </item>
      <item>
        <state>VT</state>
        <identifiers>
          <gpoId>8270</gpoId>
          <lisID>1010</lisID>
          <bioguideId>S000033</bioguideId>
        </identifiers>
        <party>I</party>
        <bioguideId>S000033</bioguideId>
        <middleName />
        <isOriginalCosponsor>True</isOriginalCosponsor>
        <sponsorshipWithdrawnDate />
        <firstName>Bernard</firstName>
        <lastName>Sanders</lastName>
        <fullName>Sen. Sanders, Bernard [I-VT]</fullName>
        <sponsorshipDate>2019-06-27</sponsorshipDate>
      </item>
      <item>
        <state>DE</state>
        <identifiers>
          <gpoId>8297</gpoId>
          <bioguideId>C001088</bioguideId>
          <lisID>1984</lisID>
        </identifiers>
        <party>D</party>
        <bioguideId>C001088</bioguideId>
        <middleName>A.</middleName>
        <isOriginalCosponsor>True</isOriginalCosponsor>
        <sponsorshipWithdrawnDate />
        <firstName>Christopher</firstName>
        <lastName>Coons</lastName>
        <fullName>Sen. Coons, Christopher A. [D-DE]</fullName>
        <sponsorshipDate>2019-06-27</sponsorshipDate>
      </item>
      <item>
        <state>MN</state>
        <identifiers>
          <bioguideId>S001203</bioguideId>
          <lisID>2365</lisID>
          <gpoId />
        </identifiers>
        <party>D</party>
        <bioguideId>S001203</bioguideId>
        <middleName />
        <isOriginalCosponsor>True</isOriginalCosponsor>
        <sponsorshipWithdrawnDate />
        <firstName>Tina</firstName>
        <lastName>Smith</lastName>
        <fullName>Sen. Smith, Tina  [D-MN]</fullName>
        <sponsorshipDate>2019-06-27</sponsorshipDate>
      </item>
      <item>
        <state>NH</state>
        <identifiers>
          <bioguideId>S001181</bioguideId>
          <lisID>1901</lisID>
          <gpoId>8276</gpoId>
        </identifiers>
        <party>D</party>
        <bioguideId>S001181</bioguideId>
        <middleName />
        <isOriginalCosponsor>True</isOriginalCosponsor>
        <sponsorshipWithdrawnDate />
        <firstName>Jeanne</firstName>
        <lastName>Shaheen</lastName>
        <fullName>Sen. Shaheen, Jeanne [D-NH]</fullName>
        <sponsorshipDate>2019-06-27</sponsorshipDate>
      </item>
      <item>
        <state>OR</state>
        <identifiers>
          <bioguideId>W000779</bioguideId>
          <lisID>1247</lisID>
          <gpoId>8265</gpoId>
        </identifiers>
        <party>D</party>
        <bioguideId>W000779</bioguideId>
        <middleName />
        <isOriginalCosponsor>True</isOriginalCosponsor>
        <sponsorshipWithdrawnDate />
        <firstName>RON</firstName>
        <lastName>WYDEN</lastName>
        <fullName>Sen. Wyden, Ron [D-OR]</fullName>
        <sponsorshipDate>2019-06-27</sponsorshipDate>
      </item>
      <item>
        <state>DE</state>
        <identifiers>
          <lisID>179</lisID>
          <bioguideId>C000174</bioguideId>
          <gpoId>8283</gpoId>
        </identifiers>
        <party>D</party>
        <bioguideId>C000174</bioguideId>
        <middleName>R.</middleName>
        <isOriginalCosponsor>True</isOriginalCosponsor>
        <sponsorshipWithdrawnDate />
        <firstName>THOMAS</firstName>
        <lastName>CARPER</lastName>
        <fullName>Sen. Carper, Thomas R. [D-DE]</fullName>
        <sponsorshipDate>2019-06-27</sponsorshipDate>
      </item>
      <item>
        <state>HI</state>
        <identifiers>
          <gpoId>7913</gpoId>
          <lisID>1844</lisID>
          <bioguideId>H001042</bioguideId>
        </identifiers>
        <party>D</party>
        <bioguideId>H001042</bioguideId>
        <middleName>K.</middleName>
        <isOriginalCosponsor>True</isOriginalCosponsor>
        <sponsorshipWithdrawnDate />
        <firstName>Mazie</firstName>
        <lastName>Hirono</lastName>
        <fullName>Sen. Hirono, Mazie K. [D-HI]</fullName>
        <sponsorshipDate>2019-06-27</sponsorshipDate>
      </item>
      <item>
        <state>CT</state>
        <identifiers>
          <gpoId>8332</gpoId>
          <bioguideId>B001277</bioguideId>
          <lisID>2076</lisID>
        </identifiers>
        <party>D</party>
        <bioguideId>B001277</bioguideId>
        <middleName />
        <isOriginalCosponsor>True</isOriginalCosponsor>
        <sponsorshipWithdrawnDate />
        <firstName>Richard</firstName>
        <lastName>Blumenthal</lastName>
        <fullName>Sen. Blumenthal, Richard [D-CT]</fullName>
        <sponsorshipDate>2019-06-27</sponsorshipDate>
      </item>
      <item>
        <state>IL</state>
        <identifiers>
          <gpoId />
          <lisID>2123</lisID>
          <bioguideId>D000622</bioguideId>
        </identifiers>
        <party>D</party>
        <bioguideId>D000622</bioguideId>
        <middleName />
        <isOriginalCosponsor>True</isOriginalCosponsor>
        <sponsorshipWithdrawnDate />
        <firstName>Tammy</firstName>
        <lastName>Duckworth</lastName>
        <fullName>Sen. Duckworth, Tammy [D-IL]</fullName>
        <sponsorshipDate>2019-06-27</sponsorshipDate>
      </item>
      <item>
        <state>OR</state>
        <identifiers>
          <gpoId>8238</gpoId>
          <lisID>1900</lisID>
          <bioguideId>M001176</bioguideId>
        </identifiers>
        <party>D</party>
        <bioguideId>M001176</bioguideId>
        <middleName />
        <isOriginalCosponsor>True</isOriginalCosponsor>
        <sponsorshipWithdrawnDate />
        <firstName>Jeff</firstName>
        <lastName>Merkley</lastName>
        <fullName>Sen. Merkley, Jeff [D-OR]</fullName>
        <sponsorshipDate>2019-06-27</sponsorshipDate>
      </item>
      <item>
        <state>MD</state>
        <identifiers>
          <lisID>174</lisID>
          <bioguideId>C000141</bioguideId>
          <gpoId>8287</gpoId>
        </identifiers>
        <party>D</party>
        <bioguideId>C000141</bioguideId>
        <middleName>L.</middleName>
        <isOriginalCosponsor>True</isOriginalCosponsor>
        <sponsorshipWithdrawnDate />
        <firstName>BENJAMIN</firstName>
        <lastName>CARDIN</lastName>
        <fullName>Sen. Cardin, Benjamin L. [D-MD]</fullName>
        <sponsorshipDate>2019-06-27</sponsorshipDate>
      </item>
      <item>
        <state>NH</state>
        <identifiers>
          <lisID>2302</lisID>
          <bioguideId>H001076</bioguideId>
          <gpoId />
        </identifiers>
        <party>D</party>
        <bioguideId>H001076</bioguideId>
        <middleName>Wood</middleName>
        <isOriginalCosponsor>True</isOriginalCosponsor>
        <sponsorshipWithdrawnDate />
        <firstName>Margaret</firstName>
        <lastName>Hassan</lastName>
        <fullName>Sen. Hassan, Margaret Wood [D-NH]</fullName>
        <sponsorshipDate>2019-06-27</sponsorshipDate>
      </item>
      <item>
        <state>CA</state>
        <identifiers>
          <gpoId>8338</gpoId>
          <bioguideId>F000062</bioguideId>
          <lisID>1332</lisID>
        </identifiers>
        <party>D</party>
        <bioguideId>F000062</bioguideId>
        <middleName />
        <isOriginalCosponsor>True</isOriginalCosponsor>
        <sponsorshipWithdrawnDate />
        <firstName>DIANNE</firstName>
        <lastName>FEINSTEIN</lastName>
        <fullName>Sen. Feinstein, Dianne [D-CA]</fullName>
        <sponsorshipDate>2019-06-27</sponsorshipDate>
      </item>
      <item>
        <state>VA</state>
        <identifiers>
          <gpoId />
          <bioguideId>K000384</bioguideId>
          <lisID>2176</lisID>
        </identifiers>
        <party>D</party>
        <bioguideId>K000384</bioguideId>
        <middleName />
        <isOriginalCosponsor>False</isOriginalCosponsor>
        <sponsorshipWithdrawnDate />
        <firstName>Timothy</firstName>
        <lastName>Kaine</lastName>
        <fullName>Sen. Kaine, Tim [D-VA]</fullName>
        <sponsorshipDate>2019-06-28</sponsorshipDate>
      </item>
    </cosponsors>
    <title>A resolution recognizing the 50th Anniversary of the Stonewall uprising.</title>
    <updateDate>2019-10-10T04:27:35Z</updateDate>
    <billType>SRES</billType>
    <cboCostEstimates />
    <relatedBills>
      <item>
        <latestTitle>Recognizing the 50th anniversary of the Stonewall Uprising.</latestTitle>
        <number>469</number>
        <congress>116</congress>
        <type>HRES</type>
        <relationshipDetails>
          <item>
            <type>Related bill</type>
            <identifiedBy>CRS</identifiedBy>
          </item>
        </relationshipDetails>
        <latestAction>
          <actionDate>2019-07-30</actionDate>
          <text>Referred to the Subcommittee on the Constitution, Civil Rights, and Civil Liberties.</text>
        </latestAction>
      </item>
    </relatedBills>
  </bill>
  <dublinCore xmlns:dc="http://purl.org/dc/elements/1.1/">
    <dc:format>text/xml</dc:format>
    <dc:language>EN</dc:language>
    <dc:rights>Pursuant to Title 17 Section 105 of the United States Code, this file is not subject to copyright protection and is in the public domain.</dc:rights>
    <dc:contributor>Congressional Research Service, Library of Congress</dc:contributor>
    <dc:description>This file contains bill summaries and statuses for federal legislation. A bill summary describes the most significant provisions of a piece of legislation and details the effects the legislative text may have on current law and federal programs. Bill summaries are authored by the Congressional Research Service (CRS) of the Library of Congress. As stated in Public Law 91-510 (2 USC 166 (d)(6)), one of the duties of CRS is "to prepare summaries and digests of bills and resolutions of a public general nature introduced in the Senate or House of Representatives". For more information, refer to the User Guide that accompanies this file.</dc:description>
  </dublinCore>
</billStatus>

