<?xml version="1.0" encoding="UTF-8"?>
<billStatus>
  <bill>
    <summaries>
      <billSummaries>
        <item>
          <text><![CDATA[<p>This resolution expresses support for the goals of World Tuberculosis Day to raise awareness about tuberculosis.</p>]]></text>
          <actionDate>2019-03-14</actionDate>
          <actionDesc>Introduced in Senate</actionDesc>
          <name>Introduced in Senate</name>
          <lastSummaryUpdateDate>2019-11-01T18:17:54Z</lastSummaryUpdateDate>
          <versionCode>00</versionCode>
          <updateDate>2019-03-14T04:00:00Z</updateDate>
        </item>
      </billSummaries>
    </summaries>
    <congress>116</congress>
    <titles>
      <item>
        <title>A resolution supporting the goals of World Tuberculosis Day to raise awareness about tuberculosis.</title>
        <chamberCode />
        <parentTitleType />
        <titleType>Official Title as Introduced</titleType>
        <chamberName />
      </item>
      <item>
        <title>A resolution supporting the goals of World Tuberculosis Day to raise awareness about tuberculosis.</title>
        <chamberCode />
        <parentTitleType />
        <titleType>Display Title</titleType>
        <chamberName />
      </item>
    </titles>
    <billType>SRES</billType>
    <updateDate>2019-11-15T22:00:40Z</updateDate>
    <title>A resolution supporting the goals of World Tuberculosis Day to raise awareness about tuberculosis.</title>
    <recordedVotes />
    <committees>
      <billCommittees>
        <item>
          <type>Standing</type>
          <subcommittees />
          <systemCode>sshr00</systemCode>
          <name>HELP Committee</name>
          <chamber>Senate</chamber>
          <activities>
            <item>
              <name>Referred to</name>
              <date>2019-03-14T21:11:23Z</date>
            </item>
          </activities>
        </item>
      </billCommittees>
    </committees>
    <actions>
      <actionTypeCounts>
        <introducedInSenate>1</introducedInSenate>
        <referredToCommittee>1</referredToCommittee>
      </actionTypeCounts>
      <item>
        <actionDate>2019-03-14</actionDate>
        <committee>
          <systemCode>sshr00</systemCode>
          <name>HELP Committee</name>
        </committee>
        <links>
          <link>
            <url>https://www.congress.gov/congressional-record/volume-165/senate-section/page/S1909-1910</url>
            <name>S1909-1910</name>
          </link>
        </links>
        <sourceSystem>
          <code>0</code>
          <name>Senate</name>
        </sourceSystem>
        <text>Referred to the Committee on Health, Education, Labor, and Pensions. (text: CR S1909-1910)</text>
        <type>IntroReferral</type>
      </item>
      <item>
        <actionCode>10000</actionCode>
        <text>Introduced in Senate</text>
        <sourceSystem>
          <code>9</code>
          <name>Library of Congress</name>
        </sourceSystem>
        <actionDate>2019-03-14</actionDate>
        <type>IntroReferral</type>
        <links />
        <committee />
      </item>
      <actionByCounts>
        <senate>2</senate>
      </actionByCounts>
    </actions>
    <createDate>2019-03-15T04:42:06Z</createDate>
    <policyArea>
      <name>International Affairs</name>
    </policyArea>
    <originChamber>Senate</originChamber>
    <committeeReports />
    <version>1.0.0</version>
    <textVersions>
      <item>
        <type>Introduced in Senate</type>
        <date>2019-03-14T04:00:00Z</date>
        <formats>
          <item>
            <url>https://www.govinfo.gov/content/pkg/BILLS-116sres119is/xml/BILLS-116sres119is.xml</url>
          </item>
        </formats>
      </item>
    </textVersions>
    <billNumber>119</billNumber>
    <notes />
    <sponsors>
      <item>
        <firstName>Sherrod</firstName>
        <middleName />
        <lastName>Brown</lastName>
        <identifiers>
          <lisID>136</lisID>
          <gpoId>8309</gpoId>
          <bioguideId>B000944</bioguideId>
        </identifiers>
        <bioguideId>B000944</bioguideId>
        <byRequestType />
        <state>OH</state>
        <fullName>Sen. Brown, Sherrod [D-OH]</fullName>
        <party>D</party>
      </item>
    </sponsors>
    <calendarNumbers />
    <introducedDate>2019-03-14</introducedDate>
    <amendments />
    <subjects>
      <billSubjects>
        <policyArea>
          <name>International Affairs</name>
        </policyArea>
        <legislativeSubjects>
          <item>
            <name>Cardiovascular and respiratory health</name>
          </item>
          <item>
            <name>Centers for Disease Control and Prevention (CDC)</name>
          </item>
          <item>
            <name>Commemorative events and holidays</name>
          </item>
          <item>
            <name>Congressional tributes</name>
          </item>
          <item>
            <name>Department of Health and Human Services</name>
          </item>
          <item>
            <name>Foreign aid and international relief</name>
          </item>
          <item>
            <name>HIV/AIDS</name>
          </item>
          <item>
            <name>Health promotion and preventive care</name>
          </item>
          <item>
            <name>Infectious and parasitic diseases</name>
          </item>
          <item>
            <name>National Institutes of Health (NIH)</name>
          </item>
          <item>
            <name>U.S. Agency for International Development (USAID)</name>
          </item>
          <item>
            <name>World health</name>
          </item>
        </legislativeSubjects>
      </billSubjects>
    </subjects>
    <laws />
    <cosponsors>
      <item>
        <bioguideId>S001198</bioguideId>
        <state>AK</state>
        <party>R</party>
        <fullName>Sen. Sullivan, Dan  [R-AK]</fullName>
        <lastName>Sullivan</lastName>
        <sponsorshipWithdrawnDate />
        <isOriginalCosponsor>True</isOriginalCosponsor>
        <firstName>Dan</firstName>
        <identifiers>
          <lisID>2290</lisID>
          <gpoId />
          <bioguideId>S001198</bioguideId>
        </identifiers>
        <middleName />
        <sponsorshipDate>2019-03-14</sponsorshipDate>
      </item>
      <item>
        <bioguideId>B001277</bioguideId>
        <state>CT</state>
        <party>D</party>
        <fullName>Sen. Blumenthal, Richard [D-CT]</fullName>
        <lastName>Blumenthal</lastName>
        <sponsorshipWithdrawnDate />
        <isOriginalCosponsor>False</isOriginalCosponsor>
        <firstName>Richard</firstName>
        <identifiers>
          <lisID>2076</lisID>
          <gpoId>8332</gpoId>
          <bioguideId>B001277</bioguideId>
        </identifiers>
        <middleName />
        <sponsorshipDate>2019-03-28</sponsorshipDate>
      </item>
    </cosponsors>
    <relatedBills />
    <cboCostEstimates />
    <latestAction>
      <text>Referred to the Committee on Health, Education, Labor, and Pensions. (text: CR S1909-1910)</text>
      <links />
      <actionDate>2019-03-14</actionDate>
    </latestAction>
  </bill>
  <dublinCore xmlns:dc="http://purl.org/dc/elements/1.1/">
    <dc:format>text/xml</dc:format>
    <dc:language>EN</dc:language>
    <dc:rights>Pursuant to Title 17 Section 105 of the United States Code, this file is not subject to copyright protection and is in the public domain.</dc:rights>
    <dc:contributor>Congressional Research Service, Library of Congress</dc:contributor>
    <dc:description>This file contains bill summaries and statuses for federal legislation. A bill summary describes the most significant provisions of a piece of legislation and details the effects the legislative text may have on current law and federal programs. Bill summaries are authored by the Congressional Research Service (CRS) of the Library of Congress. As stated in Public Law 91-510 (2 USC 166 (d)(6)), one of the duties of CRS is "to prepare summaries and digests of bills and resolutions of a public general nature introduced in the Senate or House of Representatives". For more information, refer to the User Guide that accompanies this file.</dc:description>
  </dublinCore>
</billStatus>

