<?xml version="1.0" encoding="UTF-8"?>
<billStatus>
  <bill>
    <actions>
      <actionTypeCounts>
        <introducedInSenate>1</introducedInSenate>
        <passedOrAgreedToInSenateDayOf>1</passedOrAgreedToInSenateDayOf>
        <passedAgreedToInSenate>1</passedAgreedToInSenate>
      </actionTypeCounts>
      <item>
        <actionDate>2019-05-02</actionDate>
        <committee />
        <links>
          <link>
            <name>S2621</name>
            <url>https://www.congress.gov/congressional-record/volume-165/senate-section/page/S2621</url>
          </link>
          <link>
            <name>S2623-2624</name>
            <url>https://www.congress.gov/congressional-record/volume-165/senate-section/page/S2623-2624</url>
          </link>
        </links>
        <sourceSystem>
          <name>Senate</name>
          <code>0</code>
        </sourceSystem>
        <text>Submitted in the Senate, considered, and agreed to without amendment and with a preamble by Unanimous Consent. (consideration: CR S2623-2624; text: CR S2621)</text>
        <type>Floor</type>
      </item>
      <item>
        <text>Passed/agreed to in Senate: Submitted in the Senate, considered, and agreed to without amendment and with a preamble by Unanimous Consent.(consideration: CR S2623-2624; text: CR S2621)</text>
        <sourceSystem>
          <name>Library of Congress</name>
          <code>9</code>
        </sourceSystem>
        <actionDate>2019-05-02</actionDate>
        <links>
          <link>
            <name>S2621</name>
            <url>https://www.congress.gov/congressional-record/volume-165/senate-section/page/S2621</url>
          </link>
          <link>
            <name>S2623-2624</name>
            <url>https://www.congress.gov/congressional-record/volume-165/senate-section/page/S2623-2624</url>
          </link>
        </links>
        <committee />
        <actionCode>17000</actionCode>
        <type>Floor</type>
      </item>
      <item>
        <text>Introduced in Senate</text>
        <sourceSystem>
          <name>Library of Congress</name>
          <code>9</code>
        </sourceSystem>
        <actionDate>2019-05-02</actionDate>
        <links />
        <committee />
        <actionCode>10000</actionCode>
        <type>IntroReferral</type>
      </item>
      <actionByCounts>
        <senate>3</senate>
      </actionByCounts>
    </actions>
    <calendarNumbers />
    <titles>
      <item>
        <titleType>Official Title as Introduced</titleType>
        <chamberCode />
        <title>A resolution recognizing April 30, 2019, as "El Dia de los Ninos-Celebrating Young Americans".</title>
        <chamberName />
        <parentTitleType />
      </item>
      <item>
        <titleType>Display Title</titleType>
        <chamberCode />
        <title>A resolution recognizing April 30, 2019, as "El Dia de los Ninos-Celebrating Young Americans".</title>
        <chamberName />
        <parentTitleType />
      </item>
    </titles>
    <congress>116</congress>
    <committeeReports />
    <updateDate>2019-05-17T04:42:29Z</updateDate>
    <createDate>2019-05-03T04:42:10Z</createDate>
    <notes />
    <amendments />
    <cosponsors>
      <item>
        <firstName>MICHAEL</firstName>
        <state>ID</state>
        <identifiers>
          <lisID>250</lisID>
          <bioguideId>C000880</bioguideId>
          <gpoId>8289</gpoId>
        </identifiers>
        <isOriginalCosponsor>True</isOriginalCosponsor>
        <middleName>D.</middleName>
        <sponsorshipDate>2019-05-02</sponsorshipDate>
        <bioguideId>C000880</bioguideId>
        <sponsorshipWithdrawnDate />
        <party>R</party>
        <fullName>Sen. Crapo, Mike [R-ID]</fullName>
        <lastName>CRAPO</lastName>
      </item>
      <item>
        <firstName>Richard</firstName>
        <state>CT</state>
        <identifiers>
          <bioguideId>B001277</bioguideId>
          <lisID>2076</lisID>
          <gpoId>8332</gpoId>
        </identifiers>
        <isOriginalCosponsor>True</isOriginalCosponsor>
        <middleName />
        <sponsorshipDate>2019-05-02</sponsorshipDate>
        <bioguideId>B001277</bioguideId>
        <sponsorshipWithdrawnDate />
        <party>D</party>
        <fullName>Sen. Blumenthal, Richard [D-CT]</fullName>
        <lastName>Blumenthal</lastName>
      </item>
      <item>
        <firstName>THOMAS</firstName>
        <state>DE</state>
        <identifiers>
          <gpoId>8283</gpoId>
          <lisID>179</lisID>
          <bioguideId>C000174</bioguideId>
        </identifiers>
        <isOriginalCosponsor>True</isOriginalCosponsor>
        <middleName>R.</middleName>
        <sponsorshipDate>2019-05-02</sponsorshipDate>
        <bioguideId>C000174</bioguideId>
        <sponsorshipWithdrawnDate />
        <party>D</party>
        <fullName>Sen. Carper, Thomas R. [D-DE]</fullName>
        <lastName>CARPER</lastName>
      </item>
      <item>
        <firstName>Catherine</firstName>
        <state>NV</state>
        <identifiers>
          <gpoId />
          <bioguideId>C001113</bioguideId>
          <lisID>2299</lisID>
        </identifiers>
        <isOriginalCosponsor>True</isOriginalCosponsor>
        <middleName />
        <sponsorshipDate>2019-05-02</sponsorshipDate>
        <bioguideId>C001113</bioguideId>
        <sponsorshipWithdrawnDate />
        <party>D</party>
        <fullName>Sen. Cortez Masto, Catherine  [D-NV]</fullName>
        <lastName>Cortez Masto</lastName>
      </item>
      <item>
        <firstName>Tammy</firstName>
        <state>IL</state>
        <identifiers>
          <lisID>2123</lisID>
          <bioguideId>D000622</bioguideId>
          <gpoId />
        </identifiers>
        <isOriginalCosponsor>True</isOriginalCosponsor>
        <middleName />
        <sponsorshipDate>2019-05-02</sponsorshipDate>
        <bioguideId>D000622</bioguideId>
        <sponsorshipWithdrawnDate />
        <party>D</party>
        <fullName>Sen. Duckworth, Tammy [D-IL]</fullName>
        <lastName>Duckworth</lastName>
      </item>
      <item>
        <firstName>DIANNE</firstName>
        <state>CA</state>
        <identifiers>
          <lisID>1332</lisID>
          <gpoId>8338</gpoId>
          <bioguideId>F000062</bioguideId>
        </identifiers>
        <isOriginalCosponsor>True</isOriginalCosponsor>
        <middleName />
        <sponsorshipDate>2019-05-02</sponsorshipDate>
        <bioguideId>F000062</bioguideId>
        <sponsorshipWithdrawnDate />
        <party>D</party>
        <fullName>Sen. Feinstein, Dianne [D-CA]</fullName>
        <lastName>FEINSTEIN</lastName>
      </item>
      <item>
        <firstName>Cory</firstName>
        <state>CO</state>
        <identifiers>
          <gpoId>7862</gpoId>
          <bioguideId>G000562</bioguideId>
          <lisID>1998</lisID>
        </identifiers>
        <isOriginalCosponsor>True</isOriginalCosponsor>
        <middleName />
        <sponsorshipDate>2019-05-02</sponsorshipDate>
        <bioguideId>G000562</bioguideId>
        <sponsorshipWithdrawnDate />
        <party>R</party>
        <fullName>Sen. Gardner, Cory [R-CO]</fullName>
        <lastName>Gardner</lastName>
      </item>
      <item>
        <firstName>Kamala</firstName>
        <state>CA</state>
        <identifiers>
          <bioguideId>H001075</bioguideId>
          <lisID>2301</lisID>
          <gpoId />
        </identifiers>
        <isOriginalCosponsor>True</isOriginalCosponsor>
        <middleName>D.</middleName>
        <sponsorshipDate>2019-05-02</sponsorshipDate>
        <bioguideId>H001075</bioguideId>
        <sponsorshipWithdrawnDate />
        <party>D</party>
        <fullName>Sen. Harris, Kamala D. [D-CA]</fullName>
        <lastName>Harris</lastName>
      </item>
      <item>
        <firstName>Martin</firstName>
        <state>NM</state>
        <identifiers>
          <lisID>1937</lisID>
          <bioguideId>H001046</bioguideId>
          <gpoId>8056</gpoId>
        </identifiers>
        <isOriginalCosponsor>True</isOriginalCosponsor>
        <middleName />
        <sponsorshipDate>2019-05-02</sponsorshipDate>
        <bioguideId>H001046</bioguideId>
        <sponsorshipWithdrawnDate />
        <party>D</party>
        <fullName>Sen. Heinrich, Martin [D-NM]</fullName>
        <lastName>Heinrich</lastName>
      </item>
      <item>
        <firstName>PATTY</firstName>
        <state>WA</state>
        <identifiers>
          <lisID>1409</lisID>
          <gpoId>8237</gpoId>
          <bioguideId>M001111</bioguideId>
        </identifiers>
        <isOriginalCosponsor>True</isOriginalCosponsor>
        <middleName />
        <sponsorshipDate>2019-05-02</sponsorshipDate>
        <bioguideId>M001111</bioguideId>
        <sponsorshipWithdrawnDate />
        <party>D</party>
        <fullName>Sen. Murray, Patty [D-WA]</fullName>
        <lastName>MURRAY</lastName>
      </item>
      <item>
        <firstName>JOHN</firstName>
        <state>RI</state>
        <identifiers>
          <gpoId>8272</gpoId>
          <lisID>949</lisID>
          <bioguideId>R000122</bioguideId>
        </identifiers>
        <isOriginalCosponsor>True</isOriginalCosponsor>
        <middleName>F.</middleName>
        <sponsorshipDate>2019-05-02</sponsorshipDate>
        <bioguideId>R000122</bioguideId>
        <sponsorshipWithdrawnDate />
        <party>D</party>
        <fullName>Sen. Reed, Jack [D-RI]</fullName>
        <lastName>REED</lastName>
      </item>
      <item>
        <firstName>Jacklyn</firstName>
        <state>NV</state>
        <identifiers>
          <lisID>2339</lisID>
          <gpoId />
          <bioguideId>R000608</bioguideId>
        </identifiers>
        <isOriginalCosponsor>True</isOriginalCosponsor>
        <middleName />
        <sponsorshipDate>2019-05-02</sponsorshipDate>
        <bioguideId>R000608</bioguideId>
        <sponsorshipWithdrawnDate />
        <party>D</party>
        <fullName>Sen. Rosen, Jacky [D-NV]</fullName>
        <lastName>Rosen</lastName>
      </item>
      <item>
        <firstName>Martha</firstName>
        <state>AZ</state>
        <identifiers>
          <gpoId />
          <lisID>2225</lisID>
          <bioguideId>M001197</bioguideId>
        </identifiers>
        <isOriginalCosponsor>True</isOriginalCosponsor>
        <middleName />
        <sponsorshipDate>2019-05-02</sponsorshipDate>
        <bioguideId>M001197</bioguideId>
        <sponsorshipWithdrawnDate />
        <party>R</party>
        <fullName>Sen. McSally, Martha [R-AZ]</fullName>
        <lastName>McSally</lastName>
      </item>
      <item>
        <firstName>Amy</firstName>
        <state>MN</state>
        <identifiers>
          <gpoId>8249</gpoId>
          <bioguideId>K000367</bioguideId>
          <lisID>1826</lisID>
        </identifiers>
        <isOriginalCosponsor>True</isOriginalCosponsor>
        <middleName />
        <sponsorshipDate>2019-05-02</sponsorshipDate>
        <bioguideId>K000367</bioguideId>
        <sponsorshipWithdrawnDate />
        <party>D</party>
        <fullName>Sen. Klobuchar, Amy [D-MN]</fullName>
        <lastName>Klobuchar</lastName>
      </item>
      <item>
        <firstName>Kyrsten</firstName>
        <state>AZ</state>
        <identifiers>
          <lisID>2099</lisID>
          <bioguideId>S001191</bioguideId>
          <gpoId />
        </identifiers>
        <isOriginalCosponsor>True</isOriginalCosponsor>
        <middleName />
        <sponsorshipDate>2019-05-02</sponsorshipDate>
        <bioguideId>S001191</bioguideId>
        <sponsorshipWithdrawnDate />
        <party>D</party>
        <fullName>Sen. Sinema, Kyrsten [D-AZ]</fullName>
        <lastName>Sinema</lastName>
      </item>
    </cosponsors>
    <billNumber>186</billNumber>
    <committees>
      <billCommittees />
    </committees>
    <relatedBills />
    <laws />
    <subjects>
      <billSubjects>
        <policyArea>
          <name>Families</name>
        </policyArea>
        <legislativeSubjects>
          <item>
            <name>Child care and development</name>
          </item>
          <item>
            <name>Commemorative events and holidays</name>
          </item>
          <item>
            <name>Community life and organization</name>
          </item>
          <item>
            <name>Cultural exchanges and relations</name>
          </item>
          <item>
            <name>Family relationships</name>
          </item>
        </legislativeSubjects>
      </billSubjects>
    </subjects>
    <summaries>
      <billSummaries>
        <item>
          <versionCode>00</versionCode>
          <lastSummaryUpdateDate>2019-05-10T16:24:14Z</lastSummaryUpdateDate>
          <updateDate>2019-05-02T04:00:00Z</updateDate>
          <name>Introduced in Senate</name>
          <actionDesc>Introduced in Senate</actionDesc>
          <text><![CDATA[<p>This resolution designates April 30, 2019, as El Dia de Los Ninos&#8212;Celebrating Young Americans.</p>]]></text>
          <actionDate>2019-05-02</actionDate>
        </item>
        <item>
          <versionCode>55</versionCode>
          <lastSummaryUpdateDate>2019-05-14T14:51:15Z</lastSummaryUpdateDate>
          <updateDate>2019-05-02T13:57:54Z</updateDate>
          <name>Passed Senate</name>
          <actionDesc>Passed Senate</actionDesc>
          <text><![CDATA[<p>This resolution designates April 30, 2019, as El Dia de Los Ninos&#8212;Celebrating Young Americans.</p>]]></text>
          <actionDate>2019-05-02</actionDate>
        </item>
      </billSummaries>
    </summaries>
    <recordedVotes />
    <originChamber>Senate</originChamber>
    <cboCostEstimates />
    <policyArea>
      <name>Families</name>
    </policyArea>
    <latestAction>
      <text>Submitted in the Senate, considered, and agreed to without amendment and with a preamble by Unanimous Consent. (consideration: CR S2623-2624; text: CR S2621)</text>
      <links />
      <actionDate>2019-05-02</actionDate>
    </latestAction>
    <title>A resolution recognizing April 30, 2019, as "El Dia de los Ninos-Celebrating Young Americans".</title>
    <introducedDate>2019-05-02</introducedDate>
    <textVersions>
      <item>
        <type>Agreed to Senate</type>
        <formats>
          <item>
            <url>https://www.govinfo.gov/content/pkg/BILLS-116sres186ats/xml/BILLS-116sres186ats.xml</url>
          </item>
        </formats>
        <date>2019-05-02T04:00:00Z</date>
      </item>
    </textVersions>
    <sponsors>
      <item>
        <bioguideId>M000639</bioguideId>
        <state>NJ</state>
        <middleName />
        <byRequestType />
        <party>D</party>
        <lastName>Menendez</lastName>
        <firstName>Robert</firstName>
        <fullName>Sen. Menendez, Robert [D-NJ]</fullName>
        <identifiers>
          <gpoId>8239</gpoId>
          <bioguideId>M000639</bioguideId>
          <lisID>791</lisID>
        </identifiers>
      </item>
    </sponsors>
    <version>1.0.0</version>
    <billType>SRES</billType>
  </bill>
  <dublinCore xmlns:dc="http://purl.org/dc/elements/1.1/">
    <dc:format>text/xml</dc:format>
    <dc:language>EN</dc:language>
    <dc:rights>Pursuant to Title 17 Section 105 of the United States Code, this file is not subject to copyright protection and is in the public domain.</dc:rights>
    <dc:contributor>Congressional Research Service, Library of Congress</dc:contributor>
    <dc:description>This file contains bill summaries and statuses for federal legislation. A bill summary describes the most significant provisions of a piece of legislation and details the effects the legislative text may have on current law and federal programs. Bill summaries are authored by the Congressional Research Service (CRS) of the Library of Congress. As stated in Public Law 91-510 (2 USC 166 (d)(6)), one of the duties of CRS is "to prepare summaries and digests of bills and resolutions of a public general nature introduced in the Senate or House of Representatives". For more information, refer to the User Guide that accompanies this file.</dc:description>
  </dublinCore>
</billStatus>

