<?xml version="1.0" encoding="UTF-8"?>
<billStatus>
  <bill>
    <calendarNumbers />
    <billNumber>235</billNumber>
    <version>1.0.0</version>
    <summaries>
      <billSummaries>
        <item>
          <updateDate>2019-06-05T04:00:00Z</updateDate>
          <actionDate>2019-06-05</actionDate>
          <name>Introduced in Senate</name>
          <actionDesc>Introduced in Senate</actionDesc>
          <text><![CDATA[<p>This resolution designates June 12, 2019, as Women Veterans Appreciation Day to recognize the service and sacrifices of women veterans who have served valiantly on behalf of the United States.</p>]]></text>
          <lastSummaryUpdateDate>2019-07-26T22:28:10Z</lastSummaryUpdateDate>
          <versionCode>00</versionCode>
        </item>
        <item>
          <updateDate>2019-06-18T20:47:29Z</updateDate>
          <actionDate>2019-06-18</actionDate>
          <name>Passed Senate</name>
          <actionDesc>Passed Senate</actionDesc>
          <text><![CDATA[<p>This resolution designates June 12, 2019, as Women Veterans Appreciation Day to recognize the service and sacrifices of women veterans who have served valiantly on behalf of the United States.</p>]]></text>
          <lastSummaryUpdateDate>2019-08-09T14:21:40Z</lastSummaryUpdateDate>
          <versionCode>55</versionCode>
        </item>
      </billSummaries>
    </summaries>
    <committeeReports />
    <congress>116</congress>
    <recordedVotes />
    <textVersions>
      <item>
        <type>Agreed to Senate</type>
        <formats>
          <item>
            <url>https://www.govinfo.gov/content/pkg/BILLS-116sres235ats/xml/BILLS-116sres235ats.xml</url>
          </item>
        </formats>
        <date>2019-06-18T04:00:00Z</date>
      </item>
      <item>
        <type>Introduced in Senate</type>
        <formats>
          <item>
            <url>https://www.govinfo.gov/content/pkg/BILLS-116sres235is/xml/BILLS-116sres235is.xml</url>
          </item>
        </formats>
        <date>2019-06-05T04:00:00Z</date>
      </item>
    </textVersions>
    <billType>SRES</billType>
    <cboCostEstimates />
    <laws />
    <policyArea>
      <name>Armed Forces and National Security</name>
    </policyArea>
    <updateDate>2019-08-16T10:41:45Z</updateDate>
    <createDate>2019-06-06T04:57:11Z</createDate>
    <relatedBills>
      <item>
        <type>HRES</type>
        <number>438</number>
        <congress>116</congress>
        <latestAction>
          <actionDate>2019-06-12</actionDate>
          <text>Referred to the House Committee on Oversight and Reform.</text>
        </latestAction>
        <latestTitle>Expressing support for the designation of June 12, 2019, as "Women Veterans Appreciation Day".</latestTitle>
        <relationshipDetails>
          <item>
            <type>Related bill</type>
            <identifiedBy>CRS</identifiedBy>
          </item>
        </relationshipDetails>
      </item>
    </relatedBills>
    <title>A resolution designating June 12, 2019, as "Women Veterans Appreciation Day".</title>
    <cosponsors>
      <item>
        <party>R</party>
        <bioguideId>B001243</bioguideId>
        <sponsorshipDate>2019-06-05</sponsorshipDate>
        <middleName />
        <sponsorshipWithdrawnDate />
        <isOriginalCosponsor>True</isOriginalCosponsor>
        <lastName>Blackburn</lastName>
        <state>TN</state>
        <fullName>Sen. Blackburn, Marsha [R-TN]</fullName>
        <identifiers>
          <gpoId>8154</gpoId>
          <bioguideId>B001243</bioguideId>
          <lisID>1748</lisID>
        </identifiers>
        <firstName>Marsha</firstName>
      </item>
      <item>
        <party>D</party>
        <bioguideId>M000639</bioguideId>
        <sponsorshipDate>2019-06-10</sponsorshipDate>
        <middleName />
        <sponsorshipWithdrawnDate />
        <isOriginalCosponsor>False</isOriginalCosponsor>
        <lastName>Menendez</lastName>
        <state>NJ</state>
        <fullName>Sen. Menendez, Robert [D-NJ]</fullName>
        <identifiers>
          <gpoId>8239</gpoId>
          <lisID>791</lisID>
          <bioguideId>M000639</bioguideId>
        </identifiers>
        <firstName>Robert</firstName>
      </item>
      <item>
        <party>D</party>
        <bioguideId>T000464</bioguideId>
        <sponsorshipDate>2019-06-10</sponsorshipDate>
        <middleName />
        <sponsorshipWithdrawnDate />
        <isOriginalCosponsor>False</isOriginalCosponsor>
        <lastName>Tester</lastName>
        <state>MT</state>
        <fullName>Sen. Tester, Jon [D-MT]</fullName>
        <identifiers>
          <gpoId>8258</gpoId>
          <bioguideId>T000464</bioguideId>
          <lisID>1829</lisID>
        </identifiers>
        <firstName>Jon</firstName>
      </item>
      <item>
        <party>R</party>
        <bioguideId>M001197</bioguideId>
        <sponsorshipDate>2019-06-10</sponsorshipDate>
        <middleName />
        <sponsorshipWithdrawnDate />
        <isOriginalCosponsor>False</isOriginalCosponsor>
        <lastName>McSally</lastName>
        <state>AZ</state>
        <fullName>Sen. McSally, Martha [R-AZ]</fullName>
        <identifiers>
          <gpoId />
          <bioguideId>M001197</bioguideId>
          <lisID>2225</lisID>
        </identifiers>
        <firstName>Martha</firstName>
      </item>
    </cosponsors>
    <sponsors>
      <item>
        <fullName>Sen. Booker, Cory A. [D-NJ]</fullName>
        <identifiers>
          <gpoId />
          <bioguideId>B001288</bioguideId>
          <lisID>2194</lisID>
        </identifiers>
        <middleName>A.</middleName>
        <party>D</party>
        <bioguideId>B001288</bioguideId>
        <state>NJ</state>
        <byRequestType />
        <lastName>Booker</lastName>
        <firstName>Cory</firstName>
      </item>
    </sponsors>
    <subjects>
      <billSubjects>
        <legislativeSubjects>
          <item>
            <name>Commemorative events and holidays</name>
          </item>
          <item>
            <name>Congressional tributes</name>
          </item>
          <item>
            <name>Veterans' organizations and recognition</name>
          </item>
          <item>
            <name>Women's rights</name>
          </item>
        </legislativeSubjects>
        <policyArea>
          <name>Armed Forces and National Security</name>
        </policyArea>
      </billSubjects>
    </subjects>
    <notes />
    <actions>
      <actionByCounts>
        <senate>7</senate>
      </actionByCounts>
      <item>
        <actionDate>2019-06-18</actionDate>
        <committee />
        <links>
          <link>
            <url>https://www.congress.gov/congressional-record/volume-165/senate-section/page/S3804</url>
            <name>S3804</name>
          </link>
        </links>
        <sourceSystem>
          <code>0</code>
          <name>Senate</name>
        </sourceSystem>
        <text>Resolution agreed to in Senate without amendment and an amended preamble by Unanimous Consent. (text: CR S3804)</text>
        <type>Floor</type>
      </item>
      <item>
        <actionCode>17000</actionCode>
        <sourceSystem>
          <code>9</code>
          <name>Library of Congress</name>
        </sourceSystem>
        <committee />
        <type>Floor</type>
        <text>Passed/agreed to in Senate: Resolution agreed to in Senate without amendment and an amended preamble by Unanimous Consent.(text: CR S3804)</text>
        <links>
          <link>
            <url>https://www.congress.gov/congressional-record/volume-165/senate-section/page/S3804</url>
            <name>S3804</name>
          </link>
        </links>
        <actionDate>2019-06-18</actionDate>
      </item>
      <item>
        <actionDate>2019-06-18</actionDate>
        <committee />
        <links />
        <sourceSystem>
          <code>0</code>
          <name>Senate</name>
        </sourceSystem>
        <text>Measure laid before Senate by unanimous consent.</text>
        <type>Floor</type>
      </item>
      <item>
        <actionDate>2019-06-18</actionDate>
        <committee>
          <systemCode>ssju00</systemCode>
          <name>Judiciary Committee</name>
        </committee>
        <links>
          <link>
            <url>https://www.congress.gov/congressional-record/volume-165/senate-section/page/S3804</url>
            <name>S3804</name>
          </link>
        </links>
        <sourceSystem>
          <code>0</code>
          <name>Senate</name>
        </sourceSystem>
        <text>Senate Committee on the Judiciary discharged by Unanimous Consent. (consideration: CR S3804)</text>
        <type>Discharge</type>
      </item>
      <item>
        <actionCode>14500</actionCode>
        <sourceSystem>
          <code>9</code>
          <name>Library of Congress</name>
        </sourceSystem>
        <committee>
          <systemCode>ssju00</systemCode>
          <name>Judiciary Committee</name>
        </committee>
        <type>Committee</type>
        <text>Senate Committee on the Judiciary discharged by Unanimous Consent.(consideration: CR S3804)</text>
        <links>
          <link>
            <url>https://www.congress.gov/congressional-record/volume-165/senate-section/page/S3804</url>
            <name>S3804</name>
          </link>
        </links>
        <actionDate>2019-06-18</actionDate>
      </item>
      <item>
        <actionDate>2019-06-05</actionDate>
        <committee>
          <systemCode>ssju00</systemCode>
          <name>Judiciary Committee</name>
        </committee>
        <links>
          <link>
            <url>https://www.congress.gov/congressional-record/volume-165/senate-section/page/S3263</url>
            <name>S3263</name>
          </link>
        </links>
        <sourceSystem>
          <code>0</code>
          <name>Senate</name>
        </sourceSystem>
        <text>Referred to the Committee on the Judiciary. (text: CR S3263)</text>
        <type>IntroReferral</type>
      </item>
      <item>
        <actionCode>10000</actionCode>
        <sourceSystem>
          <code>9</code>
          <name>Library of Congress</name>
        </sourceSystem>
        <committee />
        <type>IntroReferral</type>
        <text>Introduced in Senate</text>
        <links />
        <actionDate>2019-06-05</actionDate>
      </item>
      <actionTypeCounts>
        <agreedToInSenate>1</agreedToInSenate>
        <introducedInSenate>1</introducedInSenate>
        <senateCommitteeDischarged>1</senateCommitteeDischarged>
        <measureLaidBeforeSenate>1</measureLaidBeforeSenate>
        <referredToCommittee>1</referredToCommittee>
        <committeeDischarged>1</committeeDischarged>
        <passedAgreedToInSenate>1</passedAgreedToInSenate>
      </actionTypeCounts>
    </actions>
    <amendments>
      <amendment>
        <latestAction>
          <text>Amendment SA 750 agreed to in Senate by Unanimous Consent.</text>
          <actionDate>2019-06-18</actionDate>
        </latestAction>
        <congress>116</congress>
        <type>SAMDT</type>
        <description />
        <number>750</number>
        <purpose>To amend the preamble.</purpose>
        <amendments>
          <count>0</count>
        </amendments>
        <actions>
          <count>6</count>
          <actionByCounts>
            <senate>5</senate>
          </actionByCounts>
          <actionTypeCounts>
            <amendmentProposed>1</amendmentProposed>
            <amendmentAgreedTo>1</amendmentAgreedTo>
            <senateAmendmentProposedOnTheFloor>1</senateAmendmentProposedOnTheFloor>
            <senateAmendmentSubmitted>1</senateAmendmentSubmitted>
            <senateAmendmentAgreedTo>1</senateAmendmentAgreedTo>
          </actionTypeCounts>
          <actions>
            <item>
              <actionDate>2019-06-18</actionDate>
              <committee />
              <links>
                <link>
                  <name>S.Amdt.750</name>
                  <url>https://www.congress.gov/amendment/116th-congress/senate-amendment/750</url>
                </link>
                <link>
                  <name>SA 750</name>
                  <url>https://www.congress.gov/amendment/116th-congress/senate-amendment/750</url>
                </link>
              </links>
              <sourceSystem>
                <code>0</code>
                <name>Senate</name>
              </sourceSystem>
              <text>Amendment SA 750 agreed to in Senate by Unanimous Consent.</text>
              <type>Floor</type>
            </item>
            <item>
              <actionDate>2019-06-18</actionDate>
              <committee />
              <links>
                <link>
                  <name>S.Amdt.750</name>
                  <url>https://www.congress.gov/amendment/116th-congress/senate-amendment/750</url>
                </link>
                <link>
                  <name>S3804</name>
                  <url>https://www.congress.gov/congressional-record/volume-165/senate-section/page/S3804</url>
                </link>
                <link>
                  <name>SA 750</name>
                  <url>https://www.congress.gov/amendment/116th-congress/senate-amendment/750</url>
                </link>
              </links>
              <sourceSystem>
                <code>0</code>
                <name>Senate</name>
              </sourceSystem>
              <text>Amendment SA 750 proposed by Senator McConnell for Senator Booker. (consideration: CR S3804; text: CR S3804) To amend the preamble.</text>
              <type>Floor</type>
            </item>
            <item>
              <actionDate>2019-06-18</actionDate>
              <committee />
              <links />
              <text />
            </item>
            <item>
              <actionDate>2019-06-18</actionDate>
              <committee />
              <sourceSystem>
                <code>9</code>
                <name>Library of Congress</name>
              </sourceSystem>
              <type>Floor</type>
              <links>
                <link>
                  <name>S.Amdt.750</name>
                  <url>https://www.congress.gov/amendment/116th-congress/senate-amendment/750</url>
                </link>
                <link>
                  <name>S3804</name>
                  <url>https://www.congress.gov/congressional-record/volume-165/senate-section/page/S3804</url>
                </link>
                <link>
                  <name>SA 750</name>
                  <url>https://www.congress.gov/amendment/116th-congress/senate-amendment/750</url>
                </link>
              </links>
              <text>Senate amendment proposed (on the floor): Amendment SA 750 proposed by Senator McConnell for Senator Booker.</text>
              <actionCode>93000</actionCode>
            </item>
            <item>
              <actionDate>2019-06-18</actionDate>
              <committee />
              <sourceSystem>
                <code>9</code>
                <name>Library of Congress</name>
              </sourceSystem>
              <type>Floor</type>
              <links>
                <link>
                  <name>S.Amdt.750</name>
                  <url>https://www.congress.gov/amendment/116th-congress/senate-amendment/750</url>
                </link>
                <link>
                  <name>SA 750</name>
                  <url>https://www.congress.gov/amendment/116th-congress/senate-amendment/750</url>
                </link>
              </links>
              <text>Senate amendment agreed to: Amendment SA 750 agreed to in Senate by Unanimous Consent.</text>
              <actionCode>94000</actionCode>
            </item>
            <item>
              <actionDate>2019-06-18</actionDate>
              <committee />
              <sourceSystem>
                <code>9</code>
                <name>Library of Congress</name>
              </sourceSystem>
              <type>Floor</type>
              <links />
              <text>Senate amendment submitted</text>
              <actionCode>91000</actionCode>
            </item>
          </actions>
        </actions>
        <congress>116</congress>
        <proposedDate>2019-06-18T04:00:00Z</proposedDate>
        <description />
        <cosponsors>
          <totalCount>1</totalCount>
          <currentCount>1</currentCount>
          <item>
            <identifiers>
              <gpoId>8154</gpoId>
              <bioguideId>B001243</bioguideId>
              <lisID>1748</lisID>
            </identifiers>
            <state>TN</state>
            <middleName />
            <fullName>Sen. Blackburn, Marsha [R-TN]</fullName>
            <sponsorshipDate>2019-06-18</sponsorshipDate>
            <firstName>Marsha</firstName>
            <bioguideId>B001243</bioguideId>
            <lastName>Blackburn</lastName>
            <sponsorshipWithdrawnDate />
            <party>R</party>
            <isOriginalCosponsor>True</isOriginalCosponsor>
          </item>
        </cosponsors>
        <links />
        <submittedDate>2019-06-18T04:00:00Z</submittedDate>
        <amendedBill>
          <number>235</number>
          <congress>116</congress>
          <originChamberCode>S</originChamberCode>
          <originChamber>Senate</originChamber>
          <type>SRES</type>
          <title>A resolution designating June 12, 2019, as "Women Veterans Appreciation Day".</title>
        </amendedBill>
        <purpose>To amend the preamble.</purpose>
        <notes />
        <number>750</number>
        <version>1.0.0</version>
        <amendedAmendment />
        <updateDate>2019-08-13T14:46:00Z</updateDate>
        <chamber>Senate</chamber>
        <createDate>2019-06-19T04:50:22Z</createDate>
        <titles />
        <type>SAMDT</type>
        <sponsors>
          <item>
            <firstName>Cory</firstName>
            <fullName>Sen. Booker, Cory A. [D-NJ]</fullName>
            <lastName>Booker</lastName>
            <party>D</party>
            <bioguideId>B001288</bioguideId>
            <middleName>A.</middleName>
            <state>NJ</state>
            <identifiers>
              <gpoId />
              <bioguideId>B001288</bioguideId>
              <lisID>2194</lisID>
            </identifiers>
          </item>
        </sponsors>
      </amendment>
    </amendments>
    <latestAction>
      <actionDate>2019-06-18</actionDate>
      <text>Resolution agreed to in Senate without amendment and an amended preamble by Unanimous Consent. (text: CR S3804)</text>
      <links />
    </latestAction>
    <titles>
      <item>
        <titleType>Official Title as Introduced</titleType>
        <parentTitleType />
        <chamberName />
        <title>A resolution designating June 12, 2019, as "Women Veterans Appreciation Day".</title>
        <chamberCode />
      </item>
      <item>
        <titleType>Display Title</titleType>
        <parentTitleType />
        <chamberName />
        <title>A resolution designating June 12, 2019, as "Women Veterans Appreciation Day".</title>
        <chamberCode />
      </item>
    </titles>
    <committees>
      <billCommittees>
        <item>
          <name>Judiciary Committee</name>
          <chamber>Senate</chamber>
          <subcommittees />
          <systemCode>ssju00</systemCode>
          <type>Standing</type>
          <activities>
            <item>
              <date>2019-06-18T22:29:15Z</date>
              <name>Discharged from</name>
            </item>
            <item>
              <date>2019-06-05T20:01:00Z</date>
              <name>Referred to</name>
            </item>
          </activities>
        </item>
      </billCommittees>
    </committees>
    <introducedDate>2019-06-05</introducedDate>
    <originChamber>Senate</originChamber>
  </bill>
  <dublinCore xmlns:dc="http://purl.org/dc/elements/1.1/">
    <dc:format>text/xml</dc:format>
    <dc:language>EN</dc:language>
    <dc:rights>Pursuant to Title 17 Section 105 of the United States Code, this file is not subject to copyright protection and is in the public domain.</dc:rights>
    <dc:contributor>Congressional Research Service, Library of Congress</dc:contributor>
    <dc:description>This file contains bill summaries and statuses for federal legislation. A bill summary describes the most significant provisions of a piece of legislation and details the effects the legislative text may have on current law and federal programs. Bill summaries are authored by the Congressional Research Service (CRS) of the Library of Congress. As stated in Public Law 91-510 (2 USC 166 (d)(6)), one of the duties of CRS is "to prepare summaries and digests of bills and resolutions of a public general nature introduced in the Senate or House of Representatives". For more information, refer to the User Guide that accompanies this file.</dc:description>
  </dublinCore>
</billStatus>

