<?xml version="1.0" encoding="UTF-8"?>
<billStatus>
  <bill>
    <introducedDate>2019-05-01</introducedDate>
    <policyArea>
      <name>Education</name>
    </policyArea>
    <amendments />
    <cosponsors>
      <item>
        <fullName>Sen. Cornyn, John [R-TX]</fullName>
        <sponsorshipWithdrawnDate />
        <state>TX</state>
        <isOriginalCosponsor>True</isOriginalCosponsor>
        <firstName>John</firstName>
        <party>R</party>
        <lastName>Cornyn</lastName>
        <bioguideId>C001056</bioguideId>
        <middleName />
        <sponsorshipDate>2019-05-01</sponsorshipDate>
        <identifiers>
          <lisID>1692</lisID>
          <gpoId>8295</gpoId>
          <bioguideId>C001056</bioguideId>
        </identifiers>
      </item>
      <item>
        <fullName>Sen. Alexander, Lamar [R-TN]</fullName>
        <sponsorshipWithdrawnDate />
        <state>TN</state>
        <isOriginalCosponsor>True</isOriginalCosponsor>
        <firstName>Lamar</firstName>
        <party>R</party>
        <lastName>Alexander</lastName>
        <bioguideId>A000360</bioguideId>
        <middleName />
        <sponsorshipDate>2019-05-01</sponsorshipDate>
        <identifiers>
          <bioguideId>A000360</bioguideId>
          <gpoId>8304</gpoId>
          <lisID>1695</lisID>
        </identifiers>
      </item>
      <item>
        <fullName>Sen. Casey, Robert P., Jr. [D-PA]</fullName>
        <sponsorshipWithdrawnDate />
        <state>PA</state>
        <isOriginalCosponsor>True</isOriginalCosponsor>
        <firstName>Bob</firstName>
        <party>D</party>
        <lastName>Casey</lastName>
        <bioguideId>C001070</bioguideId>
        <middleName />
        <sponsorshipDate>2019-05-01</sponsorshipDate>
        <identifiers>
          <gpoId>8282</gpoId>
          <lisID>1828</lisID>
          <bioguideId>C001070</bioguideId>
        </identifiers>
      </item>
      <item>
        <fullName>Sen. Ernst, Joni  [R-IA]</fullName>
        <sponsorshipWithdrawnDate />
        <state>IA</state>
        <isOriginalCosponsor>True</isOriginalCosponsor>
        <firstName>Joni</firstName>
        <party>R</party>
        <lastName>Ernst</lastName>
        <bioguideId>E000295</bioguideId>
        <middleName />
        <sponsorshipDate>2019-05-01</sponsorshipDate>
        <identifiers>
          <bioguideId>E000295</bioguideId>
          <lisID>2283</lisID>
          <gpoId />
        </identifiers>
      </item>
      <item>
        <fullName>Sen. Hoeven, John [R-ND]</fullName>
        <sponsorshipWithdrawnDate />
        <state>ND</state>
        <isOriginalCosponsor>True</isOriginalCosponsor>
        <firstName>John</firstName>
        <party>R</party>
        <lastName>Hoeven</lastName>
        <bioguideId>H001061</bioguideId>
        <middleName />
        <sponsorshipDate>2019-05-01</sponsorshipDate>
        <identifiers>
          <lisID>2079</lisID>
          <bioguideId>H001061</bioguideId>
          <gpoId>8331</gpoId>
        </identifiers>
      </item>
      <item>
        <fullName>Sen. Isakson, Johnny [R-GA]</fullName>
        <sponsorshipWithdrawnDate />
        <state>GA</state>
        <isOriginalCosponsor>True</isOriginalCosponsor>
        <firstName>Johnny</firstName>
        <party>R</party>
        <lastName>Isakson</lastName>
        <bioguideId>I000055</bioguideId>
        <middleName />
        <sponsorshipDate>2019-05-01</sponsorshipDate>
        <identifiers>
          <gpoId>8323</gpoId>
          <bioguideId>I000055</bioguideId>
          <lisID>1608</lisID>
        </identifiers>
      </item>
      <item>
        <fullName>Sen. Jones, Doug  [D-AL]</fullName>
        <sponsorshipWithdrawnDate />
        <state>AL</state>
        <isOriginalCosponsor>True</isOriginalCosponsor>
        <firstName>Doug</firstName>
        <party>D</party>
        <lastName>Jones</lastName>
        <bioguideId>J000300</bioguideId>
        <middleName />
        <sponsorshipDate>2019-05-01</sponsorshipDate>
        <identifiers>
          <bioguideId>J000300</bioguideId>
          <lisID>2364</lisID>
          <gpoId />
        </identifiers>
      </item>
      <item>
        <fullName>Sen. Kaine, Tim [D-VA]</fullName>
        <sponsorshipWithdrawnDate />
        <state>VA</state>
        <isOriginalCosponsor>True</isOriginalCosponsor>
        <firstName>Timothy</firstName>
        <party>D</party>
        <lastName>Kaine</lastName>
        <bioguideId>K000384</bioguideId>
        <middleName />
        <sponsorshipDate>2019-05-01</sponsorshipDate>
        <identifiers>
          <lisID>2176</lisID>
          <gpoId />
          <bioguideId>K000384</bioguideId>
        </identifiers>
      </item>
      <item>
        <fullName>Sen. Murray, Patty [D-WA]</fullName>
        <sponsorshipWithdrawnDate />
        <state>WA</state>
        <isOriginalCosponsor>True</isOriginalCosponsor>
        <firstName>PATTY</firstName>
        <party>D</party>
        <lastName>MURRAY</lastName>
        <bioguideId>M001111</bioguideId>
        <middleName />
        <sponsorshipDate>2019-05-01</sponsorshipDate>
        <identifiers>
          <lisID>1409</lisID>
          <bioguideId>M001111</bioguideId>
          <gpoId>8237</gpoId>
        </identifiers>
      </item>
      <item>
        <fullName>Sen. Smith, Tina  [D-MN]</fullName>
        <sponsorshipWithdrawnDate />
        <state>MN</state>
        <isOriginalCosponsor>True</isOriginalCosponsor>
        <firstName>Tina</firstName>
        <party>D</party>
        <lastName>Smith</lastName>
        <bioguideId>S001203</bioguideId>
        <middleName />
        <sponsorshipDate>2019-05-01</sponsorshipDate>
        <identifiers>
          <lisID>2365</lisID>
          <gpoId />
          <bioguideId>S001203</bioguideId>
        </identifiers>
      </item>
    </cosponsors>
    <laws />
    <calendarNumbers />
    <billNumber>181</billNumber>
    <subjects>
      <billSubjects>
        <policyArea>
          <name>Education</name>
        </policyArea>
        <legislativeSubjects>
          <item>
            <name>Academic performance and assessments</name>
          </item>
          <item>
            <name>Child health</name>
          </item>
          <item>
            <name>Commemorative events and holidays</name>
          </item>
          <item>
            <name>Congressional tributes</name>
          </item>
          <item>
            <name>Drug, alcohol, tobacco use</name>
          </item>
          <item>
            <name>Education of the disadvantaged</name>
          </item>
          <item>
            <name>Educational guidance</name>
          </item>
          <item>
            <name>Elementary and secondary education</name>
          </item>
          <item>
            <name>Government information and archives</name>
          </item>
          <item>
            <name>Health personnel</name>
          </item>
          <item>
            <name>Mental health</name>
          </item>
          <item>
            <name>Teaching, teachers, curricula</name>
          </item>
        </legislativeSubjects>
      </billSubjects>
    </subjects>
    <congress>116</congress>
    <recordedVotes />
    <actions>
      <actionTypeCounts>
        <introducedInSenate>1</introducedInSenate>
        <passedAgreedToInSenate>1</passedAgreedToInSenate>
        <passedOrAgreedToInSenateDayOf>1</passedOrAgreedToInSenateDayOf>
      </actionTypeCounts>
      <actionByCounts>
        <senate>3</senate>
      </actionByCounts>
      <item>
        <actionDate>2019-05-01</actionDate>
        <committee />
        <links>
          <link>
            <name>S2575-2576</name>
            <url>https://www.congress.gov/congressional-record/volume-165/senate-section/page/S2575-2576</url>
          </link>
          <link>
            <name>S2577</name>
            <url>https://www.congress.gov/congressional-record/volume-165/senate-section/page/S2577</url>
          </link>
        </links>
        <sourceSystem>
          <name>Senate</name>
          <code>0</code>
        </sourceSystem>
        <text>Submitted in the Senate, considered, and agreed to without amendment and with a preamble by Voice Vote. (consideration: CR S2577; text: CR S2575-2576)</text>
        <type>Floor</type>
      </item>
      <item>
        <links>
          <link>
            <name>S2575-2576</name>
            <url>https://www.congress.gov/congressional-record/volume-165/senate-section/page/S2575-2576</url>
          </link>
          <link>
            <name>S2577</name>
            <url>https://www.congress.gov/congressional-record/volume-165/senate-section/page/S2577</url>
          </link>
        </links>
        <text>Passed/agreed to in Senate: Submitted in the Senate, considered, and agreed to without amendment and with a preamble by Voice Vote.(consideration: CR S2577; text: CR S2575-2576)</text>
        <committee />
        <type>Floor</type>
        <actionDate>2019-05-01</actionDate>
        <sourceSystem>
          <name>Library of Congress</name>
          <code>9</code>
        </sourceSystem>
        <actionCode>17000</actionCode>
      </item>
      <item>
        <links />
        <text>Introduced in Senate</text>
        <committee />
        <type>IntroReferral</type>
        <actionDate>2019-05-01</actionDate>
        <sourceSystem>
          <name>Library of Congress</name>
          <code>9</code>
        </sourceSystem>
        <actionCode>10000</actionCode>
      </item>
    </actions>
    <textVersions>
      <item>
        <date>2019-05-01T04:00:00Z</date>
        <type>Agreed to Senate</type>
        <formats>
          <item>
            <url>https://www.govinfo.gov/content/pkg/BILLS-116sres181ats/xml/BILLS-116sres181ats.xml</url>
          </item>
        </formats>
      </item>
    </textVersions>
    <originChamber>Senate</originChamber>
    <billType>SRES</billType>
    <createDate>2019-05-02T04:42:09Z</createDate>
    <cboCostEstimates />
    <notes />
    <updateDate>2019-06-08T09:20:36Z</updateDate>
    <committees>
      <billCommittees />
    </committees>
    <summaries>
      <billSummaries />
    </summaries>
    <relatedBills>
      <item>
        <congress>116</congress>
        <latestTitle>Expressing support for the designation of the week of April 8, 2019, through April 12, 2019, as National Specialized Instructional Support Personnel Appreciation Week.</latestTitle>
        <number>298</number>
        <type>HRES</type>
        <latestAction>
          <text>Referred to the Committee on Education and Labor, and in addition to the Committee on Energy and Commerce, for a period to be subsequently determined by the Speaker, in each case for consideration of such provisions as fall within the jurisdiction of the committee concerned.</text>
          <actionDate>2019-04-09</actionDate>
        </latestAction>
        <relationshipDetails>
          <item>
            <identifiedBy>CRS</identifiedBy>
            <type>Related bill</type>
          </item>
        </relationshipDetails>
      </item>
    </relatedBills>
    <version>1.0.0</version>
    <sponsors>
      <item>
        <firstName>Margaret</firstName>
        <fullName>Sen. Hassan, Margaret Wood [D-NH]</fullName>
        <bioguideId>H001076</bioguideId>
        <state>NH</state>
        <middleName>Wood</middleName>
        <lastName>Hassan</lastName>
        <identifiers>
          <gpoId />
          <bioguideId>H001076</bioguideId>
          <lisID>2302</lisID>
        </identifiers>
        <byRequestType />
        <party>D</party>
      </item>
    </sponsors>
    <titles>
      <item>
        <title>A resolution supporting the designation of the week of April 8 through April 12, 2019, as "National Specialized Instructional Support Personnel Appreciation Week".</title>
        <chamberName />
        <titleType>Official Title as Introduced</titleType>
        <parentTitleType />
        <chamberCode />
      </item>
      <item>
        <title>A resolution supporting the designation of the week of April 8 through April 12, 2019, as "National Specialized Instructional Support Personnel Appreciation Week".</title>
        <chamberName />
        <titleType>Display Title</titleType>
        <parentTitleType />
        <chamberCode />
      </item>
    </titles>
    <committeeReports />
    <latestAction>
      <links />
      <actionDate>2019-05-01</actionDate>
      <text>Submitted in the Senate, considered, and agreed to without amendment and with a preamble by Voice Vote. (consideration: CR S2577; text: CR S2575-2576)</text>
    </latestAction>
    <title>A resolution supporting the designation of the week of April 8 through April 12, 2019, as "National Specialized Instructional Support Personnel Appreciation Week".</title>
  </bill>
  <dublinCore xmlns:dc="http://purl.org/dc/elements/1.1/">
    <dc:format>text/xml</dc:format>
    <dc:language>EN</dc:language>
    <dc:rights>Pursuant to Title 17 Section 105 of the United States Code, this file is not subject to copyright protection and is in the public domain.</dc:rights>
    <dc:contributor>Congressional Research Service, Library of Congress</dc:contributor>
    <dc:description>This file contains bill summaries and statuses for federal legislation. A bill summary describes the most significant provisions of a piece of legislation and details the effects the legislative text may have on current law and federal programs. Bill summaries are authored by the Congressional Research Service (CRS) of the Library of Congress. As stated in Public Law 91-510 (2 USC 166 (d)(6)), one of the duties of CRS is "to prepare summaries and digests of bills and resolutions of a public general nature introduced in the Senate or House of Representatives". For more information, refer to the User Guide that accompanies this file.</dc:description>
  </dublinCore>
</billStatus>

