<?xml version="1.0" encoding="UTF-8"?>
<billStatus>
  <bill>
    <policyArea>
      <name>International Affairs</name>
    </policyArea>
    <relatedBills>
      <item>
        <congress>116</congress>
        <latestAction>
          <actionDate>2019-05-16</actionDate>
          <text>Referred to the Subcommittee on Africa, Global Health, Global Human Rights, and International Organizations.</text>
        </latestAction>
        <number>375</number>
        <type>HRES</type>
        <latestTitle>Recognizing the Fifth Anniversary of the Chibok Girls Kidnapping by the Boko Haram Terrorist Organization and calling on the Government of Nigeria to redouble efforts to bring an end to the conflict in northeast and central Nigeria and to provide assistance to the victims.</latestTitle>
        <relationshipDetails>
          <item>
            <type>Identical bill</type>
            <identifiedBy>CRS</identifiedBy>
          </item>
        </relationshipDetails>
      </item>
    </relatedBills>
    <introducedDate>2019-04-11</introducedDate>
    <committeeReports />
    <amendments />
    <textVersions>
      <item>
        <date>2019-04-11T04:00:00Z</date>
        <type>Introduced in Senate</type>
        <formats>
          <item>
            <url>https://www.govinfo.gov/content/pkg/BILLS-116sres170is/xml/BILLS-116sres170is.xml</url>
          </item>
        </formats>
      </item>
    </textVersions>
    <cboCostEstimates />
    <subjects>
      <billSubjects>
        <legislativeSubjects>
          <item>
            <name>Africa</name>
          </item>
          <item>
            <name>Commemorative events and holidays</name>
          </item>
          <item>
            <name>Conflicts and wars</name>
          </item>
          <item>
            <name>Congressional oversight</name>
          </item>
          <item>
            <name>Congressional tributes</name>
          </item>
          <item>
            <name>Crime victims</name>
          </item>
          <item>
            <name>Crimes against women</name>
          </item>
          <item>
            <name>Energy prices</name>
          </item>
          <item>
            <name>Family relationships</name>
          </item>
          <item>
            <name>Foreign aid and international relief</name>
          </item>
          <item>
            <name>Government information and archives</name>
          </item>
          <item>
            <name>Human rights</name>
          </item>
          <item>
            <name>Human trafficking</name>
          </item>
          <item>
            <name>International organizations and cooperation</name>
          </item>
          <item>
            <name>Military assistance, sales, and agreements</name>
          </item>
          <item>
            <name>Missing persons</name>
          </item>
          <item>
            <name>Nigeria</name>
          </item>
          <item>
            <name>Oil and gas</name>
          </item>
          <item>
            <name>Political movements and philosophies</name>
          </item>
          <item>
            <name>Terrorism</name>
          </item>
          <item>
            <name>Women's rights</name>
          </item>
        </legislativeSubjects>
        <policyArea>
          <name>International Affairs</name>
        </policyArea>
      </billSubjects>
    </subjects>
    <laws />
    <calendarNumbers />
    <notes />
    <actions>
      <actionByCounts>
        <senate>2</senate>
      </actionByCounts>
      <item>
        <actionDate>2019-04-11</actionDate>
        <committee>
          <name>Foreign Relations Committee</name>
          <systemCode>ssfr00</systemCode>
        </committee>
        <links>
          <link>
            <url>https://www.congress.gov/congressional-record/volume-165/senate-section/page/S2444-2445</url>
            <name>S2444-2445</name>
          </link>
        </links>
        <sourceSystem>
          <code>0</code>
          <name>Senate</name>
        </sourceSystem>
        <text>Referred to the Committee on Foreign Relations. (text: CR S2444-2445)</text>
        <type>IntroReferral</type>
      </item>
      <item>
        <actionDate>2019-04-11</actionDate>
        <committee />
        <type>IntroReferral</type>
        <actionCode>10000</actionCode>
        <links />
        <sourceSystem>
          <code>9</code>
          <name>Library of Congress</name>
        </sourceSystem>
        <text>Introduced in Senate</text>
      </item>
      <actionTypeCounts>
        <referredToCommittee>1</referredToCommittee>
        <introducedInSenate>1</introducedInSenate>
      </actionTypeCounts>
    </actions>
    <originChamber>Senate</originChamber>
    <committees>
      <billCommittees>
        <item>
          <type>Standing</type>
          <chamber>Senate</chamber>
          <systemCode>ssfr00</systemCode>
          <name>Foreign Relations Committee</name>
          <activities>
            <item>
              <name>Referred to</name>
              <date>2019-04-11T20:35:47Z</date>
            </item>
          </activities>
          <subcommittees />
        </item>
      </billCommittees>
    </committees>
    <titles>
      <item>
        <title>A resolution recognizing the Fifth Anniversary of the Chibok Girls Kidnapping by the Boko Haram Terrorist Organization and calling on the Government of Nigeria to redouble efforts to bring an end to the conflict in northeast and central Nigeria and to provide assistance to the victims.</title>
        <parentTitleType />
        <titleType>Official Title as Introduced</titleType>
        <chamberName />
        <chamberCode />
      </item>
      <item>
        <title>A resolution recognizing the Fifth Anniversary of the Chibok Girls Kidnapping by the Boko Haram Terrorist Organization and calling on the Government of Nigeria to redouble efforts to bring an end to the conflict in northeast and central Nigeria and to provide assistance to the victims.</title>
        <parentTitleType />
        <titleType>Display Title</titleType>
        <chamberName />
        <chamberCode />
      </item>
    </titles>
    <summaries>
      <billSummaries />
    </summaries>
    <recordedVotes />
    <title>A resolution recognizing the Fifth Anniversary of the Chibok Girls Kidnapping by the Boko Haram Terrorist Organization and calling on the Government of Nigeria to redouble efforts to bring an end to the conflict in northeast and central Nigeria and to provide assistance to the victims.</title>
    <sponsors>
      <item>
        <party>D</party>
        <state>WI</state>
        <identifiers>
          <lisID>1558</lisID>
          <gpoId>8215</gpoId>
          <bioguideId>B001230</bioguideId>
        </identifiers>
        <middleName />
        <byRequestType />
        <bioguideId>B001230</bioguideId>
        <firstName>Tammy</firstName>
        <fullName>Sen. Baldwin, Tammy [D-WI]</fullName>
        <lastName>Baldwin</lastName>
      </item>
    </sponsors>
    <cosponsors>
      <item>
        <party>R</party>
        <state>FL</state>
        <identifiers>
          <lisID>2084</lisID>
          <gpoId>8242</gpoId>
          <bioguideId>R000595</bioguideId>
        </identifiers>
        <middleName />
        <sponsorshipWithdrawnDate />
        <bioguideId>R000595</bioguideId>
        <isOriginalCosponsor>True</isOriginalCosponsor>
        <firstName>Marco</firstName>
        <fullName>Sen. Rubio, Marco [R-FL]</fullName>
        <sponsorshipDate>2019-04-11</sponsorshipDate>
        <lastName>Rubio</lastName>
      </item>
      <item>
        <party>D</party>
        <state>IL</state>
        <identifiers>
          <bioguideId>D000563</bioguideId>
          <gpoId>8326</gpoId>
          <lisID>326</lisID>
        </identifiers>
        <middleName>J.</middleName>
        <sponsorshipWithdrawnDate />
        <bioguideId>D000563</bioguideId>
        <isOriginalCosponsor>True</isOriginalCosponsor>
        <firstName>RICHARD</firstName>
        <fullName>Sen. Durbin, Richard J. [D-IL]</fullName>
        <sponsorshipDate>2019-04-11</sponsorshipDate>
        <lastName>DURBIN</lastName>
      </item>
      <item>
        <party>R</party>
        <state>ME</state>
        <identifiers>
          <bioguideId>C001035</bioguideId>
          <gpoId>8291</gpoId>
          <lisID>1541</lisID>
        </identifiers>
        <middleName>MARGARET</middleName>
        <sponsorshipWithdrawnDate />
        <bioguideId>C001035</bioguideId>
        <isOriginalCosponsor>True</isOriginalCosponsor>
        <firstName>SUSAN</firstName>
        <fullName>Sen. Collins, Susan M. [R-ME]</fullName>
        <sponsorshipDate>2019-04-11</sponsorshipDate>
        <lastName>COLLINS</lastName>
      </item>
      <item>
        <party>D</party>
        <state>NH</state>
        <identifiers>
          <bioguideId>S001181</bioguideId>
          <lisID>1901</lisID>
          <gpoId>8276</gpoId>
        </identifiers>
        <middleName />
        <sponsorshipWithdrawnDate />
        <bioguideId>S001181</bioguideId>
        <isOriginalCosponsor>True</isOriginalCosponsor>
        <firstName>Jeanne</firstName>
        <fullName>Sen. Shaheen, Jeanne [D-NH]</fullName>
        <sponsorshipDate>2019-04-11</sponsorshipDate>
        <lastName>Shaheen</lastName>
      </item>
      <item>
        <party>D</party>
        <state>CT</state>
        <identifiers>
          <lisID>2076</lisID>
          <gpoId>8332</gpoId>
          <bioguideId>B001277</bioguideId>
        </identifiers>
        <middleName />
        <sponsorshipWithdrawnDate />
        <bioguideId>B001277</bioguideId>
        <isOriginalCosponsor>False</isOriginalCosponsor>
        <firstName>Richard</firstName>
        <fullName>Sen. Blumenthal, Richard [D-CT]</fullName>
        <sponsorshipDate>2019-04-30</sponsorshipDate>
        <lastName>Blumenthal</lastName>
      </item>
    </cosponsors>
    <billNumber>170</billNumber>
    <congress>116</congress>
    <latestAction>
      <links />
      <actionDate>2019-04-11</actionDate>
      <text>Referred to the Committee on Foreign Relations. (text: CR S2444-2445)</text>
    </latestAction>
    <billType>SRES</billType>
    <updateDate>2019-11-15T21:56:28Z</updateDate>
    <createDate>2019-04-12T04:57:08Z</createDate>
    <version>1.0.0</version>
  </bill>
  <dublinCore xmlns:dc="http://purl.org/dc/elements/1.1/">
    <dc:format>text/xml</dc:format>
    <dc:language>EN</dc:language>
    <dc:rights>Pursuant to Title 17 Section 105 of the United States Code, this file is not subject to copyright protection and is in the public domain.</dc:rights>
    <dc:contributor>Congressional Research Service, Library of Congress</dc:contributor>
    <dc:description>This file contains bill summaries and statuses for federal legislation. A bill summary describes the most significant provisions of a piece of legislation and details the effects the legislative text may have on current law and federal programs. Bill summaries are authored by the Congressional Research Service (CRS) of the Library of Congress. As stated in Public Law 91-510 (2 USC 166 (d)(6)), one of the duties of CRS is "to prepare summaries and digests of bills and resolutions of a public general nature introduced in the Senate or House of Representatives". For more information, refer to the User Guide that accompanies this file.</dc:description>
  </dublinCore>
</billStatus>

