<?xml version="1.0" encoding="UTF-8"?>
<billStatus>
  <bill>
    <relatedBills>
      <item>
        <number>6</number>
        <type>SRES</type>
        <latestTitle>A resolution fixing the hour of daily meeting of the Senate.</latestTitle>
        <latestAction>
          <text>Submitted in the Senate, considered, and agreed to without amendment by Unanimous Consent. (consideration: CR S6; text: CR S6)</text>
          <actionDate>2019-01-03</actionDate>
        </latestAction>
        <relationshipDetails>
          <item>
            <type>Related bill</type>
            <identifiedBy>CRS</identifiedBy>
          </item>
        </relationshipDetails>
        <congress>116</congress>
      </item>
    </relatedBills>
    <amendments />
    <committeeReports />
    <latestAction>
      <text>Submitted in the Senate. Placed on Senate Legislative Calendar under Over, Under the Rule.</text>
      <links />
      <actionDate>2019-01-03</actionDate>
    </latestAction>
    <version>1.0.0</version>
    <policyArea>
      <name>Congress</name>
    </policyArea>
    <sponsors>
      <item>
        <middleName />
        <state>KY</state>
        <firstName>MITCH</firstName>
        <byRequestType />
        <fullName>Sen. McConnell, Mitch [R-KY]</fullName>
        <lastName>MCCONNELL</lastName>
        <bioguideId>M000355</bioguideId>
        <identifiers>
          <bioguideId>M000355</bioguideId>
          <lisID>1395</lisID>
          <gpoId>8254</gpoId>
        </identifiers>
        <party>R</party>
      </item>
    </sponsors>
    <laws />
    <actions>
      <actionTypeCounts>
        <introducedInSenate>1</introducedInSenate>
        <placedOnCalendarSection>1</placedOnCalendarSection>
      </actionTypeCounts>
      <item>
        <actionDate>2019-01-03</actionDate>
        <committee />
        <links />
        <sourceSystem>
          <code>0</code>
          <name>Senate</name>
        </sourceSystem>
        <text>Submitted in the Senate. Placed on Senate Legislative Calendar under Over, Under the Rule.</text>
        <type>Calendars</type>
      </item>
      <item>
        <links />
        <actionCode>10000</actionCode>
        <sourceSystem>
          <code>9</code>
          <name>Library of Congress</name>
        </sourceSystem>
        <text>Introduced in Senate</text>
        <actionDate>2019-01-03</actionDate>
        <type>IntroReferral</type>
        <committee />
      </item>
      <actionByCounts>
        <senate>2</senate>
      </actionByCounts>
    </actions>
    <billType>SRES</billType>
    <updateDate>2019-04-02T17:41:08Z</updateDate>
    <congress>116</congress>
    <calendarNumbers />
    <recordedVotes />
    <introducedDate>2019-01-03</introducedDate>
    <notes />
    <summaries>
      <billSummaries>
        <item>
          <lastSummaryUpdateDate>2019-01-08T17:48:04Z</lastSummaryUpdateDate>
          <text><![CDATA[<p>This resolution sets the daily meeting of the Senate at 12:01 p.m. unless otherwise ordered.</p>]]></text>
          <versionCode>00</versionCode>
          <actionDate>2019-01-03</actionDate>
          <updateDate>2019-01-03T05:00:00Z</updateDate>
          <name>Introduced in Senate</name>
          <actionDesc>Introduced in Senate</actionDesc>
        </item>
      </billSummaries>
    </summaries>
    <cosponsors />
    <originChamber>Senate</originChamber>
    <textVersions>
      <item>
        <date>2019-01-03T05:00:00Z</date>
        <formats>
          <item>
            <url>https://www.govinfo.gov/content/pkg/BILLS-116sres9is/xml/BILLS-116sres9is.xml</url>
          </item>
        </formats>
        <type>Introduced in Senate</type>
      </item>
    </textVersions>
    <committees>
      <billCommittees />
    </committees>
    <createDate>2019-01-04T13:32:58Z</createDate>
    <billNumber>9</billNumber>
    <titles>
      <item>
        <titleType>Official Title as Introduced</titleType>
        <chamberName />
        <parentTitleType />
        <chamberCode />
        <title>A resolution fixing the hour of daily meeting of the Senate.</title>
      </item>
      <item>
        <titleType>Display Title</titleType>
        <chamberName />
        <parentTitleType />
        <chamberCode />
        <title>A resolution fixing the hour of daily meeting of the Senate.</title>
      </item>
    </titles>
    <cboCostEstimates />
    <subjects>
      <billSubjects>
        <legislativeSubjects>
          <item>
            <name>Congressional operations and organization</name>
          </item>
          <item>
            <name>Legislative rules and procedure</name>
          </item>
          <item>
            <name>Senate</name>
          </item>
        </legislativeSubjects>
        <policyArea>
          <name>Congress</name>
        </policyArea>
      </billSubjects>
    </subjects>
    <title>A resolution fixing the hour of daily meeting of the Senate.</title>
  </bill>
  <dublinCore xmlns:dc="http://purl.org/dc/elements/1.1/">
    <dc:format>text/xml</dc:format>
    <dc:language>EN</dc:language>
    <dc:rights>Pursuant to Title 17 Section 105 of the United States Code, this file is not subject to copyright protection and is in the public domain.</dc:rights>
    <dc:contributor>Congressional Research Service, Library of Congress</dc:contributor>
    <dc:description>This file contains bill summaries and statuses for federal legislation. A bill summary describes the most significant provisions of a piece of legislation and details the effects the legislative text may have on current law and federal programs. Bill summaries are authored by the Congressional Research Service (CRS) of the Library of Congress. As stated in Public Law 91-510 (2 USC 166 (d)(6)), one of the duties of CRS is "to prepare summaries and digests of bills and resolutions of a public general nature introduced in the Senate or House of Representatives". For more information, refer to the User Guide that accompanies this file.</dc:description>
  </dublinCore>
</billStatus>

