<?xml version="1.0" encoding="UTF-8"?>
<billStatus>
  <bill>
    <billNumber>171</billNumber>
    <committeeReports />
    <cboCostEstimates />
    <summaries>
      <billSummaries />
    </summaries>
    <notes />
    <createDate>2019-04-12T04:57:08Z</createDate>
    <cosponsors>
      <item>
        <firstName>Christopher</firstName>
        <isOriginalCosponsor>True</isOriginalCosponsor>
        <middleName>A.</middleName>
        <fullName>Sen. Coons, Christopher A. [D-DE]</fullName>
        <lastName>Coons</lastName>
        <identifiers>
          <lisID>1984</lisID>
          <gpoId>8297</gpoId>
          <bioguideId>C001088</bioguideId>
        </identifiers>
        <sponsorshipWithdrawnDate />
        <state>DE</state>
        <bioguideId>C001088</bioguideId>
        <party>D</party>
        <sponsorshipDate>2019-04-11</sponsorshipDate>
      </item>
      <item>
        <firstName>PATRICK</firstName>
        <isOriginalCosponsor>True</isOriginalCosponsor>
        <middleName>JOSEPH</middleName>
        <fullName>Sen. Leahy, Patrick J. [D-VT]</fullName>
        <lastName>LEAHY</lastName>
        <identifiers>
          <bioguideId>L000174</bioguideId>
          <gpoId>8244</gpoId>
          <lisID>1383</lisID>
        </identifiers>
        <sponsorshipWithdrawnDate />
        <state>VT</state>
        <bioguideId>L000174</bioguideId>
        <party>D</party>
        <sponsorshipDate>2019-04-11</sponsorshipDate>
      </item>
      <item>
        <firstName>Chris</firstName>
        <isOriginalCosponsor>True</isOriginalCosponsor>
        <middleName />
        <fullName>Sen. Van Hollen, Chris [D-MD]</fullName>
        <lastName>Van Hollen</lastName>
        <identifiers>
          <lisID>1729</lisID>
          <gpoId>7983</gpoId>
          <bioguideId>V000128</bioguideId>
        </identifiers>
        <sponsorshipWithdrawnDate />
        <state>MD</state>
        <bioguideId>V000128</bioguideId>
        <party>D</party>
        <sponsorshipDate>2019-04-11</sponsorshipDate>
      </item>
      <item>
        <firstName>Catherine</firstName>
        <isOriginalCosponsor>True</isOriginalCosponsor>
        <middleName />
        <fullName>Sen. Cortez Masto, Catherine  [D-NV]</fullName>
        <lastName>Cortez Masto</lastName>
        <identifiers>
          <lisID>2299</lisID>
          <gpoId />
          <bioguideId>C001113</bioguideId>
        </identifiers>
        <sponsorshipWithdrawnDate />
        <state>NV</state>
        <bioguideId>C001113</bioguideId>
        <party>D</party>
        <sponsorshipDate>2019-04-11</sponsorshipDate>
      </item>
      <item>
        <firstName>DIANNE</firstName>
        <isOriginalCosponsor>True</isOriginalCosponsor>
        <middleName />
        <fullName>Sen. Feinstein, Dianne [D-CA]</fullName>
        <lastName>FEINSTEIN</lastName>
        <identifiers>
          <bioguideId>F000062</bioguideId>
          <lisID>1332</lisID>
          <gpoId>8338</gpoId>
        </identifiers>
        <sponsorshipWithdrawnDate />
        <state>CA</state>
        <bioguideId>F000062</bioguideId>
        <party>D</party>
        <sponsorshipDate>2019-04-11</sponsorshipDate>
      </item>
    </cosponsors>
    <originChamber>Senate</originChamber>
    <amendments />
    <updateDate>2019-11-15T21:56:28Z</updateDate>
    <relatedBills />
    <latestAction>
      <text>Referred to the Committee on Foreign Relations. (text: CR S2445-2446)</text>
      <actionDate>2019-04-11</actionDate>
      <links />
    </latestAction>
    <introducedDate>2019-04-11</introducedDate>
    <laws />
    <subjects>
      <billSubjects>
        <policyArea>
          <name>International Affairs</name>
        </policyArea>
        <legislativeSubjects>
          <item>
            <name>Arab-Israeli relations</name>
          </item>
          <item>
            <name>Arms control and nonproliferation</name>
          </item>
          <item>
            <name>Drug trafficking and controlled substances</name>
          </item>
          <item>
            <name>Foreign aid and international relief</name>
          </item>
          <item>
            <name>Gaza Strip</name>
          </item>
          <item>
            <name>Israel</name>
          </item>
          <item>
            <name>Middle East</name>
          </item>
          <item>
            <name>Palestinians</name>
          </item>
          <item>
            <name>Terrorism</name>
          </item>
          <item>
            <name>West Bank</name>
          </item>
        </legislativeSubjects>
      </billSubjects>
    </subjects>
    <calendarNumbers />
    <textVersions>
      <item>
        <formats>
          <item>
            <url>https://www.govinfo.gov/content/pkg/BILLS-116sres171is/xml/BILLS-116sres171is.xml</url>
          </item>
        </formats>
        <date>2019-04-11T04:00:00Z</date>
        <type>Introduced in Senate</type>
      </item>
    </textVersions>
    <version>1.0.0</version>
    <policyArea>
      <name>International Affairs</name>
    </policyArea>
    <recordedVotes />
    <sponsors>
      <item>
        <bioguideId>M001176</bioguideId>
        <state>OR</state>
        <party>D</party>
        <fullName>Sen. Merkley, Jeff [D-OR]</fullName>
        <firstName>Jeff</firstName>
        <lastName>Merkley</lastName>
        <byRequestType />
        <middleName />
        <identifiers>
          <lisID>1900</lisID>
          <gpoId>8238</gpoId>
          <bioguideId>M001176</bioguideId>
        </identifiers>
      </item>
    </sponsors>
    <billType>SRES</billType>
    <title>A resolution expressing the sense of Congress regarding restoring United States bilateral assistance to the West Bank and Gaza.</title>
    <congress>116</congress>
    <committees>
      <billCommittees>
        <item>
          <chamber>Senate</chamber>
          <subcommittees />
          <type>Standing</type>
          <activities>
            <item>
              <name>Referred to</name>
              <date>2019-04-11T20:49:36Z</date>
            </item>
          </activities>
          <name>Foreign Relations Committee</name>
          <systemCode>ssfr00</systemCode>
        </item>
      </billCommittees>
    </committees>
    <actions>
      <actionTypeCounts>
        <referredToCommittee>1</referredToCommittee>
        <introducedInSenate>1</introducedInSenate>
      </actionTypeCounts>
      <item>
        <actionDate>2019-04-11</actionDate>
        <committee>
          <name>Foreign Relations Committee</name>
          <systemCode>ssfr00</systemCode>
        </committee>
        <links>
          <link>
            <name>S2445-2446</name>
            <url>https://www.congress.gov/congressional-record/volume-165/senate-section/page/S2445-2446</url>
          </link>
        </links>
        <sourceSystem>
          <name>Senate</name>
          <code>0</code>
        </sourceSystem>
        <text>Referred to the Committee on Foreign Relations. (text: CR S2445-2446)</text>
        <type>IntroReferral</type>
      </item>
      <item>
        <links />
        <sourceSystem>
          <name>Library of Congress</name>
          <code>9</code>
        </sourceSystem>
        <committee />
        <actionCode>10000</actionCode>
        <text>Introduced in Senate</text>
        <actionDate>2019-04-11</actionDate>
        <type>IntroReferral</type>
      </item>
      <actionByCounts>
        <senate>2</senate>
      </actionByCounts>
    </actions>
    <titles>
      <item>
        <chamberName />
        <title>A resolution expressing the sense of Congress regarding restoring United States bilateral assistance to the West Bank and Gaza.</title>
        <parentTitleType />
        <titleType>Official Title as Introduced</titleType>
        <chamberCode />
      </item>
      <item>
        <chamberName />
        <title>A resolution expressing the sense of Congress regarding restoring United States bilateral assistance to the West Bank and Gaza.</title>
        <parentTitleType />
        <titleType>Display Title</titleType>
        <chamberCode />
      </item>
    </titles>
  </bill>
  <dublinCore xmlns:dc="http://purl.org/dc/elements/1.1/">
    <dc:format>text/xml</dc:format>
    <dc:language>EN</dc:language>
    <dc:rights>Pursuant to Title 17 Section 105 of the United States Code, this file is not subject to copyright protection and is in the public domain.</dc:rights>
    <dc:contributor>Congressional Research Service, Library of Congress</dc:contributor>
    <dc:description>This file contains bill summaries and statuses for federal legislation. A bill summary describes the most significant provisions of a piece of legislation and details the effects the legislative text may have on current law and federal programs. Bill summaries are authored by the Congressional Research Service (CRS) of the Library of Congress. As stated in Public Law 91-510 (2 USC 166 (d)(6)), one of the duties of CRS is "to prepare summaries and digests of bills and resolutions of a public general nature introduced in the Senate or House of Representatives". For more information, refer to the User Guide that accompanies this file.</dc:description>
  </dublinCore>
</billStatus>

