<?xml version="1.0" encoding="UTF-8"?>
<billStatus>
  <bill>
    <subjects>
      <billSubjects>
        <policyArea>
          <name>Transportation and Public Works</name>
        </policyArea>
        <legislativeSubjects>
          <item>
            <name>Accidents</name>
          </item>
          <item>
            <name>Commemorative events and holidays</name>
          </item>
          <item>
            <name>Railroads</name>
          </item>
          <item>
            <name>Transportation safety and security</name>
          </item>
        </legislativeSubjects>
      </billSubjects>
    </subjects>
    <relatedBills>
      <item>
        <latestAction>
          <text>Referred to the House Committee on Transportation and Infrastructure.</text>
          <actionDate>2019-09-27</actionDate>
        </latestAction>
        <type>HRES</type>
        <relationshipDetails>
          <item>
            <type>Related bill</type>
            <identifiedBy>CRS</identifiedBy>
          </item>
        </relationshipDetails>
        <congress>116</congress>
        <number>609</number>
        <latestTitle>Expressing support to designate the week of September 22 through September 28, 2019, Rail Safety Week in the United States, and to support the goals and ideals of Rail Safety Week to reduce rail-related accidents, fatalities, and injuries.</latestTitle>
      </item>
    </relatedBills>
    <notes />
    <committees>
      <billCommittees>
        <item>
          <type>Standing</type>
          <chamber>Senate</chamber>
          <systemCode>sscm00</systemCode>
          <name>Commerce, Science, and Transportation Committee</name>
          <activities>
            <item>
              <name>Discharged from</name>
              <date>2019-10-15T22:10:21Z</date>
            </item>
            <item>
              <name>Referred to</name>
              <date>2019-09-23T20:16:53Z</date>
            </item>
          </activities>
          <subcommittees />
        </item>
      </billCommittees>
    </committees>
    <summaries>
      <billSummaries />
    </summaries>
    <version>1.0.0</version>
    <originChamber>Senate</originChamber>
    <congress>116</congress>
    <latestAction>
      <actionDate>2019-10-15</actionDate>
      <text>Resolution agreed to in Senate without amendment and with a preamble by Unanimous Consent. (text: 09/23/2019 CR S5631)</text>
      <links />
    </latestAction>
    <actions>
      <actionTypeCounts>
        <referredToCommittee>1</referredToCommittee>
        <agreedToInSenate>1</agreedToInSenate>
        <introducedInSenate>1</introducedInSenate>
        <committeeDischarged>1</committeeDischarged>
        <passedAgreedToInSenate>1</passedAgreedToInSenate>
        <senateCommitteeDischarged>1</senateCommitteeDischarged>
      </actionTypeCounts>
      <item>
        <actionDate>2019-10-15</actionDate>
        <committee />
        <links>
          <link>
            <name>S5631</name>
            <url>https://www.congress.gov/congressional-record/volume-165/senate-section/page/S5631</url>
          </link>
        </links>
        <sourceSystem>
          <name>Senate</name>
          <code>0</code>
        </sourceSystem>
        <text>Resolution agreed to in Senate without amendment and with a preamble by Unanimous Consent. (text: 09/23/2019 CR S5631)</text>
        <type>Floor</type>
      </item>
      <item>
        <links>
          <link>
            <name>S5631</name>
            <url>https://www.congress.gov/congressional-record/volume-165/senate-section/page/S5631</url>
          </link>
        </links>
        <sourceSystem>
          <name>Library of Congress</name>
          <code>9</code>
        </sourceSystem>
        <committee />
        <actionCode>17000</actionCode>
        <text>Passed/agreed to in Senate: Resolution agreed to in Senate without amendment and with a preamble by Unanimous Consent.(text: 09/23/2019 CR S5631)</text>
        <actionDate>2019-10-15</actionDate>
        <type>Floor</type>
      </item>
      <item>
        <actionDate>2019-10-15</actionDate>
        <committee>
          <name>Commerce, Science, and Transportation Committee</name>
          <systemCode>sscm00</systemCode>
        </committee>
        <links>
          <link>
            <name>S5799</name>
            <url>https://www.congress.gov/congressional-record/volume-165/senate-section/page/S5799</url>
          </link>
        </links>
        <sourceSystem>
          <name>Senate</name>
          <code>0</code>
        </sourceSystem>
        <text>Senate Committee on Commerce, Science, and Transportation discharged by Unanimous Consent. (consideration: CR S5799)</text>
        <type>Discharge</type>
      </item>
      <item>
        <links>
          <link>
            <name>S5799</name>
            <url>https://www.congress.gov/congressional-record/volume-165/senate-section/page/S5799</url>
          </link>
        </links>
        <sourceSystem>
          <name>Library of Congress</name>
          <code>9</code>
        </sourceSystem>
        <committee>
          <name>Commerce, Science, and Transportation Committee</name>
          <systemCode>sscm00</systemCode>
        </committee>
        <actionCode>14500</actionCode>
        <text>Senate Committee on Commerce, Science, and Transportation discharged by Unanimous Consent.(consideration: CR S5799)</text>
        <actionDate>2019-10-15</actionDate>
        <type>Committee</type>
      </item>
      <item>
        <actionDate>2019-09-23</actionDate>
        <committee>
          <name>Commerce, Science, and Transportation Committee</name>
          <systemCode>sscm00</systemCode>
        </committee>
        <links />
        <sourceSystem>
          <name>Senate</name>
          <code>0</code>
        </sourceSystem>
        <text>Referred to the Committee on Commerce, Science, and Transportation.</text>
        <type>IntroReferral</type>
      </item>
      <item>
        <links />
        <sourceSystem>
          <name>Library of Congress</name>
          <code>9</code>
        </sourceSystem>
        <committee />
        <actionCode>10000</actionCode>
        <text>Introduced in Senate</text>
        <actionDate>2019-09-23</actionDate>
        <type>IntroReferral</type>
      </item>
      <actionByCounts>
        <senate>6</senate>
      </actionByCounts>
    </actions>
    <createDate>2019-09-24T04:27:20Z</createDate>
    <titles>
      <item>
        <title>A resolution expressing support for the designation of the week of September 22 through September 28, 2019, as Rail Safety Week in the United States, and supporting the goals and ideals of Rail Safety Week to reduce rail-related accidents, fatalities, and injuries.</title>
        <chamberCode />
        <parentTitleType />
        <titleType>Official Title as Introduced</titleType>
        <chamberName />
      </item>
      <item>
        <title>A resolution expressing support for the designation of the week of September 22 through September 28, 2019, as Rail Safety Week in the United States, and supporting the goals and ideals of Rail Safety Week to reduce rail-related accidents, fatalities, and injuries.</title>
        <chamberCode />
        <parentTitleType />
        <titleType>Display Title</titleType>
        <chamberName />
      </item>
    </titles>
    <laws />
    <introducedDate>2019-09-23</introducedDate>
    <calendarNumbers />
    <recordedVotes />
    <textVersions>
      <item>
        <formats>
          <item>
            <url>https://www.govinfo.gov/content/pkg/BILLS-116sres322ats/xml/BILLS-116sres322ats.xml</url>
          </item>
        </formats>
        <date>2019-10-15T04:00:00Z</date>
        <type>Agreed to Senate</type>
      </item>
      <item>
        <formats>
          <item>
            <url>https://www.govinfo.gov/content/pkg/BILLS-116sres322is/xml/BILLS-116sres322is.xml</url>
          </item>
        </formats>
        <date>2019-09-23T04:00:00Z</date>
        <type>Introduced in Senate</type>
      </item>
    </textVersions>
    <cosponsors>
      <item>
        <bioguideId>C000127</bioguideId>
        <state>WA</state>
        <party>D</party>
        <fullName>Sen. Cantwell, Maria [D-WA]</fullName>
        <lastName>CANTWELL</lastName>
        <sponsorshipWithdrawnDate />
        <isOriginalCosponsor>True</isOriginalCosponsor>
        <firstName>MARIA</firstName>
        <identifiers>
          <lisID>172</lisID>
          <gpoId>8288</gpoId>
          <bioguideId>C000127</bioguideId>
        </identifiers>
        <middleName />
        <sponsorshipDate>2019-09-23</sponsorshipDate>
      </item>
      <item>
        <bioguideId>F000463</bioguideId>
        <state>NE</state>
        <party>R</party>
        <fullName>Sen. Fischer, Deb [R-NE]</fullName>
        <lastName>Fischer</lastName>
        <sponsorshipWithdrawnDate />
        <isOriginalCosponsor>True</isOriginalCosponsor>
        <firstName>Deb</firstName>
        <identifiers>
          <lisID>2179</lisID>
          <gpoId />
          <bioguideId>F000463</bioguideId>
        </identifiers>
        <middleName />
        <sponsorshipDate>2019-09-23</sponsorshipDate>
      </item>
      <item>
        <bioguideId>D000622</bioguideId>
        <state>IL</state>
        <party>D</party>
        <fullName>Sen. Duckworth, Tammy [D-IL]</fullName>
        <lastName>Duckworth</lastName>
        <sponsorshipWithdrawnDate />
        <isOriginalCosponsor>True</isOriginalCosponsor>
        <firstName>Tammy</firstName>
        <identifiers>
          <lisID>2123</lisID>
          <gpoId />
          <bioguideId>D000622</bioguideId>
        </identifiers>
        <middleName />
        <sponsorshipDate>2019-09-23</sponsorshipDate>
      </item>
    </cosponsors>
    <amendments />
    <billNumber>322</billNumber>
    <updateDate>2019-11-21T11:05:48Z</updateDate>
    <cboCostEstimates />
    <title>A resolution expressing support for the designation of the week of September 22 through September 28, 2019, as Rail Safety Week in the United States, and supporting the goals and ideals of Rail Safety Week to reduce rail-related accidents, fatalities, and injuries.</title>
    <committeeReports />
    <policyArea>
      <name>Transportation and Public Works</name>
    </policyArea>
    <sponsors>
      <item>
        <party>R</party>
        <lastName>WICKER</lastName>
        <firstName>ROGER</firstName>
        <state>MS</state>
        <fullName>Sen. Wicker, Roger F. [R-MS]</fullName>
        <identifiers>
          <lisID>1226</lisID>
          <gpoId>8263</gpoId>
          <bioguideId>W000437</bioguideId>
        </identifiers>
        <middleName>F.</middleName>
        <bioguideId>W000437</bioguideId>
        <byRequestType />
      </item>
    </sponsors>
    <billType>SRES</billType>
  </bill>
  <dublinCore xmlns:dc="http://purl.org/dc/elements/1.1/">
    <dc:format>text/xml</dc:format>
    <dc:language>EN</dc:language>
    <dc:rights>Pursuant to Title 17 Section 105 of the United States Code, this file is not subject to copyright protection and is in the public domain.</dc:rights>
    <dc:contributor>Congressional Research Service, Library of Congress</dc:contributor>
    <dc:description>This file contains bill summaries and statuses for federal legislation. A bill summary describes the most significant provisions of a piece of legislation and details the effects the legislative text may have on current law and federal programs. Bill summaries are authored by the Congressional Research Service (CRS) of the Library of Congress. As stated in Public Law 91-510 (2 USC 166 (d)(6)), one of the duties of CRS is "to prepare summaries and digests of bills and resolutions of a public general nature introduced in the Senate or House of Representatives". For more information, refer to the User Guide that accompanies this file.</dc:description>
  </dublinCore>
</billStatus>

