<?xml version="1.0" encoding="UTF-8"?>
<billStatus>
  <bill>
    <latestAction>
      <text>Submitted in the Senate, considered, and agreed to without amendment and with a preamble by Unanimous Consent. (consideration: CR S5760; text: CR S5755)</text>
      <links />
      <actionDate>2019-09-26</actionDate>
    </latestAction>
    <notes />
    <version>1.0.0</version>
    <textVersions>
      <item>
        <date>2019-09-26T04:00:00Z</date>
        <type>Agreed to Senate</type>
        <formats>
          <item>
            <url>https://www.govinfo.gov/content/pkg/BILLS-116sres350ats/xml/BILLS-116sres350ats.xml</url>
          </item>
        </formats>
      </item>
    </textVersions>
    <congress>116</congress>
    <relatedBills />
    <actions>
      <actionTypeCounts>
        <passedOrAgreedToInSenateDayOf>1</passedOrAgreedToInSenateDayOf>
        <introducedInSenate>1</introducedInSenate>
        <passedAgreedToInSenate>1</passedAgreedToInSenate>
      </actionTypeCounts>
      <actionByCounts>
        <senate>3</senate>
      </actionByCounts>
      <item>
        <actionDate>2019-09-26</actionDate>
        <committee />
        <links />
        <sourceSystem>
          <name>Senate</name>
          <code>0</code>
        </sourceSystem>
        <text>Submitted in the Senate, considered, and agreed to without amendment and with a preamble by Unanimous Consent. (consideration: CR S5760; text: CR S5755)</text>
        <type>Floor</type>
      </item>
      <item>
        <committee />
        <type>Floor</type>
        <actionDate>2019-09-26</actionDate>
        <actionCode>17000</actionCode>
        <links />
        <sourceSystem>
          <name>Library of Congress</name>
          <code>9</code>
        </sourceSystem>
        <text>Passed/agreed to in Senate: Submitted in the Senate, considered, and agreed to without amendment and with a preamble by Unanimous Consent.(consideration: CR S5760; text: CR S5755)</text>
      </item>
      <item>
        <committee />
        <type>IntroReferral</type>
        <actionDate>2019-09-26</actionDate>
        <actionCode>10000</actionCode>
        <links />
        <sourceSystem>
          <name>Library of Congress</name>
          <code>9</code>
        </sourceSystem>
        <text>Introduced in Senate</text>
      </item>
    </actions>
    <committees>
      <billCommittees />
    </committees>
    <updateDate>2019-10-03T04:42:31Z</updateDate>
    <amendments />
    <billNumber>350</billNumber>
    <billType>SRES</billType>
    <cboCostEstimates />
    <recordedVotes />
    <summaries>
      <billSummaries />
    </summaries>
    <cosponsors>
      <item>
        <isOriginalCosponsor>True</isOriginalCosponsor>
        <state>MO</state>
        <fullName>Sen. Hawley, Josh  [R-MO]</fullName>
        <bioguideId>H001089</bioguideId>
        <party>R</party>
        <lastName>Hawley</lastName>
        <middleName />
        <firstName>Josh</firstName>
        <sponsorshipWithdrawnDate />
        <sponsorshipDate>2019-09-26</sponsorshipDate>
        <identifiers>
          <lisID>2464</lisID>
          <gpoId />
          <bioguideId>H001089</bioguideId>
        </identifiers>
      </item>
      <item>
        <isOriginalCosponsor>True</isOriginalCosponsor>
        <state>RI</state>
        <fullName>Sen. Reed, Jack [D-RI]</fullName>
        <bioguideId>R000122</bioguideId>
        <party>D</party>
        <lastName>REED</lastName>
        <middleName>F.</middleName>
        <firstName>JOHN</firstName>
        <sponsorshipWithdrawnDate />
        <sponsorshipDate>2019-09-26</sponsorshipDate>
        <identifiers>
          <bioguideId>R000122</bioguideId>
          <gpoId>8272</gpoId>
          <lisID>949</lisID>
        </identifiers>
      </item>
      <item>
        <isOriginalCosponsor>True</isOriginalCosponsor>
        <state>WV</state>
        <fullName>Sen. Capito, Shelley Moore [R-WV]</fullName>
        <bioguideId>C001047</bioguideId>
        <party>R</party>
        <lastName>CAPITO</lastName>
        <middleName>MOORE</middleName>
        <firstName>SHELLEY</firstName>
        <sponsorshipWithdrawnDate />
        <sponsorshipDate>2019-09-26</sponsorshipDate>
        <identifiers>
          <lisID>1676</lisID>
          <gpoId>8223</gpoId>
          <bioguideId>C001047</bioguideId>
        </identifiers>
      </item>
    </cosponsors>
    <subjects>
      <billSubjects>
        <legislativeSubjects />
        <policyArea>
          <name>Health</name>
        </policyArea>
      </billSubjects>
    </subjects>
    <titles>
      <item>
        <title>A resolution designating September 2019 as "National Childhood Cancer Awareness Month".</title>
        <chamberCode />
        <titleType>Official Title as Introduced</titleType>
        <parentTitleType />
        <chamberName />
      </item>
      <item>
        <title>A resolution designating September 2019 as "National Childhood Cancer Awareness Month".</title>
        <chamberCode />
        <titleType>Display Title</titleType>
        <parentTitleType />
        <chamberName />
      </item>
    </titles>
    <committeeReports />
    <originChamber>Senate</originChamber>
    <sponsors>
      <item>
        <firstName>Joe</firstName>
        <bioguideId>M001183</bioguideId>
        <middleName />
        <state>WV</state>
        <identifiers>
          <bioguideId>M001183</bioguideId>
          <gpoId>8256</gpoId>
          <lisID>1983</lisID>
        </identifiers>
        <fullName>Sen. Manchin, Joe, III [D-WV]</fullName>
        <lastName>Manchin</lastName>
        <byRequestType />
        <party>D</party>
      </item>
    </sponsors>
    <laws />
    <calendarNumbers />
    <title>A resolution designating September 2019 as "National Childhood Cancer Awareness Month".</title>
    <introducedDate>2019-09-26</introducedDate>
    <createDate>2019-09-27T04:42:29Z</createDate>
    <policyArea>
      <name>Health</name>
    </policyArea>
  </bill>
  <dublinCore xmlns:dc="http://purl.org/dc/elements/1.1/">
    <dc:format>text/xml</dc:format>
    <dc:language>EN</dc:language>
    <dc:rights>Pursuant to Title 17 Section 105 of the United States Code, this file is not subject to copyright protection and is in the public domain.</dc:rights>
    <dc:contributor>Congressional Research Service, Library of Congress</dc:contributor>
    <dc:description>This file contains bill summaries and statuses for federal legislation. A bill summary describes the most significant provisions of a piece of legislation and details the effects the legislative text may have on current law and federal programs. Bill summaries are authored by the Congressional Research Service (CRS) of the Library of Congress. As stated in Public Law 91-510 (2 USC 166 (d)(6)), one of the duties of CRS is "to prepare summaries and digests of bills and resolutions of a public general nature introduced in the Senate or House of Representatives". For more information, refer to the User Guide that accompanies this file.</dc:description>
  </dublinCore>
</billStatus>

