<?xml version="1.0" encoding="UTF-8"?>
<billStatus>
  <bill>
    <policyArea>
      <name>International Affairs</name>
    </policyArea>
    <relatedBills />
    <introducedDate>2019-02-14</introducedDate>
    <committeeReports />
    <amendments>
      <amendment>
        <purpose>In the nature of a substitute.</purpose>
        <proposedDate>2019-07-16T22:51:49Z</proposedDate>
        <titles />
        <number>926</number>
        <notes />
        <cosponsors>
          <currentCount>0</currentCount>
          <totalCount>0</totalCount>
        </cosponsors>
        <amendments>
          <count>0</count>
        </amendments>
        <type>SAMDT</type>
        <amendedBill>
          <originChamber>Senate</originChamber>
          <congress>116</congress>
          <originChamberCode>S</originChamberCode>
          <number>74</number>
          <type>SRES</type>
          <title>A resolution marking the fifth anniversary of Ukraine's Revolution of Dignity by honoring the bravery, determination, and sacrifice of the people of Ukraine during and since the Revolution, and condemning continued Russian aggression against Ukraine.</title>
        </amendedBill>
        <updateDate>2019-07-17T16:16:07Z</updateDate>
        <version>1.0.0</version>
        <purpose>In the nature of a substitute.</purpose>
        <congress>116</congress>
        <submittedDate>2019-07-16T04:00:00Z</submittedDate>
        <actions>
          <count>6</count>
          <actionTypeCounts>
            <senateAmendmentSubmitted>1</senateAmendmentSubmitted>
            <amendmentAgreedTo>1</amendmentAgreedTo>
            <senateAmendmentProposedOnTheFloor>1</senateAmendmentProposedOnTheFloor>
            <amendmentProposed>1</amendmentProposed>
            <senateAmendmentAgreedTo>1</senateAmendmentAgreedTo>
          </actionTypeCounts>
          <actions>
            <item>
              <actionDate>2019-07-16</actionDate>
              <committee />
              <links>
                <link>
                  <name>S.Amdt.926</name>
                  <url>https://www.congress.gov/amendment/116th-congress/senate-amendment/926</url>
                </link>
                <link>
                  <name>SA 926</name>
                  <url>https://www.congress.gov/amendment/116th-congress/senate-amendment/926</url>
                </link>
              </links>
              <sourceSystem>
                <name>Senate</name>
                <code>0</code>
              </sourceSystem>
              <text>Amendment SA 926 agreed to in Senate by Unanimous Consent.</text>
              <type>Floor</type>
            </item>
            <item>
              <actionDate>2019-07-16</actionDate>
              <committee />
              <links>
                <link>
                  <name>S.Amdt.926</name>
                  <url>https://www.congress.gov/amendment/116th-congress/senate-amendment/926</url>
                </link>
                <link>
                  <name>S4861-4862</name>
                  <url>https://www.congress.gov/congressional-record/volume-165/senate-section/page/S4861-4862</url>
                </link>
                <link>
                  <name>SA 926</name>
                  <url>https://www.congress.gov/amendment/116th-congress/senate-amendment/926</url>
                </link>
              </links>
              <sourceSystem>
                <name>Senate</name>
                <code>0</code>
              </sourceSystem>
              <text>Amendment SA 926 proposed by Senator Thune for Senator Portman. (consideration: CR S4861-4862; text: CR S4861-4862) In the nature of a substitute.</text>
              <type>Floor</type>
            </item>
            <item>
              <actionDate>2019-07-16</actionDate>
              <committee />
              <links />
              <text />
            </item>
            <item>
              <links>
                <link>
                  <name>S.Amdt.926</name>
                  <url>https://www.congress.gov/amendment/116th-congress/senate-amendment/926</url>
                </link>
                <link>
                  <name>SA 926</name>
                  <url>https://www.congress.gov/amendment/116th-congress/senate-amendment/926</url>
                </link>
              </links>
              <sourceSystem>
                <name>Library of Congress</name>
                <code>9</code>
              </sourceSystem>
              <committee />
              <actionCode>94000</actionCode>
              <text>Senate amendment agreed to: Amendment SA 926 agreed to in Senate by Unanimous Consent.</text>
              <actionDate>2019-07-16</actionDate>
              <type>Floor</type>
            </item>
            <item>
              <links />
              <sourceSystem>
                <name>Library of Congress</name>
                <code>9</code>
              </sourceSystem>
              <committee />
              <actionCode>91000</actionCode>
              <text>Senate amendment submitted</text>
              <actionDate>2019-07-16</actionDate>
              <type>Floor</type>
            </item>
            <item>
              <links>
                <link>
                  <name>S.Amdt.926</name>
                  <url>https://www.congress.gov/amendment/116th-congress/senate-amendment/926</url>
                </link>
                <link>
                  <name>S4861-4862</name>
                  <url>https://www.congress.gov/congressional-record/volume-165/senate-section/page/S4861-4862</url>
                </link>
                <link>
                  <name>SA 926</name>
                  <url>https://www.congress.gov/amendment/116th-congress/senate-amendment/926</url>
                </link>
              </links>
              <sourceSystem>
                <name>Library of Congress</name>
                <code>9</code>
              </sourceSystem>
              <committee />
              <actionCode>93000</actionCode>
              <text>Senate amendment proposed (on the floor): Amendment SA 926 proposed by Senator Thune for Senator Portman.</text>
              <actionDate>2019-07-16</actionDate>
              <type>Floor</type>
            </item>
          </actions>
          <actionByCounts>
            <senate>5</senate>
          </actionByCounts>
        </actions>
        <createDate>2019-07-17T04:46:06Z</createDate>
        <description />
        <amendedAmendment />
        <chamber>Senate</chamber>
        <sponsors>
          <item>
            <party>R</party>
            <lastName>PORTMAN</lastName>
            <firstName>ROB</firstName>
            <state>OH</state>
            <fullName>Sen. Portman, Rob [R-OH]</fullName>
            <identifiers>
              <lisID>924</lisID>
              <gpoId>8266</gpoId>
              <bioguideId>P000449</bioguideId>
            </identifiers>
            <middleName />
            <bioguideId>P000449</bioguideId>
          </item>
        </sponsors>
        <links />
        <number>926</number>
        <congress>116</congress>
        <type>SAMDT</type>
        <latestAction>
          <actionDate>2019-07-16</actionDate>
          <text>Amendment SA 926 agreed to in Senate by Unanimous Consent.</text>
        </latestAction>
        <description />
      </amendment>
      <amendment>
        <purpose>To amend the preamble.</purpose>
        <notes />
        <type>SAMDT</type>
        <version>1.0.0</version>
        <amendedBill>
          <originChamberCode>S</originChamberCode>
          <type>SRES</type>
          <originChamber>Senate</originChamber>
          <number>74</number>
          <congress>116</congress>
          <title>A resolution marking the fifth anniversary of Ukraine's Revolution of Dignity by honoring the bravery, determination, and sacrifice of the people of Ukraine during and since the Revolution, and condemning continued Russian aggression against Ukraine.</title>
        </amendedBill>
        <chamber>Senate</chamber>
        <amendments>
          <count>0</count>
        </amendments>
        <congress>116</congress>
        <titles />
        <purpose>To amend the preamble.</purpose>
        <actions>
          <actionByCounts>
            <senate>5</senate>
          </actionByCounts>
          <actionTypeCounts>
            <amendmentAgreedTo>1</amendmentAgreedTo>
            <amendmentProposed>1</amendmentProposed>
            <senateAmendmentProposedOnTheFloor>1</senateAmendmentProposedOnTheFloor>
            <senateAmendmentAgreedTo>1</senateAmendmentAgreedTo>
            <senateAmendmentSubmitted>1</senateAmendmentSubmitted>
          </actionTypeCounts>
          <actions>
            <item>
              <actionDate>2019-07-16</actionDate>
              <committee />
              <links>
                <link>
                  <name>S.Amdt.925</name>
                  <url>https://www.congress.gov/amendment/116th-congress/senate-amendment/925</url>
                </link>
                <link>
                  <name>SA 925</name>
                  <url>https://www.congress.gov/amendment/116th-congress/senate-amendment/925</url>
                </link>
              </links>
              <sourceSystem>
                <code>0</code>
                <name>Senate</name>
              </sourceSystem>
              <text>Amendment SA 925 agreed to in Senate by Unanimous Consent.</text>
              <type>Floor</type>
            </item>
            <item>
              <actionDate>2019-07-16</actionDate>
              <committee />
              <links>
                <link>
                  <name>S.Amdt.925</name>
                  <url>https://www.congress.gov/amendment/116th-congress/senate-amendment/925</url>
                </link>
                <link>
                  <name>S4862-4863</name>
                  <url>https://www.congress.gov/congressional-record/volume-165/senate-section/page/S4862-4863</url>
                </link>
                <link>
                  <name>SA 925</name>
                  <url>https://www.congress.gov/amendment/116th-congress/senate-amendment/925</url>
                </link>
              </links>
              <sourceSystem>
                <code>0</code>
                <name>Senate</name>
              </sourceSystem>
              <text>Amendment SA 925 proposed by Senator Thune for Senator Portman. (consideration: CR S4862-4863; text: CR S4862-4863) To amend the preamble.</text>
              <type>Floor</type>
            </item>
            <item>
              <actionDate>2019-07-16</actionDate>
              <committee />
              <links />
              <text />
            </item>
            <item>
              <type>Floor</type>
              <actionDate>2019-07-16</actionDate>
              <actionCode>91000</actionCode>
              <text>Senate amendment submitted</text>
              <links />
              <sourceSystem>
                <code>9</code>
                <name>Library of Congress</name>
              </sourceSystem>
              <committee />
            </item>
            <item>
              <type>Floor</type>
              <actionDate>2019-07-16</actionDate>
              <actionCode>93000</actionCode>
              <text>Senate amendment proposed (on the floor): Amendment SA 925 proposed by Senator Thune for Senator Portman.</text>
              <links>
                <link>
                  <name>S.Amdt.925</name>
                  <url>https://www.congress.gov/amendment/116th-congress/senate-amendment/925</url>
                </link>
                <link>
                  <name>S4862-4863</name>
                  <url>https://www.congress.gov/congressional-record/volume-165/senate-section/page/S4862-4863</url>
                </link>
                <link>
                  <name>SA 925</name>
                  <url>https://www.congress.gov/amendment/116th-congress/senate-amendment/925</url>
                </link>
              </links>
              <sourceSystem>
                <code>9</code>
                <name>Library of Congress</name>
              </sourceSystem>
              <committee />
            </item>
            <item>
              <type>Floor</type>
              <actionDate>2019-07-16</actionDate>
              <actionCode>94000</actionCode>
              <text>Senate amendment agreed to: Amendment SA 925 agreed to in Senate by Unanimous Consent.</text>
              <links>
                <link>
                  <name>S.Amdt.925</name>
                  <url>https://www.congress.gov/amendment/116th-congress/senate-amendment/925</url>
                </link>
                <link>
                  <name>SA 925</name>
                  <url>https://www.congress.gov/amendment/116th-congress/senate-amendment/925</url>
                </link>
              </links>
              <sourceSystem>
                <code>9</code>
                <name>Library of Congress</name>
              </sourceSystem>
              <committee />
            </item>
          </actions>
          <count>6</count>
        </actions>
        <description />
        <submittedDate>2019-07-16T04:00:00Z</submittedDate>
        <proposedDate>2019-07-16T22:54:15Z</proposedDate>
        <links />
        <updateDate>2019-07-17T16:16:07Z</updateDate>
        <cosponsors>
          <totalCount>0</totalCount>
          <currentCount>0</currentCount>
        </cosponsors>
        <createDate>2019-07-17T04:46:06Z</createDate>
        <amendedAmendment />
        <sponsors>
          <item>
            <firstName>ROB</firstName>
            <middleName />
            <state>OH</state>
            <bioguideId>P000449</bioguideId>
            <identifiers>
              <lisID>924</lisID>
              <gpoId>8266</gpoId>
              <bioguideId>P000449</bioguideId>
            </identifiers>
            <fullName>Sen. Portman, Rob [R-OH]</fullName>
            <party>R</party>
            <lastName>PORTMAN</lastName>
          </item>
        </sponsors>
        <number>925</number>
        <number>925</number>
        <congress>116</congress>
        <type>SAMDT</type>
        <latestAction>
          <actionDate>2019-07-16</actionDate>
          <text>Amendment SA 925 agreed to in Senate by Unanimous Consent.</text>
        </latestAction>
        <description />
      </amendment>
    </amendments>
    <textVersions>
      <item>
        <date>2019-07-16T04:00:00Z</date>
        <type>Agreed to Senate</type>
        <formats>
          <item>
            <url>https://www.govinfo.gov/content/pkg/BILLS-116sres74ats/xml/BILLS-116sres74ats.xml</url>
          </item>
        </formats>
      </item>
      <item>
        <date>2019-06-03T04:00:00Z</date>
        <type>Reported to Senate</type>
        <formats>
          <item>
            <url>https://www.govinfo.gov/content/pkg/BILLS-116sres74rs/xml/BILLS-116sres74rs.xml</url>
          </item>
        </formats>
      </item>
      <item>
        <date>2019-02-14T05:00:00Z</date>
        <type>Introduced in Senate</type>
        <formats>
          <item>
            <url>https://www.govinfo.gov/content/pkg/BILLS-116sres74is/xml/BILLS-116sres74is.xml</url>
          </item>
        </formats>
      </item>
    </textVersions>
    <cboCostEstimates />
    <subjects>
      <billSubjects>
        <legislativeSubjects>
          <item>
            <name>Alliances</name>
          </item>
          <item>
            <name>Collective security</name>
          </item>
          <item>
            <name>Congressional tributes</name>
          </item>
          <item>
            <name>Detention of persons</name>
          </item>
          <item>
            <name>Energy storage, supplies, demand</name>
          </item>
          <item>
            <name>Europe</name>
          </item>
          <item>
            <name>Foreign aid and international relief</name>
          </item>
          <item>
            <name>Germany</name>
          </item>
          <item>
            <name>Government ethics and transparency, public corruption</name>
          </item>
          <item>
            <name>International law and treaties</name>
          </item>
          <item>
            <name>Military assistance, sales, and agreements</name>
          </item>
          <item>
            <name>Military personnel and dependents</name>
          </item>
          <item>
            <name>Oil and gas</name>
          </item>
          <item>
            <name>Pipelines</name>
          </item>
          <item>
            <name>Religion</name>
          </item>
          <item>
            <name>Rule of law and government transparency</name>
          </item>
          <item>
            <name>Russia</name>
          </item>
          <item>
            <name>Sanctions</name>
          </item>
          <item>
            <name>Sovereignty, recognition, national governance and status</name>
          </item>
          <item>
            <name>Ukraine</name>
          </item>
        </legislativeSubjects>
        <policyArea>
          <name>International Affairs</name>
        </policyArea>
      </billSubjects>
    </subjects>
    <laws />
    <calendarNumbers>
      <item>
        <number>0103</number>
        <calendar>Senate Calendar of Business</calendar>
      </item>
    </calendarNumbers>
    <notes />
    <actions>
      <actionByCounts>
        <senate>10</senate>
      </actionByCounts>
      <item>
        <actionDate>2019-07-16</actionDate>
        <committee />
        <links>
          <link>
            <name>S4860-4864</name>
            <url>https://www.congress.gov/congressional-record/volume-165/senate-section/page/S4860-4864</url>
          </link>
          <link>
            <name>S4863-4864</name>
            <url>https://www.congress.gov/congressional-record/volume-165/senate-section/page/S4863-4864</url>
          </link>
        </links>
        <sourceSystem>
          <name>Senate</name>
          <code>0</code>
        </sourceSystem>
        <text>Resolution agreed to in Senate with an amendment and an amended preamble by Voice Vote. (consideration: CR S4860-4864; text: CR S4863-4864)</text>
        <type>Floor</type>
      </item>
      <item>
        <committee />
        <type>Floor</type>
        <actionDate>2019-07-16</actionDate>
        <actionCode>17000</actionCode>
        <text>Passed/agreed to in Senate: Resolution agreed to in Senate with an amendment and an amended preamble by Voice Vote.(consideration: CR S4860-4864; text: CR S4863-4864)</text>
        <links>
          <link>
            <name>S4860-4864</name>
            <url>https://www.congress.gov/congressional-record/volume-165/senate-section/page/S4860-4864</url>
          </link>
          <link>
            <name>S4863-4864</name>
            <url>https://www.congress.gov/congressional-record/volume-165/senate-section/page/S4863-4864</url>
          </link>
        </links>
        <sourceSystem>
          <name>Library of Congress</name>
          <code>9</code>
        </sourceSystem>
      </item>
      <item>
        <actionDate>2019-07-16</actionDate>
        <committee />
        <links />
        <sourceSystem>
          <name>Senate</name>
          <code>0</code>
        </sourceSystem>
        <text>The committee amendment to the preamble withdrawn by Unanimous Consent.</text>
        <type>Floor</type>
      </item>
      <item>
        <actionDate>2019-07-16</actionDate>
        <committee />
        <links />
        <sourceSystem>
          <name>Senate</name>
          <code>0</code>
        </sourceSystem>
        <text>Measure laid before Senate by unanimous consent.</text>
        <type>Floor</type>
      </item>
      <item>
        <actionDate>2019-06-03</actionDate>
        <committee />
        <links />
        <sourceSystem>
          <name>Senate</name>
          <code>0</code>
        </sourceSystem>
        <text>Placed on Senate Legislative Calendar under General Orders. Calendar No. 103.</text>
        <type>Calendars</type>
      </item>
      <item>
        <actionDate>2019-06-03</actionDate>
        <committee>
          <systemCode>ssfr00</systemCode>
          <name>Foreign Relations Committee</name>
        </committee>
        <links />
        <sourceSystem>
          <name>Senate</name>
          <code>0</code>
        </sourceSystem>
        <text>Committee on Foreign Relations. Reported by Senator Risch without amendment and with an amended preamble. Without written report.</text>
        <type>Committee</type>
      </item>
      <item>
        <committee>
          <systemCode>ssfr00</systemCode>
          <name>Foreign Relations Committee</name>
        </committee>
        <text>Committee on Foreign Relations. Reported by Senator Risch without amendment and with an amended preamble. Without written report.</text>
        <actionDate>2019-06-03</actionDate>
        <actionCode>14000</actionCode>
        <type>Committee</type>
        <links />
        <sourceSystem>
          <name>Library of Congress</name>
          <code>9</code>
        </sourceSystem>
      </item>
      <item>
        <actionDate>2019-05-22</actionDate>
        <committee>
          <systemCode>ssfr00</systemCode>
          <name>Foreign Relations Committee</name>
        </committee>
        <links />
        <sourceSystem>
          <name>Senate</name>
          <code>0</code>
        </sourceSystem>
        <text>Committee on Foreign Relations. Ordered to be reported with an amendment favorably.</text>
        <type>Committee</type>
      </item>
      <item>
        <actionDate>2019-02-14</actionDate>
        <committee>
          <systemCode>ssfr00</systemCode>
          <name>Foreign Relations Committee</name>
        </committee>
        <links />
        <sourceSystem>
          <name>Senate</name>
          <code>0</code>
        </sourceSystem>
        <text>Referred to the Committee on Foreign Relations.</text>
        <type>IntroReferral</type>
      </item>
      <item>
        <committee />
        <type>IntroReferral</type>
        <actionDate>2019-02-14</actionDate>
        <actionCode>10000</actionCode>
        <text>Introduced in Senate</text>
        <links />
        <sourceSystem>
          <name>Library of Congress</name>
          <code>9</code>
        </sourceSystem>
      </item>
      <actionTypeCounts>
        <measureLaidBeforeSenate>1</measureLaidBeforeSenate>
        <agreedToInSenate>1</agreedToInSenate>
        <passedAgreedToInSenate>1</passedAgreedToInSenate>
        <reportedToSenate>2</reportedToSenate>
        <referredToCommittee>1</referredToCommittee>
        <placedOnCalendarGeneralOrders>1</placedOnCalendarGeneralOrders>
        <orderedReported>1</orderedReported>
        <amendmentAgreedTo>1</amendmentAgreedTo>
        <introducedInSenate>1</introducedInSenate>
      </actionTypeCounts>
    </actions>
    <originChamber>Senate</originChamber>
    <committees>
      <billCommittees>
        <item>
          <type>Standing</type>
          <subcommittees />
          <systemCode>ssfr00</systemCode>
          <name>Foreign Relations Committee</name>
          <chamber>Senate</chamber>
          <activities>
            <item>
              <name>Reported by</name>
              <date>2019-06-03T23:12:59Z</date>
            </item>
            <item>
              <name>Markup by</name>
              <date>2019-05-22T17:45:02Z</date>
            </item>
            <item>
              <name>Referred to</name>
              <date>2019-02-14T22:18:15Z</date>
            </item>
          </activities>
        </item>
      </billCommittees>
    </committees>
    <titles>
      <item>
        <parentTitleType />
        <chamberCode />
        <title>A resolution marking the fifth anniversary of Ukraine's Revolution of Dignity by honoring the bravery, determination, and sacrifice of the people of Ukraine during and since the Revolution, and condemning continued Russian aggression against Ukraine.</title>
        <titleType>Official Title as Introduced</titleType>
        <chamberName />
      </item>
      <item>
        <parentTitleType />
        <chamberCode />
        <title>A resolution marking the fifth anniversary of Ukraine's Revolution of Dignity by honoring the bravery, determination, and sacrifice of the people of Ukraine during and since the Revolution, and condemning continued Russian aggression against Ukraine.</title>
        <titleType>Display Title</titleType>
        <chamberName />
      </item>
    </titles>
    <summaries>
      <billSummaries />
    </summaries>
    <recordedVotes />
    <title>A resolution marking the fifth anniversary of Ukraine's Revolution of Dignity by honoring the bravery, determination, and sacrifice of the people of Ukraine during and since the Revolution, and condemning continued Russian aggression against Ukraine.</title>
    <sponsors>
      <item>
        <party>R</party>
        <state>OH</state>
        <identifiers>
          <bioguideId>P000449</bioguideId>
          <gpoId>8266</gpoId>
          <lisID>924</lisID>
        </identifiers>
        <middleName />
        <byRequestType />
        <bioguideId>P000449</bioguideId>
        <firstName>ROB</firstName>
        <fullName>Sen. Portman, Rob [R-OH]</fullName>
        <lastName>PORTMAN</lastName>
      </item>
    </sponsors>
    <cosponsors>
      <item>
        <bioguideId>D000563</bioguideId>
        <state>IL</state>
        <party>D</party>
        <fullName>Sen. Durbin, Richard J. [D-IL]</fullName>
        <lastName>DURBIN</lastName>
        <sponsorshipWithdrawnDate />
        <isOriginalCosponsor>True</isOriginalCosponsor>
        <firstName>RICHARD</firstName>
        <identifiers>
          <bioguideId>D000563</bioguideId>
          <gpoId>8326</gpoId>
          <lisID>326</lisID>
        </identifiers>
        <middleName>J.</middleName>
        <sponsorshipDate>2019-02-14</sponsorshipDate>
      </item>
      <item>
        <bioguideId>I000055</bioguideId>
        <state>GA</state>
        <party>R</party>
        <fullName>Sen. Isakson, Johnny [R-GA]</fullName>
        <lastName>Isakson</lastName>
        <sponsorshipWithdrawnDate />
        <isOriginalCosponsor>True</isOriginalCosponsor>
        <firstName>Johnny</firstName>
        <identifiers>
          <lisID>1608</lisID>
          <gpoId>8323</gpoId>
          <bioguideId>I000055</bioguideId>
        </identifiers>
        <middleName />
        <sponsorshipDate>2019-02-14</sponsorshipDate>
      </item>
      <item>
        <bioguideId>R000595</bioguideId>
        <state>FL</state>
        <party>R</party>
        <fullName>Sen. Rubio, Marco [R-FL]</fullName>
        <lastName>Rubio</lastName>
        <sponsorshipWithdrawnDate />
        <isOriginalCosponsor>True</isOriginalCosponsor>
        <firstName>Marco</firstName>
        <identifiers>
          <lisID>2084</lisID>
          <gpoId>8242</gpoId>
          <bioguideId>R000595</bioguideId>
        </identifiers>
        <middleName />
        <sponsorshipDate>2019-02-14</sponsorshipDate>
      </item>
      <item>
        <bioguideId>M001169</bioguideId>
        <state>CT</state>
        <party>D</party>
        <fullName>Sen. Murphy, Christopher [D-CT]</fullName>
        <lastName>Murphy</lastName>
        <sponsorshipWithdrawnDate />
        <isOriginalCosponsor>True</isOriginalCosponsor>
        <firstName>Christopher</firstName>
        <identifiers>
          <lisID>1837</lisID>
          <gpoId>7870</gpoId>
          <bioguideId>M001169</bioguideId>
        </identifiers>
        <middleName />
        <sponsorshipDate>2019-02-14</sponsorshipDate>
      </item>
      <item>
        <bioguideId>D000622</bioguideId>
        <state>IL</state>
        <party>D</party>
        <fullName>Sen. Duckworth, Tammy [D-IL]</fullName>
        <lastName>Duckworth</lastName>
        <sponsorshipWithdrawnDate />
        <isOriginalCosponsor>True</isOriginalCosponsor>
        <firstName>Tammy</firstName>
        <identifiers>
          <lisID>2123</lisID>
          <gpoId />
          <bioguideId>D000622</bioguideId>
        </identifiers>
        <middleName />
        <sponsorshipDate>2019-02-14</sponsorshipDate>
      </item>
      <item>
        <bioguideId>C000141</bioguideId>
        <state>MD</state>
        <party>D</party>
        <fullName>Sen. Cardin, Benjamin L. [D-MD]</fullName>
        <lastName>CARDIN</lastName>
        <sponsorshipWithdrawnDate />
        <isOriginalCosponsor>True</isOriginalCosponsor>
        <firstName>BENJAMIN</firstName>
        <identifiers>
          <bioguideId>C000141</bioguideId>
          <gpoId>8287</gpoId>
          <lisID>174</lisID>
        </identifiers>
        <middleName>L.</middleName>
        <sponsorshipDate>2019-02-14</sponsorshipDate>
      </item>
      <item>
        <bioguideId>C001070</bioguideId>
        <state>PA</state>
        <party>D</party>
        <fullName>Sen. Casey, Robert P., Jr. [D-PA]</fullName>
        <lastName>Casey</lastName>
        <sponsorshipWithdrawnDate />
        <isOriginalCosponsor>True</isOriginalCosponsor>
        <firstName>Bob</firstName>
        <identifiers>
          <bioguideId>C001070</bioguideId>
          <gpoId>8282</gpoId>
          <lisID>1828</lisID>
        </identifiers>
        <middleName />
        <sponsorshipDate>2019-02-14</sponsorshipDate>
      </item>
      <item>
        <bioguideId>B001277</bioguideId>
        <state>CT</state>
        <party>D</party>
        <fullName>Sen. Blumenthal, Richard [D-CT]</fullName>
        <lastName>Blumenthal</lastName>
        <sponsorshipWithdrawnDate />
        <isOriginalCosponsor>True</isOriginalCosponsor>
        <firstName>Richard</firstName>
        <identifiers>
          <lisID>2076</lisID>
          <gpoId>8332</gpoId>
          <bioguideId>B001277</bioguideId>
        </identifiers>
        <middleName />
        <sponsorshipDate>2019-02-14</sponsorshipDate>
      </item>
      <item>
        <bioguideId>E000295</bioguideId>
        <state>IA</state>
        <party>R</party>
        <fullName>Sen. Ernst, Joni  [R-IA]</fullName>
        <lastName>Ernst</lastName>
        <sponsorshipWithdrawnDate />
        <isOriginalCosponsor>True</isOriginalCosponsor>
        <firstName>Joni</firstName>
        <identifiers>
          <bioguideId>E000295</bioguideId>
          <gpoId />
          <lisID>2283</lisID>
        </identifiers>
        <middleName />
        <sponsorshipDate>2019-02-14</sponsorshipDate>
      </item>
      <item>
        <bioguideId>W000779</bioguideId>
        <state>OR</state>
        <party>D</party>
        <fullName>Sen. Wyden, Ron [D-OR]</fullName>
        <lastName>WYDEN</lastName>
        <sponsorshipWithdrawnDate />
        <isOriginalCosponsor>True</isOriginalCosponsor>
        <firstName>RON</firstName>
        <identifiers>
          <bioguideId>W000779</bioguideId>
          <lisID>1247</lisID>
          <gpoId>8265</gpoId>
        </identifiers>
        <middleName />
        <sponsorshipDate>2019-02-14</sponsorshipDate>
      </item>
      <item>
        <bioguideId>C001035</bioguideId>
        <state>ME</state>
        <party>R</party>
        <fullName>Sen. Collins, Susan M. [R-ME]</fullName>
        <lastName>COLLINS</lastName>
        <sponsorshipWithdrawnDate />
        <isOriginalCosponsor>True</isOriginalCosponsor>
        <firstName>SUSAN</firstName>
        <identifiers>
          <bioguideId>C001035</bioguideId>
          <gpoId>8291</gpoId>
          <lisID>1541</lisID>
        </identifiers>
        <middleName>MARGARET</middleName>
        <sponsorshipDate>2019-02-14</sponsorshipDate>
      </item>
      <item>
        <bioguideId>B000944</bioguideId>
        <state>OH</state>
        <party>D</party>
        <fullName>Sen. Brown, Sherrod [D-OH]</fullName>
        <lastName>Brown</lastName>
        <sponsorshipWithdrawnDate />
        <isOriginalCosponsor>True</isOriginalCosponsor>
        <firstName>Sherrod</firstName>
        <identifiers>
          <lisID>136</lisID>
          <gpoId>8309</gpoId>
          <bioguideId>B000944</bioguideId>
        </identifiers>
        <middleName />
        <sponsorshipDate>2019-02-14</sponsorshipDate>
      </item>
      <item>
        <bioguideId>K000367</bioguideId>
        <state>MN</state>
        <party>D</party>
        <fullName>Sen. Klobuchar, Amy [D-MN]</fullName>
        <lastName>Klobuchar</lastName>
        <sponsorshipWithdrawnDate />
        <isOriginalCosponsor>True</isOriginalCosponsor>
        <firstName>Amy</firstName>
        <identifiers>
          <lisID>1826</lisID>
          <gpoId>8249</gpoId>
          <bioguideId>K000367</bioguideId>
        </identifiers>
        <middleName />
        <sponsorshipDate>2019-02-14</sponsorshipDate>
      </item>
      <item>
        <bioguideId>S001181</bioguideId>
        <state>NH</state>
        <party>D</party>
        <fullName>Sen. Shaheen, Jeanne [D-NH]</fullName>
        <lastName>Shaheen</lastName>
        <sponsorshipWithdrawnDate />
        <isOriginalCosponsor>True</isOriginalCosponsor>
        <firstName>Jeanne</firstName>
        <identifiers>
          <bioguideId>S001181</bioguideId>
          <lisID>1901</lisID>
          <gpoId>8276</gpoId>
        </identifiers>
        <middleName />
        <sponsorshipDate>2019-02-14</sponsorshipDate>
      </item>
      <item>
        <bioguideId>J000300</bioguideId>
        <state>AL</state>
        <party>D</party>
        <fullName>Sen. Jones, Doug  [D-AL]</fullName>
        <lastName>Jones</lastName>
        <sponsorshipWithdrawnDate />
        <isOriginalCosponsor>True</isOriginalCosponsor>
        <firstName>Doug</firstName>
        <identifiers>
          <lisID>2364</lisID>
          <gpoId />
          <bioguideId>J000300</bioguideId>
        </identifiers>
        <middleName />
        <sponsorshipDate>2019-02-14</sponsorshipDate>
      </item>
      <item>
        <bioguideId>B001236</bioguideId>
        <state>AR</state>
        <party>R</party>
        <fullName>Sen. Boozman, John [R-AR]</fullName>
        <lastName>Boozman</lastName>
        <sponsorshipWithdrawnDate />
        <isOriginalCosponsor>False</isOriginalCosponsor>
        <firstName>John</firstName>
        <identifiers>
          <lisID>1687</lisID>
          <gpoId>8247</gpoId>
          <bioguideId>B001236</bioguideId>
        </identifiers>
        <middleName />
        <sponsorshipDate>2019-02-25</sponsorshipDate>
      </item>
      <item>
        <bioguideId>J000293</bioguideId>
        <state>WI</state>
        <party>R</party>
        <fullName>Sen. Johnson, Ron [R-WI]</fullName>
        <lastName>Johnson</lastName>
        <sponsorshipWithdrawnDate />
        <isOriginalCosponsor>False</isOriginalCosponsor>
        <firstName>Ron</firstName>
        <identifiers>
          <lisID>2086</lisID>
          <gpoId>8355</gpoId>
          <bioguideId>J000293</bioguideId>
        </identifiers>
        <middleName />
        <sponsorshipDate>2019-02-25</sponsorshipDate>
      </item>
      <item>
        <bioguideId>B001288</bioguideId>
        <state>NJ</state>
        <party>D</party>
        <fullName>Sen. Booker, Cory A. [D-NJ]</fullName>
        <lastName>Booker</lastName>
        <sponsorshipWithdrawnDate />
        <isOriginalCosponsor>False</isOriginalCosponsor>
        <firstName>Cory</firstName>
        <identifiers>
          <lisID>2194</lisID>
          <gpoId />
          <bioguideId>B001288</bioguideId>
        </identifiers>
        <middleName>A.</middleName>
        <sponsorshipDate>2019-02-26</sponsorshipDate>
      </item>
      <item>
        <bioguideId>I000024</bioguideId>
        <state>OK</state>
        <party>R</party>
        <fullName>Sen. Inhofe, James M. [R-OK]</fullName>
        <lastName>INHOFE</lastName>
        <sponsorshipWithdrawnDate />
        <isOriginalCosponsor>False</isOriginalCosponsor>
        <firstName>JIM</firstName>
        <identifiers>
          <bioguideId>I000024</bioguideId>
          <gpoId>8322</gpoId>
          <lisID>583</lisID>
        </identifiers>
        <middleName />
        <sponsorshipDate>2019-02-27</sponsorshipDate>
      </item>
      <item>
        <bioguideId>T000461</bioguideId>
        <state>PA</state>
        <party>R</party>
        <fullName>Sen. Toomey, Pat [R-PA]</fullName>
        <lastName>Toomey</lastName>
        <sponsorshipWithdrawnDate />
        <isOriginalCosponsor>False</isOriginalCosponsor>
        <firstName>Pat</firstName>
        <identifiers>
          <lisID>1594</lisID>
          <gpoId />
          <bioguideId>T000461</bioguideId>
        </identifiers>
        <middleName />
        <sponsorshipDate>2019-03-25</sponsorshipDate>
      </item>
    </cosponsors>
    <billNumber>74</billNumber>
    <congress>116</congress>
    <latestAction>
      <links />
      <actionDate>2019-07-16</actionDate>
      <text>Resolution agreed to in Senate with an amendment and an amended preamble by Voice Vote. (consideration: CR S4860-4864; text: CR S4863-4864)</text>
    </latestAction>
    <billType>SRES</billType>
    <updateDate>2019-11-15T21:56:30Z</updateDate>
    <createDate>2019-02-15T12:40:18Z</createDate>
    <version>1.0.0</version>
  </bill>
  <dublinCore xmlns:dc="http://purl.org/dc/elements/1.1/">
    <dc:format>text/xml</dc:format>
    <dc:language>EN</dc:language>
    <dc:rights>Pursuant to Title 17 Section 105 of the United States Code, this file is not subject to copyright protection and is in the public domain.</dc:rights>
    <dc:contributor>Congressional Research Service, Library of Congress</dc:contributor>
    <dc:description>This file contains bill summaries and statuses for federal legislation. A bill summary describes the most significant provisions of a piece of legislation and details the effects the legislative text may have on current law and federal programs. Bill summaries are authored by the Congressional Research Service (CRS) of the Library of Congress. As stated in Public Law 91-510 (2 USC 166 (d)(6)), one of the duties of CRS is "to prepare summaries and digests of bills and resolutions of a public general nature introduced in the Senate or House of Representatives". For more information, refer to the User Guide that accompanies this file.</dc:description>
  </dublinCore>
</billStatus>

