<?xml version="1.0" encoding="UTF-8"?>
<billStatus>
  <bill>
    <laws />
    <updateDate>2019-08-16T10:41:44Z</updateDate>
    <calendarNumbers />
    <cboCostEstimates />
    <summaries>
      <billSummaries>
        <item>
          <text><![CDATA[<p>This resolution expresses support for the goals and ideals of National Sexual Assault Awareness and Prevention Month.</p>]]></text>
          <name>Introduced in Senate</name>
          <updateDate>2019-04-30T04:00:00Z</updateDate>
          <actionDesc>Introduced in Senate</actionDesc>
          <versionCode>00</versionCode>
          <lastSummaryUpdateDate>2019-07-24T16:43:00Z</lastSummaryUpdateDate>
          <actionDate>2019-04-30</actionDate>
        </item>
        <item>
          <text><![CDATA[<p>This resolution expresses support for the goals and ideals of National Sexual Assault Awareness and Prevention Month.</p>]]></text>
          <name>Passed Senate</name>
          <updateDate>2019-05-15T14:24:26Z</updateDate>
          <actionDesc>Passed Senate</actionDesc>
          <versionCode>55</versionCode>
          <lastSummaryUpdateDate>2019-08-02T18:57:48Z</lastSummaryUpdateDate>
          <actionDate>2019-05-15</actionDate>
        </item>
      </billSummaries>
    </summaries>
    <billNumber>178</billNumber>
    <title>A resolution recognizing and supporting the goals and ideals of National Sexual Assault Awareness and Prevention Month.</title>
    <createDate>2019-05-01T04:27:07Z</createDate>
    <titles>
      <item>
        <chamberCode />
        <title>A resolution recognizing and supporting the goals and ideals of National Sexual Assault Awareness and Prevention Month.</title>
        <titleType>Official Title as Introduced</titleType>
        <parentTitleType />
        <chamberName />
      </item>
      <item>
        <chamberCode />
        <title>A resolution recognizing and supporting the goals and ideals of National Sexual Assault Awareness and Prevention Month.</title>
        <titleType>Display Title</titleType>
        <parentTitleType />
        <chamberName />
      </item>
    </titles>
    <originChamber>Senate</originChamber>
    <relatedBills>
      <item>
        <latestTitle>Recognizing and supporting the goals and ideals of "National Sexual Assault Awareness and Prevention Month".</latestTitle>
        <number>319</number>
        <congress>116</congress>
        <type>HRES</type>
        <relationshipDetails>
          <item>
            <type>Related bill</type>
            <identifiedBy>CRS</identifiedBy>
          </item>
        </relationshipDetails>
        <latestAction>
          <text>Referred to the Subcommittee on Crime, Terrorism, and Homeland Security.</text>
          <actionDate>2019-05-03</actionDate>
        </latestAction>
      </item>
    </relatedBills>
    <recordedVotes />
    <notes />
    <policyArea>
      <name>Crime and Law Enforcement</name>
    </policyArea>
    <textVersions>
      <item>
        <date>2019-05-15T04:00:00Z</date>
        <type>Agreed to Senate</type>
        <formats>
          <item>
            <url>https://www.govinfo.gov/content/pkg/BILLS-116sres178ats/xml/BILLS-116sres178ats.xml</url>
          </item>
        </formats>
      </item>
      <item>
        <date>2019-04-30T04:00:00Z</date>
        <type>Introduced in Senate</type>
        <formats>
          <item>
            <url>https://www.govinfo.gov/content/pkg/BILLS-116sres178is/xml/BILLS-116sres178is.xml</url>
          </item>
        </formats>
      </item>
    </textVersions>
    <latestAction>
      <actionDate>2019-05-15</actionDate>
      <links />
      <text>Resolution agreed to in Senate without amendment and with a preamble by Unanimous Consent. (text: CR 4/30/2019 S2524-2525)</text>
    </latestAction>
    <amendments />
    <introducedDate>2019-04-30</introducedDate>
    <committeeReports />
    <sponsors>
      <item>
        <firstName>DIANNE</firstName>
        <party>D</party>
        <fullName>Sen. Feinstein, Dianne [D-CA]</fullName>
        <state>CA</state>
        <middleName />
        <identifiers>
          <bioguideId>F000062</bioguideId>
          <lisID>1332</lisID>
          <gpoId>8338</gpoId>
        </identifiers>
        <lastName>FEINSTEIN</lastName>
        <bioguideId>F000062</bioguideId>
        <byRequestType />
      </item>
    </sponsors>
    <subjects>
      <billSubjects>
        <legislativeSubjects>
          <item>
            <name>Assault and harassment offenses</name>
          </item>
          <item>
            <name>Commemorative events and holidays</name>
          </item>
          <item>
            <name>Congressional tributes</name>
          </item>
          <item>
            <name>Crime prevention</name>
          </item>
          <item>
            <name>Health personnel</name>
          </item>
          <item>
            <name>Law enforcement officers</name>
          </item>
          <item>
            <name>Mental health</name>
          </item>
          <item>
            <name>Sex offenses</name>
          </item>
          <item>
            <name>Social work, volunteer service, charitable organizations</name>
          </item>
        </legislativeSubjects>
        <policyArea>
          <name>Crime and Law Enforcement</name>
        </policyArea>
      </billSubjects>
    </subjects>
    <version>1.0.0</version>
    <committees>
      <billCommittees>
        <item>
          <name>Judiciary Committee</name>
          <chamber>Senate</chamber>
          <subcommittees />
          <systemCode>ssju00</systemCode>
          <type>Standing</type>
          <activities>
            <item>
              <date>2019-05-15T21:43:28Z</date>
              <name>Discharged from</name>
            </item>
            <item>
              <date>2019-04-30T22:59:19Z</date>
              <name>Referred to</name>
            </item>
          </activities>
        </item>
      </billCommittees>
    </committees>
    <cosponsors>
      <item>
        <lastName>Ernst</lastName>
        <fullName>Sen. Ernst, Joni  [R-IA]</fullName>
        <identifiers>
          <gpoId />
          <bioguideId>E000295</bioguideId>
          <lisID>2283</lisID>
        </identifiers>
        <isOriginalCosponsor>True</isOriginalCosponsor>
        <middleName />
        <party>R</party>
        <bioguideId>E000295</bioguideId>
        <state>IA</state>
        <sponsorshipWithdrawnDate />
        <sponsorshipDate>2019-04-30</sponsorshipDate>
        <firstName>Joni</firstName>
      </item>
      <item>
        <lastName>GRASSLEY</lastName>
        <fullName>Sen. Grassley, Chuck [R-IA]</fullName>
        <identifiers>
          <bioguideId>G000386</bioguideId>
          <lisID>457</lisID>
          <gpoId>8316</gpoId>
        </identifiers>
        <isOriginalCosponsor>True</isOriginalCosponsor>
        <middleName>ERNEST</middleName>
        <party>R</party>
        <bioguideId>G000386</bioguideId>
        <state>IA</state>
        <sponsorshipWithdrawnDate />
        <sponsorshipDate>2019-04-30</sponsorshipDate>
        <firstName>CHARLES</firstName>
      </item>
    </cosponsors>
    <actions>
      <actionTypeCounts>
        <passedAgreedToInSenate>1</passedAgreedToInSenate>
        <agreedToInSenate>1</agreedToInSenate>
        <committeeDischarged>1</committeeDischarged>
        <senateCommitteeDischarged>1</senateCommitteeDischarged>
        <referredToCommittee>1</referredToCommittee>
        <introducedInSenate>1</introducedInSenate>
      </actionTypeCounts>
      <item>
        <actionDate>2019-05-15</actionDate>
        <committee />
        <links>
          <link>
            <name>CR 4/30/2019 S2524</name>
            <url>https://www.congress.gov/congressional-record/volume-165/senate-section/page/S2524</url>
          </link>
        </links>
        <sourceSystem>
          <code>0</code>
          <name>Senate</name>
        </sourceSystem>
        <text>Resolution agreed to in Senate without amendment and with a preamble by Unanimous Consent. (text: CR 4/30/2019 S2524-2525)</text>
        <type>Floor</type>
      </item>
      <item>
        <actionCode>17000</actionCode>
        <type>Floor</type>
        <committee />
        <links>
          <link>
            <name>CR 4/30/2019 S2524</name>
            <url>https://www.congress.gov/congressional-record/volume-165/senate-section/page/S2524</url>
          </link>
        </links>
        <text>Passed/agreed to in Senate: Resolution agreed to in Senate without amendment and with a preamble by Unanimous Consent.(text: CR 4/30/2019 S2524-2525)</text>
        <sourceSystem>
          <code>9</code>
          <name>Library of Congress</name>
        </sourceSystem>
        <actionDate>2019-05-15</actionDate>
      </item>
      <item>
        <actionDate>2019-05-15</actionDate>
        <committee>
          <name>Judiciary Committee</name>
          <systemCode>ssju00</systemCode>
        </committee>
        <links>
          <link>
            <name>S2877-2878</name>
            <url>https://www.congress.gov/congressional-record/volume-165/senate-section/page/S2877-2878</url>
          </link>
        </links>
        <sourceSystem>
          <code>0</code>
          <name>Senate</name>
        </sourceSystem>
        <text>Senate Committee on the Judiciary discharged by Unanimous Consent. (consideration: CR S2877-2878)</text>
        <type>Discharge</type>
      </item>
      <item>
        <actionCode>14500</actionCode>
        <type>Committee</type>
        <committee>
          <name>Judiciary Committee</name>
          <systemCode>ssju00</systemCode>
        </committee>
        <links>
          <link>
            <name>S2877-2878</name>
            <url>https://www.congress.gov/congressional-record/volume-165/senate-section/page/S2877-2878</url>
          </link>
        </links>
        <text>Senate Committee on the Judiciary discharged by Unanimous Consent.(consideration: CR S2877-2878)</text>
        <sourceSystem>
          <code>9</code>
          <name>Library of Congress</name>
        </sourceSystem>
        <actionDate>2019-05-15</actionDate>
      </item>
      <item>
        <actionDate>2019-04-30</actionDate>
        <committee>
          <name>Judiciary Committee</name>
          <systemCode>ssju00</systemCode>
        </committee>
        <links />
        <sourceSystem>
          <code>0</code>
          <name>Senate</name>
        </sourceSystem>
        <text>Referred to the Committee on the Judiciary.</text>
        <type>IntroReferral</type>
      </item>
      <item>
        <actionCode>10000</actionCode>
        <type>IntroReferral</type>
        <committee />
        <links />
        <text>Introduced in Senate</text>
        <sourceSystem>
          <code>9</code>
          <name>Library of Congress</name>
        </sourceSystem>
        <actionDate>2019-04-30</actionDate>
      </item>
      <actionByCounts>
        <senate>6</senate>
      </actionByCounts>
    </actions>
    <billType>SRES</billType>
    <congress>116</congress>
  </bill>
  <dublinCore xmlns:dc="http://purl.org/dc/elements/1.1/">
    <dc:format>text/xml</dc:format>
    <dc:language>EN</dc:language>
    <dc:rights>Pursuant to Title 17 Section 105 of the United States Code, this file is not subject to copyright protection and is in the public domain.</dc:rights>
    <dc:contributor>Congressional Research Service, Library of Congress</dc:contributor>
    <dc:description>This file contains bill summaries and statuses for federal legislation. A bill summary describes the most significant provisions of a piece of legislation and details the effects the legislative text may have on current law and federal programs. Bill summaries are authored by the Congressional Research Service (CRS) of the Library of Congress. As stated in Public Law 91-510 (2 USC 166 (d)(6)), one of the duties of CRS is "to prepare summaries and digests of bills and resolutions of a public general nature introduced in the Senate or House of Representatives". For more information, refer to the User Guide that accompanies this file.</dc:description>
  </dublinCore>
</billStatus>

