<?xml version="1.0" encoding="UTF-8"?>
<billStatus>
  <bill>
    <billType>SRES</billType>
    <committeeReports />
    <amendments />
    <introducedDate>2019-03-07</introducedDate>
    <summaries>
      <billSummaries>
        <item>
          <versionCode>00</versionCode>
          <actionDate>2019-03-07</actionDate>
          <lastSummaryUpdateDate>2019-07-26T20:09:58Z</lastSummaryUpdateDate>
          <actionDesc>Introduced in Senate</actionDesc>
          <updateDate>2019-03-07T05:00:00Z</updateDate>
          <name>Introduced in Senate</name>
          <text><![CDATA[<p>This resolution expresses support for International Women's Day and recognition that women's empowerment is inextricably linked to generating economic growth, sustainable democracy, and inclusive security. The resolution also reaffirms the Senate's commitment to end discrimination and violence against women and to pursue policies that guarantee fundamental human rights for women worldwide. </p>]]></text>
        </item>
      </billSummaries>
    </summaries>
    <createDate>2019-03-08T05:42:06Z</createDate>
    <cboCostEstimates />
    <titles>
      <item>
        <parentTitleType />
        <chamberCode />
        <titleType>Official Title as Introduced</titleType>
        <title>A resolution supporting the goals of International Women's Day.</title>
        <chamberName />
      </item>
      <item>
        <parentTitleType />
        <chamberCode />
        <titleType>Display Title</titleType>
        <title>A resolution supporting the goals of International Women's Day.</title>
        <chamberName />
      </item>
    </titles>
    <subjects>
      <billSubjects>
        <legislativeSubjects>
          <item>
            <name>Commemorative events and holidays</name>
          </item>
          <item>
            <name>Crimes against women</name>
          </item>
          <item>
            <name>Economic development</name>
          </item>
          <item>
            <name>Human rights</name>
          </item>
          <item>
            <name>Racial and ethnic relations</name>
          </item>
          <item>
            <name>Religion</name>
          </item>
          <item>
            <name>Sex, gender, sexual orientation discrimination</name>
          </item>
          <item>
            <name>Women's employment</name>
          </item>
          <item>
            <name>Women's rights</name>
          </item>
        </legislativeSubjects>
        <policyArea>
          <name>International Affairs</name>
        </policyArea>
      </billSubjects>
    </subjects>
    <latestAction>
      <links />
      <text>Submitted in the Senate, considered, and agreed to without amendment and with a preamble by Voice Vote. (consideration: CR S1746-1747; text: S1744-1745)</text>
      <actionDate>2019-03-07</actionDate>
    </latestAction>
    <originChamber>Senate</originChamber>
    <policyArea>
      <name>International Affairs</name>
    </policyArea>
    <sponsors>
      <item>
        <bioguideId>S001181</bioguideId>
        <byRequestType />
        <fullName>Sen. Shaheen, Jeanne [D-NH]</fullName>
        <middleName />
        <party>D</party>
        <state>NH</state>
        <lastName>Shaheen</lastName>
        <firstName>Jeanne</firstName>
        <identifiers>
          <lisID>1901</lisID>
          <bioguideId>S001181</bioguideId>
          <gpoId>8276</gpoId>
        </identifiers>
      </item>
    </sponsors>
    <recordedVotes />
    <title>A resolution supporting the goals of International Women's Day.</title>
    <congress>116</congress>
    <committees>
      <billCommittees />
    </committees>
    <calendarNumbers />
    <notes />
    <laws />
    <relatedBills />
    <cosponsors>
      <item>
        <bioguideId>C001035</bioguideId>
        <sponsorshipWithdrawnDate />
        <party>R</party>
        <identifiers>
          <gpoId>8291</gpoId>
          <lisID>1541</lisID>
          <bioguideId>C001035</bioguideId>
        </identifiers>
        <middleName>MARGARET</middleName>
        <lastName>COLLINS</lastName>
        <sponsorshipDate>2019-03-07</sponsorshipDate>
        <fullName>Sen. Collins, Susan M. [R-ME]</fullName>
        <state>ME</state>
        <isOriginalCosponsor>True</isOriginalCosponsor>
        <firstName>SUSAN</firstName>
      </item>
      <item>
        <bioguideId>M001169</bioguideId>
        <sponsorshipWithdrawnDate />
        <party>D</party>
        <identifiers>
          <gpoId>7870</gpoId>
          <lisID>1837</lisID>
          <bioguideId>M001169</bioguideId>
        </identifiers>
        <middleName />
        <lastName>Murphy</lastName>
        <sponsorshipDate>2019-03-07</sponsorshipDate>
        <fullName>Sen. Murphy, Christopher [D-CT]</fullName>
        <state>CT</state>
        <isOriginalCosponsor>True</isOriginalCosponsor>
        <firstName>Christopher</firstName>
      </item>
      <item>
        <bioguideId>B001230</bioguideId>
        <sponsorshipWithdrawnDate />
        <party>D</party>
        <identifiers>
          <gpoId>8215</gpoId>
          <lisID>1558</lisID>
          <bioguideId>B001230</bioguideId>
        </identifiers>
        <middleName />
        <lastName>Baldwin</lastName>
        <sponsorshipDate>2019-03-07</sponsorshipDate>
        <fullName>Sen. Baldwin, Tammy [D-WI]</fullName>
        <state>WI</state>
        <isOriginalCosponsor>True</isOriginalCosponsor>
        <firstName>Tammy</firstName>
      </item>
    </cosponsors>
    <textVersions>
      <item>
        <type>Agreed to Senate</type>
        <date>2019-03-07T05:00:00Z</date>
        <formats>
          <item>
            <url>https://www.govinfo.gov/content/pkg/BILLS-116sres101ats/xml/BILLS-116sres101ats.xml</url>
          </item>
        </formats>
      </item>
    </textVersions>
    <version>1.0.0</version>
    <billNumber>101</billNumber>
    <actions>
      <actionByCounts>
        <senate>3</senate>
      </actionByCounts>
      <item>
        <actionDate>2019-03-07</actionDate>
        <committee />
        <links>
          <link>
            <url>https://www.congress.gov/congressional-record/volume-165/senate-section/page/S1744-1745</url>
            <name>S1744-1745</name>
          </link>
          <link>
            <url>https://www.congress.gov/congressional-record/volume-165/senate-section/page/S1746-1747</url>
            <name>S1746-1747</name>
          </link>
        </links>
        <sourceSystem>
          <code>0</code>
          <name>Senate</name>
        </sourceSystem>
        <text>Submitted in the Senate, considered, and agreed to without amendment and with a preamble by Voice Vote. (consideration: CR S1746-1747; text: S1744-1745)</text>
        <type>Floor</type>
      </item>
      <item>
        <text>Passed/agreed to in Senate: Submitted in the Senate, considered, and agreed to without amendment and with a preamble by Voice Vote.(consideration: CR S1746-1747; text: S1744-1745)</text>
        <actionCode>17000</actionCode>
        <type>Floor</type>
        <actionDate>2019-03-07</actionDate>
        <committee />
        <links />
        <sourceSystem>
          <code>9</code>
          <name>Library of Congress</name>
        </sourceSystem>
      </item>
      <item>
        <text>Introduced in Senate</text>
        <actionCode>10000</actionCode>
        <type>IntroReferral</type>
        <actionDate>2019-03-07</actionDate>
        <committee />
        <links />
        <sourceSystem>
          <code>9</code>
          <name>Library of Congress</name>
        </sourceSystem>
      </item>
      <actionTypeCounts>
        <introducedInSenate>1</introducedInSenate>
        <passedAgreedToInSenate>1</passedAgreedToInSenate>
        <passedOrAgreedToInSenateDayOf>1</passedOrAgreedToInSenateDayOf>
      </actionTypeCounts>
    </actions>
    <updateDate>2019-07-31T07:34:04Z</updateDate>
  </bill>
  <dublinCore xmlns:dc="http://purl.org/dc/elements/1.1/">
    <dc:format>text/xml</dc:format>
    <dc:language>EN</dc:language>
    <dc:rights>Pursuant to Title 17 Section 105 of the United States Code, this file is not subject to copyright protection and is in the public domain.</dc:rights>
    <dc:contributor>Congressional Research Service, Library of Congress</dc:contributor>
    <dc:description>This file contains bill summaries and statuses for federal legislation. A bill summary describes the most significant provisions of a piece of legislation and details the effects the legislative text may have on current law and federal programs. Bill summaries are authored by the Congressional Research Service (CRS) of the Library of Congress. As stated in Public Law 91-510 (2 USC 166 (d)(6)), one of the duties of CRS is "to prepare summaries and digests of bills and resolutions of a public general nature introduced in the Senate or House of Representatives". For more information, refer to the User Guide that accompanies this file.</dc:description>
  </dublinCore>
</billStatus>

