<?xml version="1.0" encoding="UTF-8"?>
<billStatus>
  <bill>
    <notes />
    <laws />
    <committees>
      <billCommittees />
    </committees>
    <titles>
      <item>
        <titleType>Official Title as Introduced</titleType>
        <parentTitleType />
        <chamberName />
        <title>A resolution celebrating 50 years of environmental progress in the Cuyahoga River Valley and Lake Erie.</title>
        <chamberCode />
      </item>
      <item>
        <titleType>Display Title</titleType>
        <parentTitleType />
        <chamberName />
        <title>A resolution celebrating 50 years of environmental progress in the Cuyahoga River Valley and Lake Erie.</title>
        <chamberCode />
      </item>
    </titles>
    <relatedBills />
    <textVersions>
      <item>
        <type>Agreed to Senate</type>
        <date>2019-07-29T04:00:00Z</date>
        <formats>
          <item>
            <url>https://www.govinfo.gov/content/pkg/BILLS-116sres290ats/xml/BILLS-116sres290ats.xml</url>
          </item>
        </formats>
      </item>
    </textVersions>
    <recordedVotes />
    <introducedDate>2019-07-29</introducedDate>
    <updateDate>2019-11-05T05:27:55Z</updateDate>
    <cboCostEstimates />
    <title>A resolution celebrating 50 years of environmental progress in the Cuyahoga River Valley and Lake Erie.</title>
    <amendments />
    <originChamber>Senate</originChamber>
    <actions>
      <actionTypeCounts>
        <passedAgreedToInSenate>1</passedAgreedToInSenate>
        <introducedInSenate>1</introducedInSenate>
        <passedOrAgreedToInSenateDayOf>1</passedOrAgreedToInSenateDayOf>
      </actionTypeCounts>
      <item>
        <actionDate>2019-07-29</actionDate>
        <committee />
        <links>
          <link>
            <url>https://www.congress.gov/congressional-record/volume-165/senate-section/page/S5149</url>
            <name>S5149</name>
          </link>
        </links>
        <sourceSystem>
          <code>0</code>
          <name>Senate</name>
        </sourceSystem>
        <text>Submitted in the Senate, considered, and agreed to without amendment and with a preamble by Voice Vote. (consideration: CR S5149; text: CR S5149)</text>
        <type>Floor</type>
      </item>
      <item>
        <text>Passed/agreed to in Senate: Submitted in the Senate, considered, and agreed to without amendment and with a preamble by Voice Vote.(consideration: CR S5149; text: CR S5149)</text>
        <committee />
        <links>
          <link>
            <url>https://www.congress.gov/congressional-record/volume-165/senate-section/page/S5149</url>
            <name>S5149</name>
          </link>
        </links>
        <type>Floor</type>
        <actionCode>17000</actionCode>
        <actionDate>2019-07-29</actionDate>
        <sourceSystem>
          <code>9</code>
          <name>Library of Congress</name>
        </sourceSystem>
      </item>
      <item>
        <text>Introduced in Senate</text>
        <committee />
        <links />
        <type>IntroReferral</type>
        <actionCode>10000</actionCode>
        <actionDate>2019-07-29</actionDate>
        <sourceSystem>
          <code>9</code>
          <name>Library of Congress</name>
        </sourceSystem>
      </item>
      <actionByCounts>
        <senate>3</senate>
      </actionByCounts>
    </actions>
    <sponsors>
      <item>
        <fullName>Sen. Brown, Sherrod [D-OH]</fullName>
        <firstName>Sherrod</firstName>
        <identifiers>
          <lisID>136</lisID>
          <bioguideId>B000944</bioguideId>
          <gpoId>8309</gpoId>
        </identifiers>
        <bioguideId>B000944</bioguideId>
        <middleName />
        <lastName>Brown</lastName>
        <party>D</party>
        <byRequestType />
        <state>OH</state>
      </item>
    </sponsors>
    <billType>SRES</billType>
    <createDate>2019-07-30T04:27:24Z</createDate>
    <cosponsors>
      <item>
        <fullName>Sen. Portman, Rob [R-OH]</fullName>
        <isOriginalCosponsor>True</isOriginalCosponsor>
        <lastName>PORTMAN</lastName>
        <middleName />
        <state>OH</state>
        <bioguideId>P000449</bioguideId>
        <identifiers>
          <bioguideId>P000449</bioguideId>
          <lisID>924</lisID>
          <gpoId>8266</gpoId>
        </identifiers>
        <sponsorshipDate>2019-07-29</sponsorshipDate>
        <firstName>ROB</firstName>
        <sponsorshipWithdrawnDate />
        <party>R</party>
      </item>
    </cosponsors>
    <subjects>
      <billSubjects>
        <legislativeSubjects>
          <item>
            <name>Air quality</name>
          </item>
          <item>
            <name>Aquatic ecology</name>
          </item>
          <item>
            <name>Economic development</name>
          </item>
          <item>
            <name>Great Lakes</name>
          </item>
          <item>
            <name>Lakes and rivers</name>
          </item>
          <item>
            <name>Ohio</name>
          </item>
          <item>
            <name>Outdoor recreation</name>
          </item>
          <item>
            <name>Travel and tourism</name>
          </item>
          <item>
            <name>Water quality</name>
          </item>
          <item>
            <name>Watersheds</name>
          </item>
        </legislativeSubjects>
        <policyArea>
          <name>Environmental Protection</name>
        </policyArea>
      </billSubjects>
    </subjects>
    <congress>116</congress>
    <policyArea>
      <name>Environmental Protection</name>
    </policyArea>
    <summaries>
      <billSummaries>
        <item>
          <actionDesc>Introduced in Senate</actionDesc>
          <lastSummaryUpdateDate>2019-09-27T19:28:50Z</lastSummaryUpdateDate>
          <actionDate>2019-07-29</actionDate>
          <updateDate>2019-07-29T04:00:00Z</updateDate>
          <versionCode>00</versionCode>
          <text><![CDATA[<p>This resolution celebrates 50 years of environmental progress in the Cuyahoga River Valley and Lake Erie. In addition, the resolution expresses the Senate's commitment to improve the Great Lakes Basin's ecosystem health, drinking water quality, and wastewater infrastructure.</p>]]></text>
          <name>Introduced in Senate</name>
        </item>
        <item>
          <actionDesc>Passed Senate</actionDesc>
          <lastSummaryUpdateDate>2019-09-27T20:47:42Z</lastSummaryUpdateDate>
          <actionDate>2019-07-29</actionDate>
          <updateDate>2019-07-29T14:04:14Z</updateDate>
          <versionCode>55</versionCode>
          <text><![CDATA[<p>This resolution celebrates 50 years of environmental progress in the Cuyahoga River Valley and Lake Erie. In addition, the resolution expresses the Senate's commitment to improve the Great Lakes Basin's ecosystem health, drinking water quality, and wastewater infrastructure.</p>]]></text>
          <name>Passed Senate</name>
        </item>
      </billSummaries>
    </summaries>
    <billNumber>290</billNumber>
    <calendarNumbers />
    <version>1.0.0</version>
    <committeeReports />
    <latestAction>
      <text>Submitted in the Senate, considered, and agreed to without amendment and with a preamble by Voice Vote. (consideration: CR S5149; text: CR S5149)</text>
      <links />
      <actionDate>2019-07-29</actionDate>
    </latestAction>
  </bill>
  <dublinCore xmlns:dc="http://purl.org/dc/elements/1.1/">
    <dc:format>text/xml</dc:format>
    <dc:language>EN</dc:language>
    <dc:rights>Pursuant to Title 17 Section 105 of the United States Code, this file is not subject to copyright protection and is in the public domain.</dc:rights>
    <dc:contributor>Congressional Research Service, Library of Congress</dc:contributor>
    <dc:description>This file contains bill summaries and statuses for federal legislation. A bill summary describes the most significant provisions of a piece of legislation and details the effects the legislative text may have on current law and federal programs. Bill summaries are authored by the Congressional Research Service (CRS) of the Library of Congress. As stated in Public Law 91-510 (2 USC 166 (d)(6)), one of the duties of CRS is "to prepare summaries and digests of bills and resolutions of a public general nature introduced in the Senate or House of Representatives". For more information, refer to the User Guide that accompanies this file.</dc:description>
  </dublinCore>
</billStatus>

