<?xml version="1.0" encoding="UTF-8"?>
<billStatus>
  <bill>
    <createDate>2019-01-26T05:25:10Z</createDate>
    <recordedVotes />
    <summaries>
      <billSummaries>
        <item>
          <name>Introduced in Senate</name>
          <updateDate>2019-01-25T05:00:00Z</updateDate>
          <versionCode>00</versionCode>
          <text><![CDATA[<p>This resolution honors the service, and mourns the death, of Harris L. Wofford, Jr., formerly a Senator from Pennsylvania.</p>]]></text>
          <lastSummaryUpdateDate>2019-04-11T19:42:03Z</lastSummaryUpdateDate>
          <actionDesc>Introduced in Senate</actionDesc>
          <actionDate>2019-01-25</actionDate>
        </item>
        <item>
          <name>Passed Senate</name>
          <updateDate>2019-01-25T17:55:22Z</updateDate>
          <versionCode>55</versionCode>
          <text><![CDATA[<p>This resolution honors the service, and mourns the death, of Harris L. Wofford, Jr., formerly a Senator from Pennsylvania.</p>]]></text>
          <lastSummaryUpdateDate>2019-04-12T21:06:53Z</lastSummaryUpdateDate>
          <actionDesc>Passed Senate</actionDesc>
          <actionDate>2019-01-25</actionDate>
        </item>
      </billSummaries>
    </summaries>
    <relatedBills />
    <sponsors>
      <item>
        <party>D</party>
        <fullName>Sen. Casey, Robert P., Jr. [D-PA]</fullName>
        <firstName>Bob</firstName>
        <byRequestType />
        <identifiers>
          <bioguideId>C001070</bioguideId>
          <gpoId>8282</gpoId>
          <lisID>1828</lisID>
        </identifiers>
        <bioguideId>C001070</bioguideId>
        <lastName>Casey</lastName>
        <middleName />
        <state>PA</state>
      </item>
    </sponsors>
    <cboCostEstimates />
    <titles>
      <item>
        <title>A resolution honoring the life of Harris L. Wofford, Jr.</title>
        <parentTitleType />
        <chamberCode />
        <chamberName />
        <titleType>Official Title as Introduced</titleType>
      </item>
      <item>
        <title>A resolution honoring the life of Harris L. Wofford, Jr.</title>
        <parentTitleType />
        <chamberCode />
        <chamberName />
        <titleType>Display Title</titleType>
      </item>
    </titles>
    <billNumber>31</billNumber>
    <committees>
      <billCommittees />
    </committees>
    <policyArea>
      <name>Congress</name>
    </policyArea>
    <laws />
    <title>A resolution honoring the life of Harris L. Wofford, Jr.</title>
    <subjects>
      <billSubjects>
        <legislativeSubjects>
          <item>
            <name>Congressional tributes</name>
          </item>
          <item>
            <name>Members of Congress</name>
          </item>
          <item>
            <name>Pennsylvania</name>
          </item>
          <item>
            <name>Senate</name>
          </item>
        </legislativeSubjects>
        <policyArea>
          <name>Congress</name>
        </policyArea>
      </billSubjects>
    </subjects>
    <version>1.0.0</version>
    <introducedDate>2019-01-25</introducedDate>
    <notes />
    <textVersions>
      <item>
        <type>Agreed to Senate</type>
        <date>2019-01-25T05:00:00Z</date>
        <formats>
          <item>
            <url>https://www.govinfo.gov/content/pkg/BILLS-116sres31ats/xml/BILLS-116sres31ats.xml</url>
          </item>
        </formats>
      </item>
    </textVersions>
    <calendarNumbers />
    <updateDate>2019-08-03T07:56:09Z</updateDate>
    <committeeReports />
    <latestAction>
      <actionDate>2019-01-25</actionDate>
      <text>Submitted in the Senate, considered, and agreed to without amendment and with a preamble by Unanimous Consent. (consideration: CR S684; text: CR S682)</text>
      <links />
    </latestAction>
    <cosponsors>
      <item>
        <middleName />
        <lastName>Toomey</lastName>
        <bioguideId>T000461</bioguideId>
        <sponsorshipDate>2019-01-25</sponsorshipDate>
        <sponsorshipWithdrawnDate />
        <firstName>Pat</firstName>
        <party>R</party>
        <isOriginalCosponsor>True</isOriginalCosponsor>
        <fullName>Sen. Toomey, Pat [R-PA]</fullName>
        <identifiers>
          <bioguideId>T000461</bioguideId>
          <gpoId />
          <lisID>1594</lisID>
        </identifiers>
        <state>PA</state>
      </item>
    </cosponsors>
    <amendments />
    <actions>
      <actionByCounts>
        <senate>3</senate>
      </actionByCounts>
      <actionTypeCounts>
        <passedOrAgreedToInSenateDayOf>1</passedOrAgreedToInSenateDayOf>
        <passedAgreedToInSenate>1</passedAgreedToInSenate>
        <introducedInSenate>1</introducedInSenate>
      </actionTypeCounts>
      <item>
        <actionDate>2019-01-25</actionDate>
        <committee />
        <links>
          <link>
            <name>S682</name>
            <url>https://www.congress.gov/congressional-record/volume-165/senate-section/page/S682</url>
          </link>
          <link>
            <name>S684</name>
            <url>https://www.congress.gov/congressional-record/volume-165/senate-section/page/S684</url>
          </link>
        </links>
        <sourceSystem>
          <code>0</code>
          <name>Senate</name>
        </sourceSystem>
        <text>Submitted in the Senate, considered, and agreed to without amendment and with a preamble by Unanimous Consent. (consideration: CR S684; text: CR S682)</text>
        <type>Floor</type>
      </item>
      <item>
        <text>Passed/agreed to in Senate: Submitted in the Senate, considered, and agreed to without amendment and with a preamble by Unanimous Consent.(consideration: CR S684; text: CR S682)</text>
        <actionDate>2019-01-25</actionDate>
        <links>
          <link>
            <name>S682</name>
            <url>https://www.congress.gov/congressional-record/volume-165/senate-section/page/S682</url>
          </link>
          <link>
            <name>S684</name>
            <url>https://www.congress.gov/congressional-record/volume-165/senate-section/page/S684</url>
          </link>
        </links>
        <sourceSystem>
          <code>9</code>
          <name>Library of Congress</name>
        </sourceSystem>
        <type>Floor</type>
        <actionCode>17000</actionCode>
        <committee />
      </item>
      <item>
        <text>Introduced in Senate</text>
        <actionDate>2019-01-25</actionDate>
        <links />
        <sourceSystem>
          <code>9</code>
          <name>Library of Congress</name>
        </sourceSystem>
        <type>IntroReferral</type>
        <actionCode>10000</actionCode>
        <committee />
      </item>
    </actions>
    <billType>SRES</billType>
    <congress>116</congress>
    <originChamber>Senate</originChamber>
  </bill>
  <dublinCore xmlns:dc="http://purl.org/dc/elements/1.1/">
    <dc:format>text/xml</dc:format>
    <dc:language>EN</dc:language>
    <dc:rights>Pursuant to Title 17 Section 105 of the United States Code, this file is not subject to copyright protection and is in the public domain.</dc:rights>
    <dc:contributor>Congressional Research Service, Library of Congress</dc:contributor>
    <dc:description>This file contains bill summaries and statuses for federal legislation. A bill summary describes the most significant provisions of a piece of legislation and details the effects the legislative text may have on current law and federal programs. Bill summaries are authored by the Congressional Research Service (CRS) of the Library of Congress. As stated in Public Law 91-510 (2 USC 166 (d)(6)), one of the duties of CRS is "to prepare summaries and digests of bills and resolutions of a public general nature introduced in the Senate or House of Representatives". For more information, refer to the User Guide that accompanies this file.</dc:description>
  </dublinCore>
</billStatus>

