<?xml version="1.0" encoding="UTF-8"?>
<billStatus>
  <bill>
    <cosponsors>
      <item>
        <firstName>Kirsten</firstName>
        <middleName>E.</middleName>
        <bioguideId>G000555</bioguideId>
        <party>D</party>
        <lastName>Gillibrand</lastName>
        <state>NY</state>
        <sponsorshipDate>2019-06-19</sponsorshipDate>
        <fullName>Sen. Gillibrand, Kirsten E. [D-NY]</fullName>
        <isOriginalCosponsor>True</isOriginalCosponsor>
        <sponsorshipWithdrawnDate />
        <identifiers>
          <bioguideId>G000555</bioguideId>
          <lisID>1866</lisID>
          <gpoId>8336</gpoId>
        </identifiers>
      </item>
      <item>
        <firstName>ROGER</firstName>
        <middleName>F.</middleName>
        <bioguideId>W000437</bioguideId>
        <party>R</party>
        <lastName>WICKER</lastName>
        <state>MS</state>
        <sponsorshipDate>2019-06-19</sponsorshipDate>
        <fullName>Sen. Wicker, Roger F. [R-MS]</fullName>
        <isOriginalCosponsor>True</isOriginalCosponsor>
        <sponsorshipWithdrawnDate />
        <identifiers>
          <bioguideId>W000437</bioguideId>
          <gpoId>8263</gpoId>
          <lisID>1226</lisID>
        </identifiers>
      </item>
      <item>
        <firstName>Jacklyn</firstName>
        <middleName />
        <bioguideId>R000608</bioguideId>
        <party>D</party>
        <lastName>Rosen</lastName>
        <state>NV</state>
        <sponsorshipDate>2019-06-19</sponsorshipDate>
        <fullName>Sen. Rosen, Jacky [D-NV]</fullName>
        <isOriginalCosponsor>True</isOriginalCosponsor>
        <sponsorshipWithdrawnDate />
        <identifiers>
          <lisID>2339</lisID>
          <bioguideId>R000608</bioguideId>
          <gpoId />
        </identifiers>
      </item>
      <item>
        <firstName>Marsha</firstName>
        <middleName />
        <bioguideId>B001243</bioguideId>
        <party>R</party>
        <lastName>Blackburn</lastName>
        <state>TN</state>
        <sponsorshipDate>2019-06-19</sponsorshipDate>
        <fullName>Sen. Blackburn, Marsha [R-TN]</fullName>
        <isOriginalCosponsor>True</isOriginalCosponsor>
        <sponsorshipWithdrawnDate />
        <identifiers>
          <bioguideId>B001243</bioguideId>
          <lisID>1748</lisID>
          <gpoId>8154</gpoId>
        </identifiers>
      </item>
      <item>
        <firstName>Roy</firstName>
        <middleName />
        <bioguideId>B000575</bioguideId>
        <party>R</party>
        <lastName>Blunt</lastName>
        <state>MO</state>
        <sponsorshipDate>2019-06-19</sponsorshipDate>
        <fullName>Sen. Blunt, Roy [R-MO]</fullName>
        <isOriginalCosponsor>True</isOriginalCosponsor>
        <sponsorshipWithdrawnDate />
        <identifiers>
          <lisID>1464</lisID>
          <gpoId>8313</gpoId>
          <bioguideId>B000575</bioguideId>
        </identifiers>
      </item>
      <item>
        <firstName>John</firstName>
        <middleName />
        <bioguideId>B001236</bioguideId>
        <party>R</party>
        <lastName>Boozman</lastName>
        <state>AR</state>
        <sponsorshipDate>2019-06-19</sponsorshipDate>
        <fullName>Sen. Boozman, John [R-AR]</fullName>
        <isOriginalCosponsor>True</isOriginalCosponsor>
        <sponsorshipWithdrawnDate />
        <identifiers>
          <bioguideId>B001236</bioguideId>
          <gpoId>8247</gpoId>
          <lisID>1687</lisID>
        </identifiers>
      </item>
      <item>
        <firstName>Mike</firstName>
        <middleName />
        <bioguideId>B001310</bioguideId>
        <party>R</party>
        <lastName>Braun</lastName>
        <state>IN</state>
        <sponsorshipDate>2019-06-19</sponsorshipDate>
        <fullName>Sen. Braun, Mike  [R-IN]</fullName>
        <isOriginalCosponsor>True</isOriginalCosponsor>
        <sponsorshipWithdrawnDate />
        <identifiers>
          <bioguideId>B001310</bioguideId>
          <gpoId />
          <lisID>2462</lisID>
        </identifiers>
      </item>
      <item>
        <firstName>RICHARD</firstName>
        <middleName />
        <bioguideId>B001135</bioguideId>
        <party>R</party>
        <lastName>BURR</lastName>
        <state>NC</state>
        <sponsorshipDate>2019-06-19</sponsorshipDate>
        <fullName>Sen. Burr, Richard [R-NC]</fullName>
        <isOriginalCosponsor>True</isOriginalCosponsor>
        <sponsorshipWithdrawnDate />
        <identifiers>
          <bioguideId>B001135</bioguideId>
          <gpoId>8286</gpoId>
          <lisID>153</lisID>
        </identifiers>
      </item>
      <item>
        <firstName>Bill</firstName>
        <middleName />
        <bioguideId>C001075</bioguideId>
        <party>R</party>
        <lastName>Cassidy</lastName>
        <state>LA</state>
        <sponsorshipDate>2019-06-19</sponsorshipDate>
        <fullName>Sen. Cassidy, Bill [R-LA]</fullName>
        <isOriginalCosponsor>True</isOriginalCosponsor>
        <sponsorshipWithdrawnDate />
        <identifiers>
          <bioguideId>C001075</bioguideId>
          <lisID>1925</lisID>
          <gpoId>7964</gpoId>
        </identifiers>
      </item>
      <item>
        <firstName>SUSAN</firstName>
        <middleName>MARGARET</middleName>
        <bioguideId>C001035</bioguideId>
        <party>R</party>
        <lastName>COLLINS</lastName>
        <state>ME</state>
        <sponsorshipDate>2019-06-19</sponsorshipDate>
        <fullName>Sen. Collins, Susan M. [R-ME]</fullName>
        <isOriginalCosponsor>True</isOriginalCosponsor>
        <sponsorshipWithdrawnDate />
        <identifiers>
          <bioguideId>C001035</bioguideId>
          <lisID>1541</lisID>
          <gpoId>8291</gpoId>
        </identifiers>
      </item>
      <item>
        <firstName>Kevin</firstName>
        <middleName />
        <bioguideId>C001096</bioguideId>
        <party>R</party>
        <lastName>Cramer</lastName>
        <state>ND</state>
        <sponsorshipDate>2019-06-19</sponsorshipDate>
        <fullName>Sen. Cramer, Kevin [R-ND]</fullName>
        <isOriginalCosponsor>True</isOriginalCosponsor>
        <sponsorshipWithdrawnDate />
        <identifiers>
          <bioguideId>C001096</bioguideId>
          <lisID>2144</lisID>
          <gpoId />
        </identifiers>
      </item>
      <item>
        <firstName>Deb</firstName>
        <middleName />
        <bioguideId>F000463</bioguideId>
        <party>R</party>
        <lastName>Fischer</lastName>
        <state>NE</state>
        <sponsorshipDate>2019-06-19</sponsorshipDate>
        <fullName>Sen. Fischer, Deb [R-NE]</fullName>
        <isOriginalCosponsor>True</isOriginalCosponsor>
        <sponsorshipWithdrawnDate />
        <identifiers>
          <bioguideId>F000463</bioguideId>
          <gpoId />
          <lisID>2179</lisID>
        </identifiers>
      </item>
      <item>
        <firstName>CHARLES</firstName>
        <middleName>ERNEST</middleName>
        <bioguideId>G000386</bioguideId>
        <party>R</party>
        <lastName>GRASSLEY</lastName>
        <state>IA</state>
        <sponsorshipDate>2019-06-19</sponsorshipDate>
        <fullName>Sen. Grassley, Chuck [R-IA]</fullName>
        <isOriginalCosponsor>True</isOriginalCosponsor>
        <sponsorshipWithdrawnDate />
        <identifiers>
          <bioguideId>G000386</bioguideId>
          <lisID>457</lisID>
          <gpoId>8316</gpoId>
        </identifiers>
      </item>
      <item>
        <firstName>Josh</firstName>
        <middleName />
        <bioguideId>H001089</bioguideId>
        <party>R</party>
        <lastName>Hawley</lastName>
        <state>MO</state>
        <sponsorshipDate>2019-06-19</sponsorshipDate>
        <fullName>Sen. Hawley, Josh  [R-MO]</fullName>
        <isOriginalCosponsor>True</isOriginalCosponsor>
        <sponsorshipWithdrawnDate />
        <identifiers>
          <bioguideId>H001089</bioguideId>
          <lisID>2464</lisID>
          <gpoId />
        </identifiers>
      </item>
      <item>
        <firstName>Johnny</firstName>
        <middleName />
        <bioguideId>I000055</bioguideId>
        <party>R</party>
        <lastName>Isakson</lastName>
        <state>GA</state>
        <sponsorshipDate>2019-06-19</sponsorshipDate>
        <fullName>Sen. Isakson, Johnny [R-GA]</fullName>
        <isOriginalCosponsor>True</isOriginalCosponsor>
        <sponsorshipWithdrawnDate />
        <identifiers>
          <lisID>1608</lisID>
          <gpoId>8323</gpoId>
          <bioguideId>I000055</bioguideId>
        </identifiers>
      </item>
      <item>
        <firstName>James</firstName>
        <middleName />
        <bioguideId>L000575</bioguideId>
        <party>R</party>
        <lastName>Lankford</lastName>
        <state>OK</state>
        <sponsorshipDate>2019-06-19</sponsorshipDate>
        <fullName>Sen. Lankford, James [R-OK]</fullName>
        <isOriginalCosponsor>True</isOriginalCosponsor>
        <sponsorshipWithdrawnDate />
        <identifiers>
          <lisID>2050</lisID>
          <bioguideId>L000575</bioguideId>
          <gpoId>8113</gpoId>
        </identifiers>
      </item>
      <item>
        <firstName>Mike</firstName>
        <middleName />
        <bioguideId>L000577</bioguideId>
        <party>R</party>
        <lastName>Lee</lastName>
        <state>UT</state>
        <sponsorshipDate>2019-06-19</sponsorshipDate>
        <fullName>Sen. Lee, Mike [R-UT]</fullName>
        <isOriginalCosponsor>True</isOriginalCosponsor>
        <sponsorshipWithdrawnDate />
        <identifiers>
          <lisID>2080</lisID>
          <bioguideId>L000577</bioguideId>
          <gpoId>8303</gpoId>
        </identifiers>
      </item>
      <item>
        <firstName>Martha</firstName>
        <middleName />
        <bioguideId>M001197</bioguideId>
        <party>R</party>
        <lastName>McSally</lastName>
        <state>AZ</state>
        <sponsorshipDate>2019-06-19</sponsorshipDate>
        <fullName>Sen. McSally, Martha [R-AZ]</fullName>
        <isOriginalCosponsor>True</isOriginalCosponsor>
        <sponsorshipWithdrawnDate />
        <identifiers>
          <bioguideId>M001197</bioguideId>
          <gpoId />
          <lisID>2225</lisID>
        </identifiers>
      </item>
      <item>
        <firstName>Jerry</firstName>
        <middleName />
        <bioguideId>M000934</bioguideId>
        <party>R</party>
        <lastName>Moran</lastName>
        <state>KS</state>
        <sponsorshipDate>2019-06-19</sponsorshipDate>
        <fullName>Sen. Moran, Jerry [R-KS]</fullName>
        <isOriginalCosponsor>True</isOriginalCosponsor>
        <sponsorshipWithdrawnDate />
        <identifiers>
          <bioguideId>M000934</bioguideId>
          <lisID>1507</lisID>
          <gpoId>8307</gpoId>
        </identifiers>
      </item>
      <item>
        <firstName>Rand</firstName>
        <middleName />
        <bioguideId>P000603</bioguideId>
        <party>R</party>
        <lastName>Paul</lastName>
        <state>KY</state>
        <sponsorshipDate>2019-06-19</sponsorshipDate>
        <fullName>Sen. Paul, Rand [R-KY]</fullName>
        <isOriginalCosponsor>True</isOriginalCosponsor>
        <sponsorshipWithdrawnDate />
        <identifiers>
          <lisID>2082</lisID>
          <bioguideId>P000603</bioguideId>
          <gpoId>8308</gpoId>
        </identifiers>
      </item>
      <item>
        <firstName>David</firstName>
        <middleName>Alfred</middleName>
        <bioguideId>P000612</bioguideId>
        <party>R</party>
        <lastName>Perdue</lastName>
        <state>GA</state>
        <sponsorshipDate>2019-06-19</sponsorshipDate>
        <fullName>Sen. Perdue, David [R-GA]</fullName>
        <isOriginalCosponsor>True</isOriginalCosponsor>
        <sponsorshipWithdrawnDate />
        <identifiers>
          <bioguideId>P000612</bioguideId>
          <gpoId />
          <lisID>2286</lisID>
        </identifiers>
      </item>
      <item>
        <firstName>ROB</firstName>
        <middleName />
        <bioguideId>P000449</bioguideId>
        <party>R</party>
        <lastName>PORTMAN</lastName>
        <state>OH</state>
        <sponsorshipDate>2019-06-19</sponsorshipDate>
        <fullName>Sen. Portman, Rob [R-OH]</fullName>
        <isOriginalCosponsor>True</isOriginalCosponsor>
        <sponsorshipWithdrawnDate />
        <identifiers>
          <bioguideId>P000449</bioguideId>
          <lisID>924</lisID>
          <gpoId>8266</gpoId>
        </identifiers>
      </item>
      <item>
        <firstName>James</firstName>
        <middleName>E.</middleName>
        <bioguideId>R000584</bioguideId>
        <party>R</party>
        <lastName>Risch</lastName>
        <state>ID</state>
        <sponsorshipDate>2019-06-19</sponsorshipDate>
        <fullName>Sen. Risch, James E. [R-ID]</fullName>
        <isOriginalCosponsor>True</isOriginalCosponsor>
        <sponsorshipWithdrawnDate />
        <identifiers>
          <bioguideId>R000584</bioguideId>
          <lisID>1896</lisID>
          <gpoId>8274</gpoId>
        </identifiers>
      </item>
      <item>
        <firstName>Marco</firstName>
        <middleName />
        <bioguideId>R000595</bioguideId>
        <party>R</party>
        <lastName>Rubio</lastName>
        <state>FL</state>
        <sponsorshipDate>2019-06-19</sponsorshipDate>
        <fullName>Sen. Rubio, Marco [R-FL]</fullName>
        <isOriginalCosponsor>True</isOriginalCosponsor>
        <sponsorshipWithdrawnDate />
        <identifiers>
          <lisID>2084</lisID>
          <gpoId>8242</gpoId>
          <bioguideId>R000595</bioguideId>
        </identifiers>
      </item>
      <item>
        <firstName>Tim</firstName>
        <middleName />
        <bioguideId>S001184</bioguideId>
        <party>R</party>
        <lastName>Scott</lastName>
        <state>SC</state>
        <sponsorshipDate>2019-06-19</sponsorshipDate>
        <fullName>Sen. Scott, Tim [R-SC]</fullName>
        <isOriginalCosponsor>True</isOriginalCosponsor>
        <sponsorshipWithdrawnDate />
        <identifiers>
          <bioguideId>S001184</bioguideId>
          <lisID>2056</lisID>
          <gpoId>8141</gpoId>
        </identifiers>
      </item>
      <item>
        <firstName>Thomas</firstName>
        <middleName>Roland</middleName>
        <bioguideId>T000476</bioguideId>
        <party>R</party>
        <lastName>Tillis</lastName>
        <state>NC</state>
        <sponsorshipDate>2019-06-19</sponsorshipDate>
        <fullName>Sen. Tillis, Thom [R-NC]</fullName>
        <isOriginalCosponsor>True</isOriginalCosponsor>
        <sponsorshipWithdrawnDate />
        <identifiers>
          <lisID>2291</lisID>
          <bioguideId>T000476</bioguideId>
          <gpoId />
        </identifiers>
      </item>
      <item>
        <firstName>Todd</firstName>
        <middleName />
        <bioguideId>Y000064</bioguideId>
        <party>R</party>
        <lastName>Young</lastName>
        <state>IN</state>
        <sponsorshipDate>2019-06-19</sponsorshipDate>
        <fullName>Sen. Young, Todd [R-IN]</fullName>
        <isOriginalCosponsor>True</isOriginalCosponsor>
        <sponsorshipWithdrawnDate />
        <identifiers>
          <bioguideId>Y000064</bioguideId>
          <lisID>2019</lisID>
          <gpoId>7948</gpoId>
        </identifiers>
      </item>
      <item>
        <firstName>Richard</firstName>
        <middleName />
        <bioguideId>B001277</bioguideId>
        <party>D</party>
        <lastName>Blumenthal</lastName>
        <state>CT</state>
        <sponsorshipDate>2019-06-19</sponsorshipDate>
        <fullName>Sen. Blumenthal, Richard [D-CT]</fullName>
        <isOriginalCosponsor>True</isOriginalCosponsor>
        <sponsorshipWithdrawnDate />
        <identifiers>
          <lisID>2076</lisID>
          <gpoId>8332</gpoId>
          <bioguideId>B001277</bioguideId>
        </identifiers>
      </item>
      <item>
        <firstName>Sherrod</firstName>
        <middleName />
        <bioguideId>B000944</bioguideId>
        <party>D</party>
        <lastName>Brown</lastName>
        <state>OH</state>
        <sponsorshipDate>2019-06-19</sponsorshipDate>
        <fullName>Sen. Brown, Sherrod [D-OH]</fullName>
        <isOriginalCosponsor>True</isOriginalCosponsor>
        <sponsorshipWithdrawnDate />
        <identifiers>
          <lisID>136</lisID>
          <bioguideId>B000944</bioguideId>
          <gpoId>8309</gpoId>
        </identifiers>
      </item>
      <item>
        <firstName>THOMAS</firstName>
        <middleName>R.</middleName>
        <bioguideId>C000174</bioguideId>
        <party>D</party>
        <lastName>CARPER</lastName>
        <state>DE</state>
        <sponsorshipDate>2019-06-19</sponsorshipDate>
        <fullName>Sen. Carper, Thomas R. [D-DE]</fullName>
        <isOriginalCosponsor>True</isOriginalCosponsor>
        <sponsorshipWithdrawnDate />
        <identifiers>
          <lisID>179</lisID>
          <gpoId>8283</gpoId>
          <bioguideId>C000174</bioguideId>
        </identifiers>
      </item>
      <item>
        <firstName>Christopher</firstName>
        <middleName>A.</middleName>
        <bioguideId>C001088</bioguideId>
        <party>D</party>
        <lastName>Coons</lastName>
        <state>DE</state>
        <sponsorshipDate>2019-06-19</sponsorshipDate>
        <fullName>Sen. Coons, Christopher A. [D-DE]</fullName>
        <isOriginalCosponsor>True</isOriginalCosponsor>
        <sponsorshipWithdrawnDate />
        <identifiers>
          <lisID>1984</lisID>
          <gpoId>8297</gpoId>
          <bioguideId>C001088</bioguideId>
        </identifiers>
      </item>
      <item>
        <firstName>Catherine</firstName>
        <middleName />
        <bioguideId>C001113</bioguideId>
        <party>D</party>
        <lastName>Cortez Masto</lastName>
        <state>NV</state>
        <sponsorshipDate>2019-06-19</sponsorshipDate>
        <fullName>Sen. Cortez Masto, Catherine  [D-NV]</fullName>
        <isOriginalCosponsor>True</isOriginalCosponsor>
        <sponsorshipWithdrawnDate />
        <identifiers>
          <bioguideId>C001113</bioguideId>
          <lisID>2299</lisID>
          <gpoId />
        </identifiers>
      </item>
      <item>
        <firstName>Tammy</firstName>
        <middleName />
        <bioguideId>D000622</bioguideId>
        <party>D</party>
        <lastName>Duckworth</lastName>
        <state>IL</state>
        <sponsorshipDate>2019-06-19</sponsorshipDate>
        <fullName>Sen. Duckworth, Tammy [D-IL]</fullName>
        <isOriginalCosponsor>True</isOriginalCosponsor>
        <sponsorshipWithdrawnDate />
        <identifiers>
          <lisID>2123</lisID>
          <bioguideId>D000622</bioguideId>
          <gpoId />
        </identifiers>
      </item>
      <item>
        <firstName>RICHARD</firstName>
        <middleName>J.</middleName>
        <bioguideId>D000563</bioguideId>
        <party>D</party>
        <lastName>DURBIN</lastName>
        <state>IL</state>
        <sponsorshipDate>2019-06-19</sponsorshipDate>
        <fullName>Sen. Durbin, Richard J. [D-IL]</fullName>
        <isOriginalCosponsor>True</isOriginalCosponsor>
        <sponsorshipWithdrawnDate />
        <identifiers>
          <bioguideId>D000563</bioguideId>
          <gpoId>8326</gpoId>
          <lisID>326</lisID>
        </identifiers>
      </item>
      <item>
        <firstName>DIANNE</firstName>
        <middleName />
        <bioguideId>F000062</bioguideId>
        <party>D</party>
        <lastName>FEINSTEIN</lastName>
        <state>CA</state>
        <sponsorshipDate>2019-06-19</sponsorshipDate>
        <fullName>Sen. Feinstein, Dianne [D-CA]</fullName>
        <isOriginalCosponsor>True</isOriginalCosponsor>
        <sponsorshipWithdrawnDate />
        <identifiers>
          <bioguideId>F000062</bioguideId>
          <lisID>1332</lisID>
          <gpoId>8338</gpoId>
        </identifiers>
      </item>
      <item>
        <firstName>Kamala</firstName>
        <middleName>D.</middleName>
        <bioguideId>H001075</bioguideId>
        <party>D</party>
        <lastName>Harris</lastName>
        <state>CA</state>
        <sponsorshipDate>2019-06-19</sponsorshipDate>
        <fullName>Sen. Harris, Kamala D. [D-CA]</fullName>
        <isOriginalCosponsor>True</isOriginalCosponsor>
        <sponsorshipWithdrawnDate />
        <identifiers>
          <bioguideId>H001075</bioguideId>
          <lisID>2301</lisID>
          <gpoId />
        </identifiers>
      </item>
      <item>
        <firstName>Mazie</firstName>
        <middleName>K.</middleName>
        <bioguideId>H001042</bioguideId>
        <party>D</party>
        <lastName>Hirono</lastName>
        <state>HI</state>
        <sponsorshipDate>2019-06-19</sponsorshipDate>
        <fullName>Sen. Hirono, Mazie K. [D-HI]</fullName>
        <isOriginalCosponsor>True</isOriginalCosponsor>
        <sponsorshipWithdrawnDate />
        <identifiers>
          <bioguideId>H001042</bioguideId>
          <gpoId>7913</gpoId>
          <lisID>1844</lisID>
        </identifiers>
      </item>
      <item>
        <firstName>Doug</firstName>
        <middleName />
        <bioguideId>J000300</bioguideId>
        <party>D</party>
        <lastName>Jones</lastName>
        <state>AL</state>
        <sponsorshipDate>2019-06-19</sponsorshipDate>
        <fullName>Sen. Jones, Doug  [D-AL]</fullName>
        <isOriginalCosponsor>True</isOriginalCosponsor>
        <sponsorshipWithdrawnDate />
        <identifiers>
          <bioguideId>J000300</bioguideId>
          <lisID>2364</lisID>
          <gpoId />
        </identifiers>
      </item>
      <item>
        <firstName>Timothy</firstName>
        <middleName />
        <bioguideId>K000384</bioguideId>
        <party>D</party>
        <lastName>Kaine</lastName>
        <state>VA</state>
        <sponsorshipDate>2019-06-19</sponsorshipDate>
        <fullName>Sen. Kaine, Tim [D-VA]</fullName>
        <isOriginalCosponsor>True</isOriginalCosponsor>
        <sponsorshipWithdrawnDate />
        <identifiers>
          <bioguideId>K000384</bioguideId>
          <lisID>2176</lisID>
          <gpoId />
        </identifiers>
      </item>
      <item>
        <firstName>Angus</firstName>
        <middleName />
        <bioguideId>K000383</bioguideId>
        <party>I</party>
        <lastName>King</lastName>
        <state>ME</state>
        <sponsorshipDate>2019-06-19</sponsorshipDate>
        <fullName>Sen. King, Angus S., Jr. [I-ME]</fullName>
        <isOriginalCosponsor>True</isOriginalCosponsor>
        <sponsorshipWithdrawnDate />
        <identifiers>
          <bioguideId>K000383</bioguideId>
          <lisID>2185</lisID>
          <gpoId />
        </identifiers>
      </item>
      <item>
        <firstName>Amy</firstName>
        <middleName />
        <bioguideId>K000367</bioguideId>
        <party>D</party>
        <lastName>Klobuchar</lastName>
        <state>MN</state>
        <sponsorshipDate>2019-06-19</sponsorshipDate>
        <fullName>Sen. Klobuchar, Amy [D-MN]</fullName>
        <isOriginalCosponsor>True</isOriginalCosponsor>
        <sponsorshipWithdrawnDate />
        <identifiers>
          <bioguideId>K000367</bioguideId>
          <lisID>1826</lisID>
          <gpoId>8249</gpoId>
        </identifiers>
      </item>
      <item>
        <firstName>EDWARD</firstName>
        <middleName>J.</middleName>
        <bioguideId>M000133</bioguideId>
        <party>D</party>
        <lastName>MARKEY</lastName>
        <state>MA</state>
        <sponsorshipDate>2019-06-19</sponsorshipDate>
        <fullName>Sen. Markey, Edward J. [D-MA]</fullName>
        <isOriginalCosponsor>True</isOriginalCosponsor>
        <sponsorshipWithdrawnDate />
        <identifiers>
          <bioguideId>M000133</bioguideId>
          <gpoId>7972</gpoId>
          <lisID>735</lisID>
        </identifiers>
      </item>
      <item>
        <firstName>Robert</firstName>
        <middleName />
        <bioguideId>M000639</bioguideId>
        <party>D</party>
        <lastName>Menendez</lastName>
        <state>NJ</state>
        <sponsorshipDate>2019-06-19</sponsorshipDate>
        <fullName>Sen. Menendez, Robert [D-NJ]</fullName>
        <isOriginalCosponsor>True</isOriginalCosponsor>
        <sponsorshipWithdrawnDate />
        <identifiers>
          <lisID>791</lisID>
          <bioguideId>M000639</bioguideId>
          <gpoId>8239</gpoId>
        </identifiers>
      </item>
      <item>
        <firstName>Christopher</firstName>
        <middleName />
        <bioguideId>M001169</bioguideId>
        <party>D</party>
        <lastName>Murphy</lastName>
        <state>CT</state>
        <sponsorshipDate>2019-06-19</sponsorshipDate>
        <fullName>Sen. Murphy, Christopher [D-CT]</fullName>
        <isOriginalCosponsor>True</isOriginalCosponsor>
        <sponsorshipWithdrawnDate />
        <identifiers>
          <bioguideId>M001169</bioguideId>
          <lisID>1837</lisID>
          <gpoId>7870</gpoId>
        </identifiers>
      </item>
      <item>
        <firstName>PATTY</firstName>
        <middleName />
        <bioguideId>M001111</bioguideId>
        <party>D</party>
        <lastName>MURRAY</lastName>
        <state>WA</state>
        <sponsorshipDate>2019-06-19</sponsorshipDate>
        <fullName>Sen. Murray, Patty [D-WA]</fullName>
        <isOriginalCosponsor>True</isOriginalCosponsor>
        <sponsorshipWithdrawnDate />
        <identifiers>
          <bioguideId>M001111</bioguideId>
          <lisID>1409</lisID>
          <gpoId>8237</gpoId>
        </identifiers>
      </item>
      <item>
        <firstName>Gary</firstName>
        <middleName>C.</middleName>
        <bioguideId>P000595</bioguideId>
        <party>D</party>
        <lastName>Peters</lastName>
        <state>MI</state>
        <sponsorshipDate>2019-06-19</sponsorshipDate>
        <fullName>Sen. Peters, Gary C. [D-MI]</fullName>
        <isOriginalCosponsor>True</isOriginalCosponsor>
        <sponsorshipWithdrawnDate />
        <identifiers>
          <lisID>1929</lisID>
          <bioguideId>P000595</bioguideId>
          <gpoId>7994</gpoId>
        </identifiers>
      </item>
      <item>
        <firstName>Tina</firstName>
        <middleName />
        <bioguideId>S001203</bioguideId>
        <party>D</party>
        <lastName>Smith</lastName>
        <state>MN</state>
        <sponsorshipDate>2019-06-19</sponsorshipDate>
        <fullName>Sen. Smith, Tina  [D-MN]</fullName>
        <isOriginalCosponsor>True</isOriginalCosponsor>
        <sponsorshipWithdrawnDate />
        <identifiers>
          <lisID>2365</lisID>
          <gpoId />
          <bioguideId>S001203</bioguideId>
        </identifiers>
      </item>
      <item>
        <firstName>DEBORAH</firstName>
        <middleName>ANN</middleName>
        <bioguideId>S000770</bioguideId>
        <party>D</party>
        <lastName>STABENOW</lastName>
        <state>MI</state>
        <sponsorshipDate>2019-06-19</sponsorshipDate>
        <fullName>Sen. Stabenow, Debbie [D-MI]</fullName>
        <isOriginalCosponsor>True</isOriginalCosponsor>
        <sponsorshipWithdrawnDate />
        <identifiers>
          <lisID>1531</lisID>
          <gpoId>8261</gpoId>
          <bioguideId>S000770</bioguideId>
        </identifiers>
      </item>
      <item>
        <firstName>Chris</firstName>
        <middleName />
        <bioguideId>V000128</bioguideId>
        <party>D</party>
        <lastName>Van Hollen</lastName>
        <state>MD</state>
        <sponsorshipDate>2019-06-19</sponsorshipDate>
        <fullName>Sen. Van Hollen, Chris [D-MD]</fullName>
        <isOriginalCosponsor>True</isOriginalCosponsor>
        <sponsorshipWithdrawnDate />
        <identifiers>
          <lisID>1729</lisID>
          <gpoId>7983</gpoId>
          <bioguideId>V000128</bioguideId>
        </identifiers>
      </item>
      <item>
        <firstName>Mark</firstName>
        <middleName>R.</middleName>
        <bioguideId>W000805</bioguideId>
        <party>D</party>
        <lastName>Warner</lastName>
        <state>VA</state>
        <sponsorshipDate>2019-06-19</sponsorshipDate>
        <fullName>Sen. Warner, Mark R. [D-VA]</fullName>
        <isOriginalCosponsor>True</isOriginalCosponsor>
        <sponsorshipWithdrawnDate />
        <identifiers>
          <bioguideId>W000805</bioguideId>
          <lisID>1897</lisID>
          <gpoId>8269</gpoId>
        </identifiers>
      </item>
      <item>
        <firstName>Elizabeth</firstName>
        <middleName>A.</middleName>
        <bioguideId>W000817</bioguideId>
        <party>D</party>
        <lastName>Warren</lastName>
        <state>MA</state>
        <sponsorshipDate>2019-06-19</sponsorshipDate>
        <fullName>Sen. Warren, Elizabeth [D-MA]</fullName>
        <isOriginalCosponsor>True</isOriginalCosponsor>
        <sponsorshipWithdrawnDate />
        <identifiers>
          <lisID>2182</lisID>
          <bioguideId>W000817</bioguideId>
          <gpoId />
        </identifiers>
      </item>
      <item>
        <firstName>Sheldon</firstName>
        <middleName />
        <bioguideId>W000802</bioguideId>
        <party>D</party>
        <lastName>Whitehouse</lastName>
        <state>RI</state>
        <sponsorshipDate>2019-06-19</sponsorshipDate>
        <fullName>Sen. Whitehouse, Sheldon [D-RI]</fullName>
        <isOriginalCosponsor>True</isOriginalCosponsor>
        <sponsorshipWithdrawnDate />
        <identifiers>
          <lisID>1823</lisID>
          <bioguideId>W000802</bioguideId>
          <gpoId>8264</gpoId>
        </identifiers>
      </item>
      <item>
        <firstName>RON</firstName>
        <middleName />
        <bioguideId>W000779</bioguideId>
        <party>D</party>
        <lastName>WYDEN</lastName>
        <state>OR</state>
        <sponsorshipDate>2019-06-19</sponsorshipDate>
        <fullName>Sen. Wyden, Ron [D-OR]</fullName>
        <isOriginalCosponsor>True</isOriginalCosponsor>
        <sponsorshipWithdrawnDate />
        <identifiers>
          <bioguideId>W000779</bioguideId>
          <lisID>1247</lisID>
          <gpoId>8265</gpoId>
        </identifiers>
      </item>
      <item>
        <firstName>Ted</firstName>
        <middleName />
        <bioguideId>C001098</bioguideId>
        <party>R</party>
        <lastName>Cruz</lastName>
        <state>TX</state>
        <sponsorshipDate>2019-06-19</sponsorshipDate>
        <fullName>Sen. Cruz, Ted [R-TX]</fullName>
        <isOriginalCosponsor>True</isOriginalCosponsor>
        <sponsorshipWithdrawnDate />
        <identifiers>
          <bioguideId>C001098</bioguideId>
          <gpoId />
          <lisID>2175</lisID>
        </identifiers>
      </item>
      <item>
        <firstName>Tammy</firstName>
        <middleName />
        <bioguideId>B001230</bioguideId>
        <party>D</party>
        <lastName>Baldwin</lastName>
        <state>WI</state>
        <sponsorshipDate>2019-06-19</sponsorshipDate>
        <fullName>Sen. Baldwin, Tammy [D-WI]</fullName>
        <isOriginalCosponsor>True</isOriginalCosponsor>
        <sponsorshipWithdrawnDate />
        <identifiers>
          <lisID>1558</lisID>
          <gpoId>8215</gpoId>
          <bioguideId>B001230</bioguideId>
        </identifiers>
      </item>
      <item>
        <firstName>Cory</firstName>
        <middleName>A.</middleName>
        <bioguideId>B001288</bioguideId>
        <party>D</party>
        <lastName>Booker</lastName>
        <state>NJ</state>
        <sponsorshipDate>2019-06-19</sponsorshipDate>
        <fullName>Sen. Booker, Cory A. [D-NJ]</fullName>
        <isOriginalCosponsor>True</isOriginalCosponsor>
        <sponsorshipWithdrawnDate />
        <identifiers>
          <bioguideId>B001288</bioguideId>
          <lisID>2194</lisID>
          <gpoId />
        </identifiers>
      </item>
      <item>
        <firstName>JOHN</firstName>
        <middleName>F.</middleName>
        <bioguideId>R000122</bioguideId>
        <party>D</party>
        <lastName>REED</lastName>
        <state>RI</state>
        <sponsorshipDate>2019-06-19</sponsorshipDate>
        <fullName>Sen. Reed, Jack [D-RI]</fullName>
        <isOriginalCosponsor>True</isOriginalCosponsor>
        <sponsorshipWithdrawnDate />
        <identifiers>
          <bioguideId>R000122</bioguideId>
          <gpoId>8272</gpoId>
          <lisID>949</lisID>
        </identifiers>
      </item>
    </cosponsors>
    <summaries>
      <billSummaries>
        <item>
          <actionDesc>Introduced in Senate</actionDesc>
          <lastSummaryUpdateDate>2019-06-26T20:57:33Z</lastSummaryUpdateDate>
          <updateDate>2019-06-19T04:00:00Z</updateDate>
          <text><![CDATA[<p>This resolution designates June 19, 2019, as &quot;Juneteenth Independence Day&quot; to commemorate the end of slavery in the United States.]]></text>
          <versionCode>00</versionCode>
          <name>Introduced in Senate</name>
          <actionDate>2019-06-19</actionDate>
        </item>
        <item>
          <actionDesc>Passed Senate</actionDesc>
          <lastSummaryUpdateDate>2019-07-01T21:26:32Z</lastSummaryUpdateDate>
          <updateDate>2019-06-19T15:25:05Z</updateDate>
          <text><![CDATA[<p>This resolution designates June 19, 2019, as &quot;Juneteenth Independence Day&quot; to commemorate the end of slavery in the United States.</p>]]></text>
          <versionCode>55</versionCode>
          <name>Passed Senate</name>
          <actionDate>2019-06-19</actionDate>
        </item>
      </billSummaries>
    </summaries>
    <calendarNumbers />
    <billNumber>253</billNumber>
    <relatedBills>
      <item>
        <type>HRES</type>
        <latestAction>
          <actionDate>2019-06-19</actionDate>
          <text>Referred to the House Committee on Oversight and Reform.</text>
        </latestAction>
        <number>450</number>
        <latestTitle>Recognizing June 19, 2019, as this year's observance of the historical significance of Juneteenth Independence Day.</latestTitle>
        <congress>116</congress>
        <relationshipDetails>
          <item>
            <type>Related bill</type>
            <identifiedBy>CRS</identifiedBy>
          </item>
        </relationshipDetails>
      </item>
      <item>
        <type>HRES</type>
        <latestAction>
          <actionDate>2019-06-19</actionDate>
          <text>Referred to the House Committee on Oversight and Reform.</text>
        </latestAction>
        <number>448</number>
        <latestTitle>Expressing support for designation of June 19, 2019, as "Juneteenth Independence Day" in recognition of June 19, 1865, the date on which slavery legally came to an end in the United States.</latestTitle>
        <congress>116</congress>
        <relationshipDetails>
          <item>
            <type>Related bill</type>
            <identifiedBy>CRS</identifiedBy>
          </item>
        </relationshipDetails>
      </item>
    </relatedBills>
    <version>1.0.0</version>
    <committees>
      <billCommittees />
    </committees>
    <recordedVotes />
    <committeeReports />
    <congress>116</congress>
    <cboCostEstimates />
    <title>A resolution designating June 19, 2019, as "Juneteenth Independence Day" in recognition of June 19, 1865, the date on which news of the end of slavery reached the slaves in the Southwestern States.</title>
    <originChamber>Senate</originChamber>
    <createDate>2019-06-20T04:57:07Z</createDate>
    <titles>
      <item>
        <titleType>Official Title as Introduced</titleType>
        <chamberName />
        <parentTitleType />
        <chamberCode />
        <title>A resolution designating June 19, 2019, as "Juneteenth Independence Day" in recognition of June 19, 1865, the date on which news of the end of slavery reached the slaves in the Southwestern States.</title>
      </item>
      <item>
        <titleType>Display Title</titleType>
        <chamberName />
        <parentTitleType />
        <chamberCode />
        <title>A resolution designating June 19, 2019, as "Juneteenth Independence Day" in recognition of June 19, 1865, the date on which news of the end of slavery reached the slaves in the Southwestern States.</title>
      </item>
    </titles>
    <latestAction>
      <actionDate>2019-06-19</actionDate>
      <text>Submitted in the Senate, considered, and agreed to without amendment and with a preamble by Unanimous Consent. (consideration: CR S3836; text: CR S3850)</text>
      <links />
    </latestAction>
    <laws />
    <amendments />
    <billType>SRES</billType>
    <policyArea>
      <name>Civil Rights and Liberties, Minority Issues</name>
    </policyArea>
    <textVersions>
      <item>
        <date>2019-06-19T04:00:00Z</date>
        <formats>
          <item>
            <url>https://www.govinfo.gov/content/pkg/BILLS-116sres253ats/xml/BILLS-116sres253ats.xml</url>
          </item>
        </formats>
        <type>Agreed to Senate</type>
      </item>
    </textVersions>
    <notes />
    <subjects>
      <billSubjects>
        <policyArea>
          <name>Civil Rights and Liberties, Minority Issues</name>
        </policyArea>
        <legislativeSubjects>
          <item>
            <name>Commemorative events and holidays</name>
          </item>
          <item>
            <name>Racial and ethnic relations</name>
          </item>
          <item>
            <name>U.S. history</name>
          </item>
        </legislativeSubjects>
      </billSubjects>
    </subjects>
    <sponsors>
      <item>
        <state>TX</state>
        <byRequestType />
        <bioguideId>C001056</bioguideId>
        <identifiers>
          <lisID>1692</lisID>
          <bioguideId>C001056</bioguideId>
          <gpoId>8295</gpoId>
        </identifiers>
        <middleName />
        <fullName>Sen. Cornyn, John [R-TX]</fullName>
        <lastName>Cornyn</lastName>
        <firstName>John</firstName>
        <party>R</party>
      </item>
    </sponsors>
    <updateDate>2019-09-19T16:45:21Z</updateDate>
    <actions>
      <actionTypeCounts>
        <passedOrAgreedToInSenateDayOf>1</passedOrAgreedToInSenateDayOf>
        <introducedInSenate>1</introducedInSenate>
        <passedAgreedToInSenate>1</passedAgreedToInSenate>
      </actionTypeCounts>
      <actionByCounts>
        <senate>3</senate>
      </actionByCounts>
      <item>
        <actionDate>2019-06-19</actionDate>
        <committee />
        <links>
          <link>
            <url>https://www.congress.gov/congressional-record/volume-165/senate-section/page/S3836</url>
            <name>S3836</name>
          </link>
          <link>
            <url>https://www.congress.gov/congressional-record/volume-165/senate-section/page/S3850</url>
            <name>S3850</name>
          </link>
        </links>
        <sourceSystem>
          <code>0</code>
          <name>Senate</name>
        </sourceSystem>
        <text>Submitted in the Senate, considered, and agreed to without amendment and with a preamble by Unanimous Consent. (consideration: CR S3836; text: CR S3850)</text>
        <type>Floor</type>
      </item>
      <item>
        <type>Floor</type>
        <actionCode>17000</actionCode>
        <links>
          <link>
            <url>https://www.congress.gov/congressional-record/volume-165/senate-section/page/S3836</url>
            <name>S3836</name>
          </link>
          <link>
            <url>https://www.congress.gov/congressional-record/volume-165/senate-section/page/S3850</url>
            <name>S3850</name>
          </link>
        </links>
        <sourceSystem>
          <code>9</code>
          <name>Library of Congress</name>
        </sourceSystem>
        <text>Passed/agreed to in Senate: Submitted in the Senate, considered, and agreed to without amendment and with a preamble by Unanimous Consent.(consideration: CR S3836; text: CR S3850)</text>
        <committee />
        <actionDate>2019-06-19</actionDate>
      </item>
      <item>
        <type>IntroReferral</type>
        <actionCode>10000</actionCode>
        <links />
        <sourceSystem>
          <code>9</code>
          <name>Library of Congress</name>
        </sourceSystem>
        <text>Introduced in Senate</text>
        <committee />
        <actionDate>2019-06-19</actionDate>
      </item>
    </actions>
    <introducedDate>2019-06-19</introducedDate>
  </bill>
  <dublinCore xmlns:dc="http://purl.org/dc/elements/1.1/">
    <dc:format>text/xml</dc:format>
    <dc:language>EN</dc:language>
    <dc:rights>Pursuant to Title 17 Section 105 of the United States Code, this file is not subject to copyright protection and is in the public domain.</dc:rights>
    <dc:contributor>Congressional Research Service, Library of Congress</dc:contributor>
    <dc:description>This file contains bill summaries and statuses for federal legislation. A bill summary describes the most significant provisions of a piece of legislation and details the effects the legislative text may have on current law and federal programs. Bill summaries are authored by the Congressional Research Service (CRS) of the Library of Congress. As stated in Public Law 91-510 (2 USC 166 (d)(6)), one of the duties of CRS is "to prepare summaries and digests of bills and resolutions of a public general nature introduced in the Senate or House of Representatives". For more information, refer to the User Guide that accompanies this file.</dc:description>
  </dublinCore>
</billStatus>

