<?xml version="1.0" encoding="UTF-8"?>
<billStatus>
  <bill>
    <committees>
      <billCommittees />
    </committees>
    <relatedBills>
      <item>
        <relationshipDetails>
          <item>
            <type>Related bill</type>
            <identifiedBy>CRS</identifiedBy>
          </item>
        </relationshipDetails>
        <congress>116</congress>
        <latestTitle>Expressing the sense of the House of Representatives that public servants should be commended for their dedication and continued service to the United States during Public Service Recognition Week, the week of May 5 through 12, 2019.</latestTitle>
        <latestAction>
          <text>Referred to the House Committee on Oversight and Reform.</text>
          <actionDate>2019-05-02</actionDate>
        </latestAction>
        <type>HRES</type>
        <number>353</number>
      </item>
    </relatedBills>
    <createDate>2019-05-02T04:42:09Z</createDate>
    <billNumber>180</billNumber>
    <billType>SRES</billType>
    <titles>
      <item>
        <parentTitleType />
        <chamberCode />
        <titleType>Official Title as Introduced</titleType>
        <chamberName />
        <title>A resolution expressing the sense of the Senate that, during Public Service Recognition Week, public servants should be commended for their dedication and continued service to the United States.</title>
      </item>
      <item>
        <parentTitleType />
        <chamberCode />
        <titleType>Display Title</titleType>
        <chamberName />
        <title>A resolution expressing the sense of the Senate that, during Public Service Recognition Week, public servants should be commended for their dedication and continued service to the United States.</title>
      </item>
    </titles>
    <recordedVotes />
    <actions>
      <item>
        <actionDate>2019-05-01</actionDate>
        <committee />
        <links>
          <link>
            <url>https://www.congress.gov/congressional-record/volume-165/senate-section/page/S2575</url>
            <name>S2575</name>
          </link>
          <link>
            <url>https://www.congress.gov/congressional-record/volume-165/senate-section/page/S2577</url>
            <name>S2577</name>
          </link>
        </links>
        <sourceSystem>
          <name>Senate</name>
          <code>0</code>
        </sourceSystem>
        <text>Submitted in the Senate, considered, and agreed to without amendment and with a preamble by Unanimous Consent. (consideration: CR S2577; text: CR S2575)</text>
        <type>Floor</type>
      </item>
      <item>
        <actionCode>17000</actionCode>
        <type>Floor</type>
        <sourceSystem>
          <name>Library of Congress</name>
          <code>9</code>
        </sourceSystem>
        <committee />
        <actionDate>2019-05-01</actionDate>
        <links>
          <link>
            <url>https://www.congress.gov/congressional-record/volume-165/senate-section/page/S2575</url>
            <name>S2575</name>
          </link>
          <link>
            <url>https://www.congress.gov/congressional-record/volume-165/senate-section/page/S2577</url>
            <name>S2577</name>
          </link>
        </links>
        <text>Passed/agreed to in Senate: Submitted in the Senate, considered, and agreed to without amendment and with a preamble by Unanimous Consent.(consideration: CR S2577; text: CR S2575)</text>
      </item>
      <item>
        <actionCode>10000</actionCode>
        <type>IntroReferral</type>
        <sourceSystem>
          <name>Library of Congress</name>
          <code>9</code>
        </sourceSystem>
        <committee />
        <actionDate>2019-05-01</actionDate>
        <links />
        <text>Introduced in Senate</text>
      </item>
      <actionTypeCounts>
        <passedOrAgreedToInSenateDayOf>1</passedOrAgreedToInSenateDayOf>
        <passedAgreedToInSenate>1</passedAgreedToInSenate>
        <introducedInSenate>1</introducedInSenate>
      </actionTypeCounts>
      <actionByCounts>
        <senate>3</senate>
      </actionByCounts>
    </actions>
    <policyArea>
      <name>Government Operations and Politics</name>
    </policyArea>
    <committeeReports />
    <cboCostEstimates />
    <title>A resolution expressing the sense of the Senate that, during Public Service Recognition Week, public servants should be commended for their dedication and continued service to the United States.</title>
    <sponsors>
      <item>
        <bioguideId>L000575</bioguideId>
        <state>OK</state>
        <middleName />
        <identifiers>
          <lisID>2050</lisID>
          <bioguideId>L000575</bioguideId>
          <gpoId>8113</gpoId>
        </identifiers>
        <firstName>James</firstName>
        <lastName>Lankford</lastName>
        <party>R</party>
        <fullName>Sen. Lankford, James [R-OK]</fullName>
        <byRequestType />
      </item>
    </sponsors>
    <version>1.0.0</version>
    <amendments />
    <notes />
    <originChamber>Senate</originChamber>
    <calendarNumbers />
    <cosponsors>
      <item>
        <sponsorshipWithdrawnDate />
        <bioguideId>S001191</bioguideId>
        <firstName>Kyrsten</firstName>
        <identifiers>
          <gpoId />
          <lisID>2099</lisID>
          <bioguideId>S001191</bioguideId>
        </identifiers>
        <fullName>Sen. Sinema, Kyrsten [D-AZ]</fullName>
        <state>AZ</state>
        <isOriginalCosponsor>True</isOriginalCosponsor>
        <middleName />
        <lastName>Sinema</lastName>
        <sponsorshipDate>2019-05-01</sponsorshipDate>
        <party>D</party>
      </item>
      <item>
        <sponsorshipWithdrawnDate />
        <bioguideId>J000293</bioguideId>
        <firstName>Ron</firstName>
        <identifiers>
          <lisID>2086</lisID>
          <gpoId>8355</gpoId>
          <bioguideId>J000293</bioguideId>
        </identifiers>
        <fullName>Sen. Johnson, Ron [R-WI]</fullName>
        <state>WI</state>
        <isOriginalCosponsor>True</isOriginalCosponsor>
        <middleName />
        <lastName>Johnson</lastName>
        <sponsorshipDate>2019-05-01</sponsorshipDate>
        <party>R</party>
      </item>
      <item>
        <sponsorshipWithdrawnDate />
        <bioguideId>P000595</bioguideId>
        <firstName>Gary</firstName>
        <identifiers>
          <lisID>1929</lisID>
          <gpoId>7994</gpoId>
          <bioguideId>P000595</bioguideId>
        </identifiers>
        <fullName>Sen. Peters, Gary C. [D-MI]</fullName>
        <state>MI</state>
        <isOriginalCosponsor>True</isOriginalCosponsor>
        <middleName>C.</middleName>
        <lastName>Peters</lastName>
        <sponsorshipDate>2019-05-01</sponsorshipDate>
        <party>D</party>
      </item>
      <item>
        <sponsorshipWithdrawnDate />
        <bioguideId>R000595</bioguideId>
        <firstName>Marco</firstName>
        <identifiers>
          <lisID>2084</lisID>
          <gpoId>8242</gpoId>
          <bioguideId>R000595</bioguideId>
        </identifiers>
        <fullName>Sen. Rubio, Marco [R-FL]</fullName>
        <state>FL</state>
        <isOriginalCosponsor>True</isOriginalCosponsor>
        <middleName />
        <lastName>Rubio</lastName>
        <sponsorshipDate>2019-05-01</sponsorshipDate>
        <party>R</party>
      </item>
      <item>
        <sponsorshipWithdrawnDate />
        <bioguideId>C000174</bioguideId>
        <firstName>THOMAS</firstName>
        <identifiers>
          <lisID>179</lisID>
          <bioguideId>C000174</bioguideId>
          <gpoId>8283</gpoId>
        </identifiers>
        <fullName>Sen. Carper, Thomas R. [D-DE]</fullName>
        <state>DE</state>
        <isOriginalCosponsor>True</isOriginalCosponsor>
        <middleName>R.</middleName>
        <lastName>CARPER</lastName>
        <sponsorshipDate>2019-05-01</sponsorshipDate>
        <party>D</party>
      </item>
      <item>
        <sponsorshipWithdrawnDate />
        <bioguideId>H001076</bioguideId>
        <firstName>Margaret</firstName>
        <identifiers>
          <bioguideId>H001076</bioguideId>
          <lisID>2302</lisID>
          <gpoId />
        </identifiers>
        <fullName>Sen. Hassan, Margaret Wood [D-NH]</fullName>
        <state>NH</state>
        <isOriginalCosponsor>True</isOriginalCosponsor>
        <middleName>Wood</middleName>
        <lastName>Hassan</lastName>
        <sponsorshipDate>2019-05-01</sponsorshipDate>
        <party>D</party>
      </item>
    </cosponsors>
    <laws />
    <introducedDate>2019-05-01</introducedDate>
    <textVersions>
      <item>
        <type>Agreed to Senate</type>
        <date>2019-05-01T04:00:00Z</date>
        <formats>
          <item>
            <url>https://www.govinfo.gov/content/pkg/BILLS-116sres180ats/xml/BILLS-116sres180ats.xml</url>
          </item>
        </formats>
      </item>
    </textVersions>
    <summaries>
      <billSummaries>
        <item>
          <text><![CDATA[<p>This resolution supports the designation of May 5-May 11, 2019, as Public Service Recognition Week.</p>]]></text>
          <updateDate>2019-05-01T04:00:00Z</updateDate>
          <actionDate>2019-05-01</actionDate>
          <versionCode>00</versionCode>
          <actionDesc>Introduced in Senate</actionDesc>
          <lastSummaryUpdateDate>2019-05-06T20:54:57Z</lastSummaryUpdateDate>
          <name>Introduced in Senate</name>
        </item>
        <item>
          <text><![CDATA[<p>This resolution supports the designation of May 5-May 11, 2019, as Public Service Recognition Week.</p>]]></text>
          <updateDate>2019-05-01T13:21:53Z</updateDate>
          <actionDate>2019-05-01</actionDate>
          <versionCode>55</versionCode>
          <actionDesc>Passed Senate</actionDesc>
          <lastSummaryUpdateDate>2019-05-21T18:36:22Z</lastSummaryUpdateDate>
          <name>Passed Senate</name>
        </item>
      </billSummaries>
    </summaries>
    <subjects>
      <billSubjects>
        <policyArea>
          <name>Government Operations and Politics</name>
        </policyArea>
        <legislativeSubjects>
          <item>
            <name>Commemorative events and holidays</name>
          </item>
          <item>
            <name>Congressional tributes</name>
          </item>
          <item>
            <name>Government employee pay, benefits, personnel management</name>
          </item>
          <item>
            <name>Military personnel and dependents</name>
          </item>
        </legislativeSubjects>
      </billSubjects>
    </subjects>
    <updateDate>2019-05-24T05:27:41Z</updateDate>
    <latestAction>
      <text>Submitted in the Senate, considered, and agreed to without amendment and with a preamble by Unanimous Consent. (consideration: CR S2577; text: CR S2575)</text>
      <links />
      <actionDate>2019-05-01</actionDate>
    </latestAction>
    <congress>116</congress>
  </bill>
  <dublinCore xmlns:dc="http://purl.org/dc/elements/1.1/">
    <dc:format>text/xml</dc:format>
    <dc:language>EN</dc:language>
    <dc:rights>Pursuant to Title 17 Section 105 of the United States Code, this file is not subject to copyright protection and is in the public domain.</dc:rights>
    <dc:contributor>Congressional Research Service, Library of Congress</dc:contributor>
    <dc:description>This file contains bill summaries and statuses for federal legislation. A bill summary describes the most significant provisions of a piece of legislation and details the effects the legislative text may have on current law and federal programs. Bill summaries are authored by the Congressional Research Service (CRS) of the Library of Congress. As stated in Public Law 91-510 (2 USC 166 (d)(6)), one of the duties of CRS is "to prepare summaries and digests of bills and resolutions of a public general nature introduced in the Senate or House of Representatives". For more information, refer to the User Guide that accompanies this file.</dc:description>
  </dublinCore>
</billStatus>

