<?xml version="1.0" encoding="UTF-8"?>
<billStatus>
  <bill>
    <version>1.0.0</version>
    <titles>
      <item>
        <chamberName />
        <titleType>Official Title as Introduced</titleType>
        <parentTitleType />
        <chamberCode />
        <title>A resolution expressing support for the designation of October 23, 2019, as a national day of remembrance of the tragic terrorist bombing of the United States Marine Corps barracks in Beirut, Lebanon, in 1983.</title>
      </item>
      <item>
        <chamberName />
        <titleType>Display Title</titleType>
        <parentTitleType />
        <chamberCode />
        <title>A resolution expressing support for the designation of October 23, 2019, as a national day of remembrance of the tragic terrorist bombing of the United States Marine Corps barracks in Beirut, Lebanon, in 1983.</title>
      </item>
    </titles>
    <recordedVotes />
    <originChamber>Senate</originChamber>
    <laws />
    <createDate>2019-10-24T04:52:53Z</createDate>
    <notes />
    <summaries>
      <billSummaries>
        <item>
          <lastSummaryUpdateDate>2019-10-30T22:44:52Z</lastSummaryUpdateDate>
          <text><![CDATA[<p>This resolution expresses support for the designation of a national day of remembrance on October 23, 2019, for members of the U.S. Armed Forces who were killed or injured by the terrorist attack on the Marine Corps barracks in Beirut, Lebanon, on October 23, 1983.</p>]]></text>
          <versionCode>00</versionCode>
          <updateDate>2019-10-23T04:00:00Z</updateDate>
          <actionDate>2019-10-23</actionDate>
          <actionDesc>Introduced in Senate</actionDesc>
          <name>Introduced in Senate</name>
        </item>
      </billSummaries>
    </summaries>
    <policyArea>
      <name>Armed Forces and National Security</name>
    </policyArea>
    <updateDate>2019-11-02T04:57:50Z</updateDate>
    <committeeReports />
    <textVersions>
      <item>
        <date>2019-10-23T04:00:00Z</date>
        <formats>
          <item>
            <url>https://www.govinfo.gov/content/pkg/BILLS-116sres374is/xml/BILLS-116sres374is.xml</url>
          </item>
        </formats>
        <type>Introduced in Senate</type>
      </item>
    </textVersions>
    <sponsors>
      <item>
        <party>R</party>
        <middleName />
        <firstName>Tom</firstName>
        <fullName>Sen. Cotton, Tom [R-AR]</fullName>
        <state>AR</state>
        <byRequestType />
        <identifiers>
          <gpoId />
          <bioguideId>C001095</bioguideId>
          <lisID>2098</lisID>
        </identifiers>
        <lastName>Cotton</lastName>
        <bioguideId>C001095</bioguideId>
      </item>
    </sponsors>
    <calendarNumbers />
    <cosponsors>
      <item>
        <party>D</party>
        <firstName>Sheldon</firstName>
        <bioguideId>W000802</bioguideId>
        <isOriginalCosponsor>True</isOriginalCosponsor>
        <fullName>Sen. Whitehouse, Sheldon [D-RI]</fullName>
        <sponsorshipWithdrawnDate />
        <sponsorshipDate>2019-10-23</sponsorshipDate>
        <state>RI</state>
        <lastName>Whitehouse</lastName>
        <middleName />
        <identifiers>
          <lisID>1823</lisID>
          <bioguideId>W000802</bioguideId>
          <gpoId>8264</gpoId>
        </identifiers>
      </item>
      <item>
        <party>R</party>
        <firstName>John</firstName>
        <bioguideId>C001056</bioguideId>
        <isOriginalCosponsor>True</isOriginalCosponsor>
        <fullName>Sen. Cornyn, John [R-TX]</fullName>
        <sponsorshipWithdrawnDate />
        <sponsorshipDate>2019-10-23</sponsorshipDate>
        <state>TX</state>
        <lastName>Cornyn</lastName>
        <middleName />
        <identifiers>
          <gpoId>8295</gpoId>
          <bioguideId>C001056</bioguideId>
          <lisID>1692</lisID>
        </identifiers>
      </item>
      <item>
        <party>D</party>
        <firstName>Doug</firstName>
        <bioguideId>J000300</bioguideId>
        <isOriginalCosponsor>True</isOriginalCosponsor>
        <fullName>Sen. Jones, Doug  [D-AL]</fullName>
        <sponsorshipWithdrawnDate />
        <sponsorshipDate>2019-10-23</sponsorshipDate>
        <state>AL</state>
        <lastName>Jones</lastName>
        <middleName />
        <identifiers>
          <lisID>2364</lisID>
          <bioguideId>J000300</bioguideId>
          <gpoId />
        </identifiers>
      </item>
      <item>
        <party>R</party>
        <firstName>Ted</firstName>
        <bioguideId>C001098</bioguideId>
        <isOriginalCosponsor>True</isOriginalCosponsor>
        <fullName>Sen. Cruz, Ted [R-TX]</fullName>
        <sponsorshipWithdrawnDate />
        <sponsorshipDate>2019-10-23</sponsorshipDate>
        <state>TX</state>
        <lastName>Cruz</lastName>
        <middleName />
        <identifiers>
          <lisID>2175</lisID>
          <gpoId />
          <bioguideId>C001098</bioguideId>
        </identifiers>
      </item>
      <item>
        <party>D</party>
        <firstName>Jacklyn</firstName>
        <bioguideId>R000608</bioguideId>
        <isOriginalCosponsor>True</isOriginalCosponsor>
        <fullName>Sen. Rosen, Jacky [D-NV]</fullName>
        <sponsorshipWithdrawnDate />
        <sponsorshipDate>2019-10-23</sponsorshipDate>
        <state>NV</state>
        <lastName>Rosen</lastName>
        <middleName />
        <identifiers>
          <gpoId />
          <bioguideId>R000608</bioguideId>
          <lisID>2339</lisID>
        </identifiers>
      </item>
      <item>
        <party>R</party>
        <firstName>Thomas</firstName>
        <bioguideId>T000476</bioguideId>
        <isOriginalCosponsor>True</isOriginalCosponsor>
        <fullName>Sen. Tillis, Thom [R-NC]</fullName>
        <sponsorshipWithdrawnDate />
        <sponsorshipDate>2019-10-23</sponsorshipDate>
        <state>NC</state>
        <lastName>Tillis</lastName>
        <middleName>Roland</middleName>
        <identifiers>
          <lisID>2291</lisID>
          <bioguideId>T000476</bioguideId>
          <gpoId />
        </identifiers>
      </item>
      <item>
        <party>D</party>
        <firstName>Tammy</firstName>
        <bioguideId>D000622</bioguideId>
        <isOriginalCosponsor>True</isOriginalCosponsor>
        <fullName>Sen. Duckworth, Tammy [D-IL]</fullName>
        <sponsorshipWithdrawnDate />
        <sponsorshipDate>2019-10-23</sponsorshipDate>
        <state>IL</state>
        <lastName>Duckworth</lastName>
        <middleName />
        <identifiers>
          <lisID>2123</lisID>
          <bioguideId>D000622</bioguideId>
          <gpoId />
        </identifiers>
      </item>
      <item>
        <party>R</party>
        <firstName>Johnny</firstName>
        <bioguideId>I000055</bioguideId>
        <isOriginalCosponsor>True</isOriginalCosponsor>
        <fullName>Sen. Isakson, Johnny [R-GA]</fullName>
        <sponsorshipWithdrawnDate />
        <sponsorshipDate>2019-10-23</sponsorshipDate>
        <state>GA</state>
        <lastName>Isakson</lastName>
        <middleName />
        <identifiers>
          <lisID>1608</lisID>
          <bioguideId>I000055</bioguideId>
          <gpoId>8323</gpoId>
        </identifiers>
      </item>
      <item>
        <party>D</party>
        <firstName>Christopher</firstName>
        <bioguideId>C001088</bioguideId>
        <isOriginalCosponsor>True</isOriginalCosponsor>
        <fullName>Sen. Coons, Christopher A. [D-DE]</fullName>
        <sponsorshipWithdrawnDate />
        <sponsorshipDate>2019-10-23</sponsorshipDate>
        <state>DE</state>
        <lastName>Coons</lastName>
        <middleName>A.</middleName>
        <identifiers>
          <lisID>1984</lisID>
          <bioguideId>C001088</bioguideId>
          <gpoId>8297</gpoId>
        </identifiers>
      </item>
      <item>
        <party>R</party>
        <firstName>Marco</firstName>
        <bioguideId>R000595</bioguideId>
        <isOriginalCosponsor>True</isOriginalCosponsor>
        <fullName>Sen. Rubio, Marco [R-FL]</fullName>
        <sponsorshipWithdrawnDate />
        <sponsorshipDate>2019-10-23</sponsorshipDate>
        <state>FL</state>
        <lastName>Rubio</lastName>
        <middleName />
        <identifiers>
          <lisID>2084</lisID>
          <gpoId>8242</gpoId>
          <bioguideId>R000595</bioguideId>
        </identifiers>
      </item>
      <item>
        <party>D</party>
        <firstName>Bob</firstName>
        <bioguideId>C001070</bioguideId>
        <isOriginalCosponsor>True</isOriginalCosponsor>
        <fullName>Sen. Casey, Robert P., Jr. [D-PA]</fullName>
        <sponsorshipWithdrawnDate />
        <sponsorshipDate>2019-10-23</sponsorshipDate>
        <state>PA</state>
        <lastName>Casey</lastName>
        <middleName />
        <identifiers>
          <lisID>1828</lisID>
          <bioguideId>C001070</bioguideId>
          <gpoId>8282</gpoId>
        </identifiers>
      </item>
    </cosponsors>
    <congress>116</congress>
    <subjects>
      <billSubjects>
        <legislativeSubjects>
          <item>
            <name>Commemorative events and holidays</name>
          </item>
          <item>
            <name>Crime victims</name>
          </item>
          <item>
            <name>Lebanon</name>
          </item>
          <item>
            <name>Middle East</name>
          </item>
          <item>
            <name>Military facilities and property</name>
          </item>
          <item>
            <name>Military operations and strategy</name>
          </item>
          <item>
            <name>Military personnel and dependents</name>
          </item>
          <item>
            <name>Terrorism</name>
          </item>
        </legislativeSubjects>
        <policyArea>
          <name>Armed Forces and National Security</name>
        </policyArea>
      </billSubjects>
    </subjects>
    <latestAction>
      <text>Referred to the Committee on Armed Services. (text: CR S6095)</text>
      <links />
      <actionDate>2019-10-23</actionDate>
    </latestAction>
    <billType>SRES</billType>
    <billNumber>374</billNumber>
    <cboCostEstimates />
    <relatedBills>
      <item>
        <latestAction>
          <text>Referred to the House Committee on Oversight and Reform.</text>
          <actionDate>2019-07-24</actionDate>
        </latestAction>
        <type>HRES</type>
        <relationshipDetails>
          <item>
            <identifiedBy>CRS</identifiedBy>
            <type>Related bill</type>
          </item>
        </relationshipDetails>
        <latestTitle>Expressing support for the designation of October 23, 2019, as a national day of remembrance of the tragic 1983 terrorist bombing of the United States Marine Corps Barracks in Beirut, Lebanon.</latestTitle>
        <number>515</number>
        <congress>116</congress>
      </item>
    </relatedBills>
    <committees>
      <billCommittees>
        <item>
          <chamber>Senate</chamber>
          <type>Standing</type>
          <activities>
            <item>
              <name>Referred to</name>
              <date>2019-10-23T18:53:14Z</date>
            </item>
          </activities>
          <subcommittees />
          <systemCode>ssas00</systemCode>
          <name>Armed Services Committee</name>
        </item>
      </billCommittees>
    </committees>
    <actions>
      <actionTypeCounts>
        <introducedInSenate>1</introducedInSenate>
        <referredToCommittee>1</referredToCommittee>
      </actionTypeCounts>
      <actionByCounts>
        <senate>2</senate>
      </actionByCounts>
      <item>
        <actionDate>2019-10-23</actionDate>
        <committee>
          <name>Armed Services Committee</name>
          <systemCode>ssas00</systemCode>
        </committee>
        <links>
          <link>
            <url>https://www.congress.gov/congressional-record/volume-165/senate-section/page/S6095</url>
            <name>S6095</name>
          </link>
        </links>
        <sourceSystem>
          <name>Senate</name>
          <code>0</code>
        </sourceSystem>
        <text>Referred to the Committee on Armed Services. (text: CR S6095)</text>
        <type>IntroReferral</type>
      </item>
      <item>
        <sourceSystem>
          <name>Library of Congress</name>
          <code>9</code>
        </sourceSystem>
        <text>Introduced in Senate</text>
        <links />
        <actionCode>10000</actionCode>
        <type>IntroReferral</type>
        <committee />
        <actionDate>2019-10-23</actionDate>
      </item>
    </actions>
    <title>A resolution expressing support for the designation of October 23, 2019, as a national day of remembrance of the tragic terrorist bombing of the United States Marine Corps barracks in Beirut, Lebanon, in 1983.</title>
    <introducedDate>2019-10-23</introducedDate>
    <amendments />
  </bill>
  <dublinCore xmlns:dc="http://purl.org/dc/elements/1.1/">
    <dc:format>text/xml</dc:format>
    <dc:language>EN</dc:language>
    <dc:rights>Pursuant to Title 17 Section 105 of the United States Code, this file is not subject to copyright protection and is in the public domain.</dc:rights>
    <dc:contributor>Congressional Research Service, Library of Congress</dc:contributor>
    <dc:description>This file contains bill summaries and statuses for federal legislation. A bill summary describes the most significant provisions of a piece of legislation and details the effects the legislative text may have on current law and federal programs. Bill summaries are authored by the Congressional Research Service (CRS) of the Library of Congress. As stated in Public Law 91-510 (2 USC 166 (d)(6)), one of the duties of CRS is "to prepare summaries and digests of bills and resolutions of a public general nature introduced in the Senate or House of Representatives". For more information, refer to the User Guide that accompanies this file.</dc:description>
  </dublinCore>
</billStatus>

