<?xml version="1.0" encoding="UTF-8"?>
<billStatus>
  <bill>
    <introducedDate>2019-10-30</introducedDate>
    <latestAction>
      <text>Referred to the Committee on the Judiciary. (text: CR S6304-6305)</text>
      <actionDate>2019-10-30</actionDate>
      <links />
    </latestAction>
    <summaries>
      <billSummaries />
    </summaries>
    <subjects>
      <billSubjects>
        <policyArea>
          <name>Families</name>
        </policyArea>
        <legislativeSubjects />
      </billSubjects>
    </subjects>
    <relatedBills>
      <item>
        <type>HRES</type>
        <number>673</number>
        <latestAction>
          <actionDate>2019-10-31</actionDate>
          <text>Referred to the House Committee on Education and Labor.</text>
        </latestAction>
        <congress>116</congress>
        <relationshipDetails>
          <item>
            <type>Related bill</type>
            <identifiedBy>CRS</identifiedBy>
          </item>
        </relationshipDetails>
        <latestTitle>Expressing appreciation during "National Domestic Violence Awareness Month" to all providers working tirelessly to educate communities, provide shelter and assistance to victims, and end the scourge of domestic violence.</latestTitle>
      </item>
    </relatedBills>
    <textVersions>
      <item>
        <type>Introduced in Senate</type>
        <date>2019-10-30T04:00:00Z</date>
        <formats>
          <item>
            <url>https://www.govinfo.gov/content/pkg/BILLS-116sres387is/xml/BILLS-116sres387is.xml</url>
          </item>
        </formats>
      </item>
    </textVersions>
    <notes />
    <billNumber>387</billNumber>
    <createDate>2019-10-31T04:42:29Z</createDate>
    <amendments />
    <originChamber>Senate</originChamber>
    <title>A resolution supporting the goals and ideals of National Domestic Violence Awareness Month, commending domestic violence victim advocates, domestic violence victim service providers, crisis hotline staff, and first responders serving victims of domestic violence for their compassionate support of survivors of domestic violence, and expressing the sense of the Senate that Congress should continue to support efforts to end domestic violence, provide safety for victims of domestic violence and their families, and hold perpetrators of domestic violence accountable.</title>
    <committeeReports />
    <calendarNumbers />
    <version>1.0.0</version>
    <titles>
      <item>
        <titleType>Official Title as Introduced</titleType>
        <chamberCode />
        <title>A resolution supporting the goals and ideals of National Domestic Violence Awareness Month, commending domestic violence victim advocates, domestic violence victim service providers, crisis hotline staff, and first responders serving victims of domestic violence for their compassionate support of survivors of domestic violence, and expressing the sense of the Senate that Congress should continue to support efforts to end domestic violence, provide safety for victims of domestic violence and their families, and hold perpetrators of domestic violence accountable.</title>
        <chamberName />
        <parentTitleType />
      </item>
      <item>
        <titleType>Display Title</titleType>
        <chamberCode />
        <title>A resolution supporting the goals and ideals of National Domestic Violence Awareness Month, commending domestic violence victim advocates, domestic violence victim service providers, crisis hotline staff, and first responders serving victims of domestic violence for their compassionate support of survivors of domestic violence, and expressing the sense of the Senate that Congress should continue to support efforts to end domestic violence, provide safety for victims of domestic violence and their families, and hold perpetrators of domestic violence accountable.</title>
        <chamberName />
        <parentTitleType />
      </item>
    </titles>
    <policyArea>
      <name>Families</name>
    </policyArea>
    <cboCostEstimates />
    <sponsors>
      <item>
        <lastName>FEINSTEIN</lastName>
        <fullName>Sen. Feinstein, Dianne [D-CA]</fullName>
        <party>D</party>
        <byRequestType />
        <firstName>DIANNE</firstName>
        <state>CA</state>
        <identifiers>
          <lisID>1332</lisID>
          <gpoId>8338</gpoId>
          <bioguideId>F000062</bioguideId>
        </identifiers>
        <bioguideId>F000062</bioguideId>
        <middleName />
      </item>
    </sponsors>
    <cosponsors>
      <item>
        <lastName>Ernst</lastName>
        <fullName>Sen. Ernst, Joni  [R-IA]</fullName>
        <party>R</party>
        <isOriginalCosponsor>True</isOriginalCosponsor>
        <identifiers>
          <bioguideId>E000295</bioguideId>
          <lisID>2283</lisID>
          <gpoId />
        </identifiers>
        <firstName>Joni</firstName>
        <state>IA</state>
        <sponsorshipDate>2019-10-30</sponsorshipDate>
        <sponsorshipWithdrawnDate />
        <bioguideId>E000295</bioguideId>
        <middleName />
      </item>
      <item>
        <lastName>LEAHY</lastName>
        <fullName>Sen. Leahy, Patrick J. [D-VT]</fullName>
        <party>D</party>
        <isOriginalCosponsor>True</isOriginalCosponsor>
        <identifiers>
          <lisID>1383</lisID>
          <bioguideId>L000174</bioguideId>
          <gpoId>8244</gpoId>
        </identifiers>
        <firstName>PATRICK</firstName>
        <state>VT</state>
        <sponsorshipDate>2019-10-30</sponsorshipDate>
        <sponsorshipWithdrawnDate />
        <bioguideId>L000174</bioguideId>
        <middleName>JOSEPH</middleName>
      </item>
      <item>
        <lastName>GRASSLEY</lastName>
        <fullName>Sen. Grassley, Chuck [R-IA]</fullName>
        <party>R</party>
        <isOriginalCosponsor>True</isOriginalCosponsor>
        <identifiers>
          <lisID>457</lisID>
          <gpoId>8316</gpoId>
          <bioguideId>G000386</bioguideId>
        </identifiers>
        <firstName>CHARLES</firstName>
        <state>IA</state>
        <sponsorshipDate>2019-10-30</sponsorshipDate>
        <sponsorshipWithdrawnDate />
        <bioguideId>G000386</bioguideId>
        <middleName>ERNEST</middleName>
      </item>
    </cosponsors>
    <recordedVotes />
    <committees>
      <billCommittees>
        <item>
          <name>Judiciary Committee</name>
          <type>Standing</type>
          <systemCode>ssju00</systemCode>
          <chamber>Senate</chamber>
          <activities>
            <item>
              <name>Referred to</name>
              <date>2019-10-30T18:17:11Z</date>
            </item>
          </activities>
          <subcommittees />
        </item>
      </billCommittees>
    </committees>
    <actions>
      <actionTypeCounts>
        <referredToCommittee>1</referredToCommittee>
        <introducedInSenate>1</introducedInSenate>
      </actionTypeCounts>
      <actionByCounts>
        <senate>2</senate>
      </actionByCounts>
      <item>
        <actionDate>2019-10-30</actionDate>
        <committee>
          <systemCode>ssju00</systemCode>
          <name>Judiciary Committee</name>
        </committee>
        <links>
          <link>
            <url>https://www.congress.gov/congressional-record/volume-165/senate-section/page/S6304-6305</url>
            <name>S6304-6305</name>
          </link>
        </links>
        <sourceSystem>
          <code>0</code>
          <name>Senate</name>
        </sourceSystem>
        <text>Referred to the Committee on the Judiciary. (text: CR S6304-6305)</text>
        <type>IntroReferral</type>
      </item>
      <item>
        <actionCode>10000</actionCode>
        <text>Introduced in Senate</text>
        <links />
        <committee />
        <type>IntroReferral</type>
        <sourceSystem>
          <code>9</code>
          <name>Library of Congress</name>
        </sourceSystem>
        <actionDate>2019-10-30</actionDate>
      </item>
    </actions>
    <billType>SRES</billType>
    <laws />
    <congress>116</congress>
    <updateDate>2019-11-06T10:59:47Z</updateDate>
  </bill>
  <dublinCore xmlns:dc="http://purl.org/dc/elements/1.1/">
    <dc:format>text/xml</dc:format>
    <dc:language>EN</dc:language>
    <dc:rights>Pursuant to Title 17 Section 105 of the United States Code, this file is not subject to copyright protection and is in the public domain.</dc:rights>
    <dc:contributor>Congressional Research Service, Library of Congress</dc:contributor>
    <dc:description>This file contains bill summaries and statuses for federal legislation. A bill summary describes the most significant provisions of a piece of legislation and details the effects the legislative text may have on current law and federal programs. Bill summaries are authored by the Congressional Research Service (CRS) of the Library of Congress. As stated in Public Law 91-510 (2 USC 166 (d)(6)), one of the duties of CRS is "to prepare summaries and digests of bills and resolutions of a public general nature introduced in the Senate or House of Representatives". For more information, refer to the User Guide that accompanies this file.</dc:description>
  </dublinCore>
</billStatus>

