<?xml version="1.0" encoding="UTF-8"?>
<billStatus>
  <bill>
    <policyArea>
      <name>Health</name>
    </policyArea>
    <relatedBills />
    <introducedDate>2019-06-03</introducedDate>
    <committeeReports />
    <amendments />
    <textVersions>
      <item>
        <type>Introduced in Senate</type>
        <date>2019-06-03T04:00:00Z</date>
        <formats>
          <item>
            <url>https://www.govinfo.gov/content/pkg/BILLS-116sres227is/xml/BILLS-116sres227is.xml</url>
          </item>
        </formats>
      </item>
    </textVersions>
    <cboCostEstimates />
    <subjects>
      <billSubjects>
        <legislativeSubjects>
          <item>
            <name>Health personnel</name>
          </item>
          <item>
            <name>Health promotion and preventive care</name>
          </item>
          <item>
            <name>Physical fitness and lifestyle</name>
          </item>
        </legislativeSubjects>
        <policyArea>
          <name>Health</name>
        </policyArea>
      </billSubjects>
    </subjects>
    <laws />
    <calendarNumbers />
    <notes />
    <actions>
      <actionByCounts>
        <senate>2</senate>
      </actionByCounts>
      <actionTypeCounts>
        <introducedInSenate>1</introducedInSenate>
        <referredToCommittee>1</referredToCommittee>
      </actionTypeCounts>
      <item>
        <actionDate>2019-06-03</actionDate>
        <committee>
          <name>HELP Committee</name>
          <systemCode>sshr00</systemCode>
        </committee>
        <links>
          <link>
            <name>S3168-3169</name>
            <url>https://www.congress.gov/congressional-record/volume-165/senate-section/page/S3168-3169</url>
          </link>
        </links>
        <sourceSystem>
          <code>0</code>
          <name>Senate</name>
        </sourceSystem>
        <text>Referred to the Committee on Health, Education, Labor, and Pensions. (text: CR S3168-3169)</text>
        <type>IntroReferral</type>
      </item>
      <item>
        <type>IntroReferral</type>
        <actionDate>2019-06-03</actionDate>
        <actionCode>10000</actionCode>
        <text>Introduced in Senate</text>
        <links />
        <sourceSystem>
          <code>9</code>
          <name>Library of Congress</name>
        </sourceSystem>
        <committee />
      </item>
    </actions>
    <originChamber>Senate</originChamber>
    <committees>
      <billCommittees>
        <item>
          <subcommittees />
          <type>Standing</type>
          <systemCode>sshr00</systemCode>
          <chamber>Senate</chamber>
          <name>HELP Committee</name>
          <activities>
            <item>
              <date>2019-06-03T20:10:50Z</date>
              <name>Referred to</name>
            </item>
          </activities>
        </item>
      </billCommittees>
    </committees>
    <titles>
      <item>
        <titleType>Official Title as Introduced</titleType>
        <chamberCode />
        <title>A resolution expressing support for health and wellness coaches.</title>
        <parentTitleType />
        <chamberName />
      </item>
      <item>
        <titleType>Display Title</titleType>
        <chamberCode />
        <title>A resolution expressing support for health and wellness coaches.</title>
        <parentTitleType />
        <chamberName />
      </item>
    </titles>
    <summaries>
      <billSummaries>
        <item>
          <lastSummaryUpdateDate>2019-11-01T18:44:00Z</lastSummaryUpdateDate>
          <text><![CDATA[<p>This resolution expresses support for the efforts of health and wellness coaches in their important work to improve the health and wellness of the American people.<br /></p>]]></text>
          <versionCode>00</versionCode>
          <actionDate>2019-06-03</actionDate>
          <actionDesc>Introduced in Senate</actionDesc>
          <updateDate>2019-06-03T04:00:00Z</updateDate>
          <name>Introduced in Senate</name>
        </item>
      </billSummaries>
    </summaries>
    <recordedVotes />
    <title>A resolution expressing support for health and wellness coaches.</title>
    <sponsors>
      <item>
        <party>D</party>
        <state>NM</state>
        <identifiers>
          <lisID>1937</lisID>
          <gpoId>8056</gpoId>
          <bioguideId>H001046</bioguideId>
        </identifiers>
        <middleName />
        <byRequestType />
        <bioguideId>H001046</bioguideId>
        <firstName>Martin</firstName>
        <fullName>Sen. Heinrich, Martin [D-NM]</fullName>
        <lastName>Heinrich</lastName>
      </item>
    </sponsors>
    <cosponsors />
    <billNumber>227</billNumber>
    <congress>116</congress>
    <latestAction>
      <links />
      <actionDate>2019-06-03</actionDate>
      <text>Referred to the Committee on Health, Education, Labor, and Pensions. (text: CR S3168-3169)</text>
    </latestAction>
    <billType>SRES</billType>
    <updateDate>2019-11-15T22:00:45Z</updateDate>
    <createDate>2019-06-04T04:27:08Z</createDate>
    <version>1.0.0</version>
  </bill>
  <dublinCore xmlns:dc="http://purl.org/dc/elements/1.1/">
    <dc:format>text/xml</dc:format>
    <dc:language>EN</dc:language>
    <dc:rights>Pursuant to Title 17 Section 105 of the United States Code, this file is not subject to copyright protection and is in the public domain.</dc:rights>
    <dc:contributor>Congressional Research Service, Library of Congress</dc:contributor>
    <dc:description>This file contains bill summaries and statuses for federal legislation. A bill summary describes the most significant provisions of a piece of legislation and details the effects the legislative text may have on current law and federal programs. Bill summaries are authored by the Congressional Research Service (CRS) of the Library of Congress. As stated in Public Law 91-510 (2 USC 166 (d)(6)), one of the duties of CRS is "to prepare summaries and digests of bills and resolutions of a public general nature introduced in the Senate or House of Representatives". For more information, refer to the User Guide that accompanies this file.</dc:description>
  </dublinCore>
</billStatus>

