<?xml version="1.0" encoding="UTF-8"?>
<billStatus>
  <bill>
    <summaries>
      <billSummaries>
        <item>
          <actionDate>2019-02-07</actionDate>
          <versionCode>00</versionCode>
          <name>Introduced in Senate</name>
          <updateDate>2019-02-07T05:00:00Z</updateDate>
          <lastSummaryUpdateDate>2019-04-04T20:00:06Z</lastSummaryUpdateDate>
          <actionDesc>Introduced in Senate</actionDesc>
          <text><![CDATA[<p>This resolution authorizes expenditures by the Senate Committee on Agriculture, Nutrition, and Forestry for the 116th Congress.</p>]]></text>
        </item>
        <item>
          <actionDate>2019-02-07</actionDate>
          <versionCode>25</versionCode>
          <name>Reported to Senate</name>
          <updateDate>2019-02-07T19:57:39Z</updateDate>
          <lastSummaryUpdateDate>2019-04-04T19:59:58Z</lastSummaryUpdateDate>
          <actionDesc>Reported to Senate</actionDesc>
          <text><![CDATA[<p>This resolution authorizes expenditures by the Senate Committee on Agriculture, Nutrition, and Forestry for the 116th Congress.</p>]]></text>
        </item>
      </billSummaries>
    </summaries>
    <congress>116</congress>
    <titles>
      <item>
        <title>An original resolution authorizing expenditures by the Committee on Agriculture, Nutrition, and Forestry.</title>
        <chamberCode />
        <parentTitleType />
        <titleType>Official Title as Introduced</titleType>
        <chamberName />
      </item>
      <item>
        <title>An original resolution authorizing expenditures by the Committee on Agriculture, Nutrition, and Forestry.</title>
        <chamberCode />
        <parentTitleType />
        <titleType>Display Title</titleType>
        <chamberName />
      </item>
    </titles>
    <billType>SRES</billType>
    <updateDate>2019-11-15T21:47:31Z</updateDate>
    <title>An original resolution authorizing expenditures by the Committee on Agriculture, Nutrition, and Forestry.</title>
    <recordedVotes />
    <committees>
      <billCommittees>
        <item>
          <chamber>Senate</chamber>
          <subcommittees />
          <type>Standing</type>
          <activities>
            <item>
              <name>Referred to</name>
              <date>2019-02-07T19:57:51Z</date>
            </item>
          </activities>
          <name>Rules and Administration Committee</name>
          <systemCode>ssra00</systemCode>
        </item>
        <item>
          <chamber>Senate</chamber>
          <subcommittees />
          <type>Standing</type>
          <activities>
            <item>
              <name>Reported original measure</name>
              <date>2019-02-07T19:57:39Z</date>
            </item>
          </activities>
          <name>Agriculture, Nutrition, and Forestry Committee</name>
          <systemCode>ssaf00</systemCode>
        </item>
      </billCommittees>
    </committees>
    <actions>
      <actionByCounts>
        <senate>4</senate>
      </actionByCounts>
      <actionTypeCounts>
        <originalBillReported>1</originalBillReported>
        <referredToCommittee>1</referredToCommittee>
        <introducedInSenate>1</introducedInSenate>
        <reportedToSenate>1</reportedToSenate>
      </actionTypeCounts>
      <item>
        <actionDate>2019-02-07</actionDate>
        <committee>
          <name>Rules and Administration Committee</name>
          <systemCode>ssra00</systemCode>
        </committee>
        <links>
          <link>
            <name>S1138</name>
            <url>https://www.congress.gov/congressional-record/volume-165/senate-section/page/S1138</url>
          </link>
        </links>
        <sourceSystem>
          <code>0</code>
          <name>Senate</name>
        </sourceSystem>
        <text>Referred to the Committee on Rules and Administration. (text: CR S1138)</text>
        <type>IntroReferral</type>
      </item>
      <item>
        <actionDate>2019-02-07</actionDate>
        <committee>
          <name>Agriculture, Nutrition, and Forestry Committee</name>
          <systemCode>ssaf00</systemCode>
        </committee>
        <links />
        <sourceSystem>
          <code>0</code>
          <name>Senate</name>
        </sourceSystem>
        <text>Committee on Agriculture, Nutrition, and Forestry. Original measure reported to Senate by Senator Roberts. Without written report.</text>
        <type>Committee</type>
      </item>
      <item>
        <type>Committee</type>
        <actionDate>2019-02-07</actionDate>
        <sourceSystem>
          <code>9</code>
          <name>Library of Congress</name>
        </sourceSystem>
        <text>Committee on Agriculture, Nutrition, and Forestry. Original measure reported to Senate by Senator Roberts. Without written report.</text>
        <links />
        <actionCode>14000</actionCode>
        <committee>
          <name>Agriculture, Nutrition, and Forestry Committee</name>
          <systemCode>ssaf00</systemCode>
        </committee>
      </item>
      <item>
        <type>IntroReferral</type>
        <actionDate>2019-02-07</actionDate>
        <actionCode>10000</actionCode>
        <text>Introduced in Senate</text>
        <links />
        <sourceSystem>
          <code>9</code>
          <name>Library of Congress</name>
        </sourceSystem>
        <committee />
      </item>
    </actions>
    <createDate>2019-02-08T05:55:20Z</createDate>
    <policyArea>
      <name>Congress</name>
    </policyArea>
    <originChamber>Senate</originChamber>
    <committeeReports />
    <version>1.0.0</version>
    <textVersions>
      <item>
        <formats>
          <item>
            <url>https://www.govinfo.gov/content/pkg/BILLS-116sres54is/xml/BILLS-116sres54is.xml</url>
          </item>
        </formats>
        <type>Introduced in Senate</type>
        <date>2019-02-07T05:00:00Z</date>
      </item>
    </textVersions>
    <billNumber>54</billNumber>
    <notes />
    <sponsors>
      <item>
        <firstName>PAT</firstName>
        <middleName />
        <lastName>ROBERTS</lastName>
        <identifiers>
          <lisID>968</lisID>
          <gpoId>8275</gpoId>
          <bioguideId>R000307</bioguideId>
        </identifiers>
        <bioguideId>R000307</bioguideId>
        <byRequestType />
        <state>KS</state>
        <fullName>Sen. Roberts, Pat [R-KS]</fullName>
        <party>R</party>
      </item>
    </sponsors>
    <calendarNumbers />
    <introducedDate>2019-02-07</introducedDate>
    <amendments />
    <subjects>
      <billSubjects>
        <policyArea>
          <name>Congress</name>
        </policyArea>
        <legislativeSubjects>
          <item>
            <name>Congressional committees</name>
          </item>
          <item>
            <name>Senate Committee on Agriculture, Nutrition, and Forestry</name>
          </item>
        </legislativeSubjects>
      </billSubjects>
    </subjects>
    <laws />
    <cosponsors />
    <relatedBills />
    <cboCostEstimates />
    <latestAction>
      <text>Referred to the Committee on Rules and Administration. (text: CR S1138)</text>
      <links />
      <actionDate>2019-02-07</actionDate>
    </latestAction>
  </bill>
  <dublinCore xmlns:dc="http://purl.org/dc/elements/1.1/">
    <dc:format>text/xml</dc:format>
    <dc:language>EN</dc:language>
    <dc:rights>Pursuant to Title 17 Section 105 of the United States Code, this file is not subject to copyright protection and is in the public domain.</dc:rights>
    <dc:contributor>Congressional Research Service, Library of Congress</dc:contributor>
    <dc:description>This file contains bill summaries and statuses for federal legislation. A bill summary describes the most significant provisions of a piece of legislation and details the effects the legislative text may have on current law and federal programs. Bill summaries are authored by the Congressional Research Service (CRS) of the Library of Congress. As stated in Public Law 91-510 (2 USC 166 (d)(6)), one of the duties of CRS is "to prepare summaries and digests of bills and resolutions of a public general nature introduced in the Senate or House of Representatives". For more information, refer to the User Guide that accompanies this file.</dc:description>
  </dublinCore>
</billStatus>

