<?xml version="1.0" encoding="UTF-8"?>
<billStatus>
  <bill>
    <latestAction>
      <text>Submitted in the Senate, considered, and agreed to without amendment and with a preamble by Unanimous Consent. (consideration: CR S3200; text: CR S3220)</text>
      <links />
      <actionDate>2019-06-04</actionDate>
    </latestAction>
    <notes />
    <version>1.0.0</version>
    <textVersions>
      <item>
        <date>2019-06-04T04:00:00Z</date>
        <type>Agreed to Senate</type>
        <formats>
          <item>
            <url>https://www.govinfo.gov/content/pkg/BILLS-116sres229ats/xml/BILLS-116sres229ats.xml</url>
          </item>
        </formats>
      </item>
    </textVersions>
    <congress>116</congress>
    <relatedBills />
    <actions>
      <actionTypeCounts>
        <passedOrAgreedToInSenateDayOf>1</passedOrAgreedToInSenateDayOf>
        <introducedInSenate>1</introducedInSenate>
        <passedAgreedToInSenate>1</passedAgreedToInSenate>
      </actionTypeCounts>
      <actionByCounts>
        <senate>3</senate>
      </actionByCounts>
      <item>
        <actionDate>2019-06-04</actionDate>
        <committee />
        <links>
          <link>
            <url>https://www.congress.gov/congressional-record/volume-165/senate-section/page/S3200</url>
            <name>S3200</name>
          </link>
          <link>
            <url>https://www.congress.gov/congressional-record/volume-165/senate-section/page/S3220</url>
            <name>S3220</name>
          </link>
        </links>
        <sourceSystem>
          <name>Senate</name>
          <code>0</code>
        </sourceSystem>
        <text>Submitted in the Senate, considered, and agreed to without amendment and with a preamble by Unanimous Consent. (consideration: CR S3200; text: CR S3220)</text>
        <type>Floor</type>
      </item>
      <item>
        <committee />
        <type>Floor</type>
        <actionDate>2019-06-04</actionDate>
        <actionCode>17000</actionCode>
        <links>
          <link>
            <url>https://www.congress.gov/congressional-record/volume-165/senate-section/page/S3200</url>
            <name>S3200</name>
          </link>
          <link>
            <url>https://www.congress.gov/congressional-record/volume-165/senate-section/page/S3220</url>
            <name>S3220</name>
          </link>
        </links>
        <sourceSystem>
          <name>Library of Congress</name>
          <code>9</code>
        </sourceSystem>
        <text>Passed/agreed to in Senate: Submitted in the Senate, considered, and agreed to without amendment and with a preamble by Unanimous Consent.(consideration: CR S3200; text: CR S3220)</text>
      </item>
      <item>
        <committee />
        <type>IntroReferral</type>
        <actionDate>2019-06-04</actionDate>
        <actionCode>10000</actionCode>
        <links />
        <sourceSystem>
          <name>Library of Congress</name>
          <code>9</code>
        </sourceSystem>
        <text>Introduced in Senate</text>
      </item>
    </actions>
    <committees>
      <billCommittees />
    </committees>
    <updateDate>2019-10-04T04:27:39Z</updateDate>
    <amendments />
    <billNumber>229</billNumber>
    <billType>SRES</billType>
    <cboCostEstimates />
    <recordedVotes />
    <summaries>
      <billSummaries>
        <item>
          <actionDesc>Introduced in Senate</actionDesc>
          <actionDate>2019-06-04</actionDate>
          <lastSummaryUpdateDate>2019-06-11T21:51:47Z</lastSummaryUpdateDate>
          <versionCode>00</versionCode>
          <text><![CDATA[<p>This resolution declares that the Senate has heard with profound sorrow and deep regret the announcement of the death of the Honorable William Thad Cochran, former Senator for Mississippi.</p>]]></text>
          <name>Introduced in Senate</name>
          <updateDate>2019-06-04T04:00:00Z</updateDate>
        </item>
        <item>
          <actionDesc>Passed Senate</actionDesc>
          <actionDate>2019-06-04</actionDate>
          <lastSummaryUpdateDate>2019-10-01T22:18:15Z</lastSummaryUpdateDate>
          <versionCode>55</versionCode>
          <text><![CDATA[<p>This resolution declares that the Senate has heard with profound sorrow and deep regret the announcement of the death of the Honorable William Thad Cochran, former Senator for Mississippi.</p>]]></text>
          <name>Passed Senate</name>
          <updateDate>2019-06-04T13:11:01Z</updateDate>
        </item>
      </billSummaries>
    </summaries>
    <cosponsors>
      <item>
        <firstName>Cindy</firstName>
        <bioguideId>H001079</bioguideId>
        <middleName />
        <state>MS</state>
        <identifiers>
          <bioguideId>H001079</bioguideId>
          <lisID>2366</lisID>
          <gpoId />
        </identifiers>
        <sponsorshipWithdrawnDate />
        <party>R</party>
        <lastName>Hyde-Smith</lastName>
        <isOriginalCosponsor>True</isOriginalCosponsor>
        <fullName>Sen. Hyde-Smith, Cindy [R-MS]</fullName>
        <sponsorshipDate>2019-06-04</sponsorshipDate>
      </item>
    </cosponsors>
    <subjects>
      <billSubjects>
        <legislativeSubjects>
          <item>
            <name>Congressional tributes</name>
          </item>
          <item>
            <name>Members of Congress</name>
          </item>
          <item>
            <name>Mississippi</name>
          </item>
          <item>
            <name>Senate</name>
          </item>
        </legislativeSubjects>
        <policyArea>
          <name>Congress</name>
        </policyArea>
      </billSubjects>
    </subjects>
    <titles>
      <item>
        <parentTitleType />
        <title>A resolution relative to the death of the Honorable William Thad Cochran, former United States Senator for the State of Mississippi.</title>
        <titleType>Official Title as Introduced</titleType>
        <chamberCode />
        <chamberName />
      </item>
      <item>
        <parentTitleType />
        <title>A resolution relative to the death of the Honorable William Thad Cochran, former United States Senator for the State of Mississippi.</title>
        <titleType>Display Title</titleType>
        <chamberCode />
        <chamberName />
      </item>
    </titles>
    <committeeReports />
    <originChamber>Senate</originChamber>
    <sponsors>
      <item>
        <firstName>ROGER</firstName>
        <bioguideId>W000437</bioguideId>
        <middleName>F.</middleName>
        <state>MS</state>
        <identifiers>
          <bioguideId>W000437</bioguideId>
          <gpoId>8263</gpoId>
          <lisID>1226</lisID>
        </identifiers>
        <fullName>Sen. Wicker, Roger F. [R-MS]</fullName>
        <lastName>WICKER</lastName>
        <byRequestType />
        <party>R</party>
      </item>
    </sponsors>
    <laws />
    <calendarNumbers />
    <title>A resolution relative to the death of the Honorable William Thad Cochran, former United States Senator for the State of Mississippi.</title>
    <introducedDate>2019-06-04</introducedDate>
    <createDate>2019-06-05T04:42:06Z</createDate>
    <policyArea>
      <name>Congress</name>
    </policyArea>
  </bill>
  <dublinCore xmlns:dc="http://purl.org/dc/elements/1.1/">
    <dc:format>text/xml</dc:format>
    <dc:language>EN</dc:language>
    <dc:rights>Pursuant to Title 17 Section 105 of the United States Code, this file is not subject to copyright protection and is in the public domain.</dc:rights>
    <dc:contributor>Congressional Research Service, Library of Congress</dc:contributor>
    <dc:description>This file contains bill summaries and statuses for federal legislation. A bill summary describes the most significant provisions of a piece of legislation and details the effects the legislative text may have on current law and federal programs. Bill summaries are authored by the Congressional Research Service (CRS) of the Library of Congress. As stated in Public Law 91-510 (2 USC 166 (d)(6)), one of the duties of CRS is "to prepare summaries and digests of bills and resolutions of a public general nature introduced in the Senate or House of Representatives". For more information, refer to the User Guide that accompanies this file.</dc:description>
  </dublinCore>
</billStatus>

