<?xml version="1.0" encoding="UTF-8"?>
<billStatus>
  <bill>
    <subjects>
      <billSubjects>
        <legislativeSubjects>
          <item>
            <name>Commemorative events and holidays</name>
          </item>
          <item>
            <name>Educational guidance</name>
          </item>
          <item>
            <name>Elementary and secondary education</name>
          </item>
          <item>
            <name>Teaching, teachers, curricula</name>
          </item>
        </legislativeSubjects>
        <policyArea>
          <name>Education</name>
        </policyArea>
      </billSubjects>
    </subjects>
    <originChamber>Senate</originChamber>
    <laws />
    <createDate>2019-02-01T05:40:15Z</createDate>
    <relatedBills>
      <item>
        <type>HJRES</type>
        <number>42</number>
        <relationshipDetails>
          <item>
            <type>Related bill</type>
            <identifiedBy>CRS</identifiedBy>
          </item>
        </relationshipDetails>
        <latestTitle>Expressing support for designation of the week of February 4, 2019, through February 8, 2019, as "National School Counseling Week".</latestTitle>
        <latestAction>
          <text>Referred to the House Committee on Education and Labor.</text>
          <actionDate>2019-02-05</actionDate>
        </latestAction>
        <congress>116</congress>
      </item>
    </relatedBills>
    <cosponsors>
      <item>
        <isOriginalCosponsor>True</isOriginalCosponsor>
        <firstName>SUSAN</firstName>
        <state>ME</state>
        <lastName>COLLINS</lastName>
        <bioguideId>C001035</bioguideId>
        <fullName>Sen. Collins, Susan M. [R-ME]</fullName>
        <middleName>MARGARET</middleName>
        <party>R</party>
        <sponsorshipDate>2019-01-31</sponsorshipDate>
        <sponsorshipWithdrawnDate />
        <identifiers>
          <lisID>1541</lisID>
          <bioguideId>C001035</bioguideId>
          <gpoId>8291</gpoId>
        </identifiers>
      </item>
      <item>
        <isOriginalCosponsor>True</isOriginalCosponsor>
        <firstName>Roy</firstName>
        <state>MO</state>
        <lastName>Blunt</lastName>
        <bioguideId>B000575</bioguideId>
        <fullName>Sen. Blunt, Roy [R-MO]</fullName>
        <middleName />
        <party>R</party>
        <sponsorshipDate>2019-01-31</sponsorshipDate>
        <sponsorshipWithdrawnDate />
        <identifiers>
          <lisID>1464</lisID>
          <bioguideId>B000575</bioguideId>
          <gpoId>8313</gpoId>
        </identifiers>
      </item>
      <item>
        <isOriginalCosponsor>True</isOriginalCosponsor>
        <firstName>DIANNE</firstName>
        <state>CA</state>
        <lastName>FEINSTEIN</lastName>
        <bioguideId>F000062</bioguideId>
        <fullName>Sen. Feinstein, Dianne [D-CA]</fullName>
        <middleName />
        <party>D</party>
        <sponsorshipDate>2019-01-31</sponsorshipDate>
        <sponsorshipWithdrawnDate />
        <identifiers>
          <gpoId>8338</gpoId>
          <bioguideId>F000062</bioguideId>
          <lisID>1332</lisID>
        </identifiers>
      </item>
      <item>
        <isOriginalCosponsor>True</isOriginalCosponsor>
        <firstName>Johnny</firstName>
        <state>GA</state>
        <lastName>Isakson</lastName>
        <bioguideId>I000055</bioguideId>
        <fullName>Sen. Isakson, Johnny [R-GA]</fullName>
        <middleName />
        <party>R</party>
        <sponsorshipDate>2019-01-31</sponsorshipDate>
        <sponsorshipWithdrawnDate />
        <identifiers>
          <lisID>1608</lisID>
          <bioguideId>I000055</bioguideId>
          <gpoId>8323</gpoId>
        </identifiers>
      </item>
      <item>
        <isOriginalCosponsor>True</isOriginalCosponsor>
        <firstName>Christopher</firstName>
        <state>CT</state>
        <lastName>Murphy</lastName>
        <bioguideId>M001169</bioguideId>
        <fullName>Sen. Murphy, Christopher [D-CT]</fullName>
        <middleName />
        <party>D</party>
        <sponsorshipDate>2019-01-31</sponsorshipDate>
        <sponsorshipWithdrawnDate />
        <identifiers>
          <lisID>1837</lisID>
          <bioguideId>M001169</bioguideId>
          <gpoId>7870</gpoId>
        </identifiers>
      </item>
      <item>
        <isOriginalCosponsor>True</isOriginalCosponsor>
        <firstName>John</firstName>
        <state>TX</state>
        <lastName>Cornyn</lastName>
        <bioguideId>C001056</bioguideId>
        <fullName>Sen. Cornyn, John [R-TX]</fullName>
        <middleName />
        <party>R</party>
        <sponsorshipDate>2019-01-31</sponsorshipDate>
        <sponsorshipWithdrawnDate />
        <identifiers>
          <lisID>1692</lisID>
          <bioguideId>C001056</bioguideId>
          <gpoId>8295</gpoId>
        </identifiers>
      </item>
      <item>
        <isOriginalCosponsor>True</isOriginalCosponsor>
        <firstName>Margaret</firstName>
        <state>NH</state>
        <lastName>Hassan</lastName>
        <bioguideId>H001076</bioguideId>
        <fullName>Sen. Hassan, Margaret Wood [D-NH]</fullName>
        <middleName>Wood</middleName>
        <party>D</party>
        <sponsorshipDate>2019-01-31</sponsorshipDate>
        <sponsorshipWithdrawnDate />
        <identifiers>
          <bioguideId>H001076</bioguideId>
          <lisID>2302</lisID>
          <gpoId />
        </identifiers>
      </item>
      <item>
        <isOriginalCosponsor>True</isOriginalCosponsor>
        <firstName>Bob</firstName>
        <state>PA</state>
        <lastName>Casey</lastName>
        <bioguideId>C001070</bioguideId>
        <fullName>Sen. Casey, Robert P., Jr. [D-PA]</fullName>
        <middleName />
        <party>D</party>
        <sponsorshipDate>2019-01-31</sponsorshipDate>
        <sponsorshipWithdrawnDate />
        <identifiers>
          <gpoId>8282</gpoId>
          <bioguideId>C001070</bioguideId>
          <lisID>1828</lisID>
        </identifiers>
      </item>
      <item>
        <isOriginalCosponsor>True</isOriginalCosponsor>
        <firstName>Catherine</firstName>
        <state>NV</state>
        <lastName>Cortez Masto</lastName>
        <bioguideId>C001113</bioguideId>
        <fullName>Sen. Cortez Masto, Catherine  [D-NV]</fullName>
        <middleName />
        <party>D</party>
        <sponsorshipDate>2019-01-31</sponsorshipDate>
        <sponsorshipWithdrawnDate />
        <identifiers>
          <lisID>2299</lisID>
          <bioguideId>C001113</bioguideId>
          <gpoId />
        </identifiers>
      </item>
      <item>
        <isOriginalCosponsor>True</isOriginalCosponsor>
        <firstName>RON</firstName>
        <state>OR</state>
        <lastName>WYDEN</lastName>
        <bioguideId>W000779</bioguideId>
        <fullName>Sen. Wyden, Ron [D-OR]</fullName>
        <middleName />
        <party>D</party>
        <sponsorshipDate>2019-01-31</sponsorshipDate>
        <sponsorshipWithdrawnDate />
        <identifiers>
          <bioguideId>W000779</bioguideId>
          <lisID>1247</lisID>
          <gpoId>8265</gpoId>
        </identifiers>
      </item>
      <item>
        <isOriginalCosponsor>True</isOriginalCosponsor>
        <firstName>Bernard</firstName>
        <state>VT</state>
        <lastName>Sanders</lastName>
        <bioguideId>S000033</bioguideId>
        <fullName>Sen. Sanders, Bernard [I-VT]</fullName>
        <middleName />
        <party>I</party>
        <sponsorshipDate>2019-01-31</sponsorshipDate>
        <sponsorshipWithdrawnDate />
        <identifiers>
          <gpoId>8270</gpoId>
          <bioguideId>S000033</bioguideId>
          <lisID>1010</lisID>
        </identifiers>
      </item>
      <item>
        <isOriginalCosponsor>True</isOriginalCosponsor>
        <firstName>Angus</firstName>
        <state>ME</state>
        <lastName>King</lastName>
        <bioguideId>K000383</bioguideId>
        <fullName>Sen. King, Angus S., Jr. [I-ME]</fullName>
        <middleName />
        <party>I</party>
        <sponsorshipDate>2019-01-31</sponsorshipDate>
        <sponsorshipWithdrawnDate />
        <identifiers>
          <lisID>2185</lisID>
          <bioguideId>K000383</bioguideId>
          <gpoId />
        </identifiers>
      </item>
      <item>
        <isOriginalCosponsor>True</isOriginalCosponsor>
        <firstName>Richard</firstName>
        <state>CT</state>
        <lastName>Blumenthal</lastName>
        <bioguideId>B001277</bioguideId>
        <fullName>Sen. Blumenthal, Richard [D-CT]</fullName>
        <middleName />
        <party>D</party>
        <sponsorshipDate>2019-01-31</sponsorshipDate>
        <sponsorshipWithdrawnDate />
        <identifiers>
          <bioguideId>B001277</bioguideId>
          <lisID>2076</lisID>
          <gpoId>8332</gpoId>
        </identifiers>
      </item>
      <item>
        <isOriginalCosponsor>True</isOriginalCosponsor>
        <firstName>RICHARD</firstName>
        <state>IL</state>
        <lastName>DURBIN</lastName>
        <bioguideId>D000563</bioguideId>
        <fullName>Sen. Durbin, Richard J. [D-IL]</fullName>
        <middleName>J.</middleName>
        <party>D</party>
        <sponsorshipDate>2019-01-31</sponsorshipDate>
        <sponsorshipWithdrawnDate />
        <identifiers>
          <bioguideId>D000563</bioguideId>
          <lisID>326</lisID>
          <gpoId>8326</gpoId>
        </identifiers>
      </item>
      <item>
        <isOriginalCosponsor>True</isOriginalCosponsor>
        <firstName>MARIA</firstName>
        <state>WA</state>
        <lastName>CANTWELL</lastName>
        <bioguideId>C000127</bioguideId>
        <fullName>Sen. Cantwell, Maria [D-WA]</fullName>
        <middleName />
        <party>D</party>
        <sponsorshipDate>2019-01-31</sponsorshipDate>
        <sponsorshipWithdrawnDate />
        <identifiers>
          <lisID>172</lisID>
          <bioguideId>C000127</bioguideId>
          <gpoId>8288</gpoId>
        </identifiers>
      </item>
      <item>
        <isOriginalCosponsor>True</isOriginalCosponsor>
        <firstName>Amy</firstName>
        <state>MN</state>
        <lastName>Klobuchar</lastName>
        <bioguideId>K000367</bioguideId>
        <fullName>Sen. Klobuchar, Amy [D-MN]</fullName>
        <middleName />
        <party>D</party>
        <sponsorshipDate>2019-01-31</sponsorshipDate>
        <sponsorshipWithdrawnDate />
        <identifiers>
          <lisID>1826</lisID>
          <bioguideId>K000367</bioguideId>
          <gpoId>8249</gpoId>
        </identifiers>
      </item>
      <item>
        <isOriginalCosponsor>True</isOriginalCosponsor>
        <firstName>DEBORAH</firstName>
        <state>MI</state>
        <lastName>STABENOW</lastName>
        <bioguideId>S000770</bioguideId>
        <fullName>Sen. Stabenow, Debbie [D-MI]</fullName>
        <middleName>ANN</middleName>
        <party>D</party>
        <sponsorshipDate>2019-01-31</sponsorshipDate>
        <sponsorshipWithdrawnDate />
        <identifiers>
          <gpoId>8261</gpoId>
          <bioguideId>S000770</bioguideId>
          <lisID>1531</lisID>
        </identifiers>
      </item>
      <item>
        <isOriginalCosponsor>True</isOriginalCosponsor>
        <firstName>Tammy</firstName>
        <state>WI</state>
        <lastName>Baldwin</lastName>
        <bioguideId>B001230</bioguideId>
        <fullName>Sen. Baldwin, Tammy [D-WI]</fullName>
        <middleName />
        <party>D</party>
        <sponsorshipDate>2019-01-31</sponsorshipDate>
        <sponsorshipWithdrawnDate />
        <identifiers>
          <bioguideId>B001230</bioguideId>
          <lisID>1558</lisID>
          <gpoId>8215</gpoId>
        </identifiers>
      </item>
      <item>
        <isOriginalCosponsor>True</isOriginalCosponsor>
        <firstName>Jeff</firstName>
        <state>OR</state>
        <lastName>Merkley</lastName>
        <bioguideId>M001176</bioguideId>
        <fullName>Sen. Merkley, Jeff [D-OR]</fullName>
        <middleName />
        <party>D</party>
        <sponsorshipDate>2019-01-31</sponsorshipDate>
        <sponsorshipWithdrawnDate />
        <identifiers>
          <lisID>1900</lisID>
          <bioguideId>M001176</bioguideId>
          <gpoId>8238</gpoId>
        </identifiers>
      </item>
      <item>
        <isOriginalCosponsor>True</isOriginalCosponsor>
        <firstName>Mazie</firstName>
        <state>HI</state>
        <lastName>Hirono</lastName>
        <bioguideId>H001042</bioguideId>
        <fullName>Sen. Hirono, Mazie K. [D-HI]</fullName>
        <middleName>K.</middleName>
        <party>D</party>
        <sponsorshipDate>2019-01-31</sponsorshipDate>
        <sponsorshipWithdrawnDate />
        <identifiers>
          <gpoId>7913</gpoId>
          <bioguideId>H001042</bioguideId>
          <lisID>1844</lisID>
        </identifiers>
      </item>
      <item>
        <isOriginalCosponsor>True</isOriginalCosponsor>
        <firstName>Kamala</firstName>
        <state>CA</state>
        <lastName>Harris</lastName>
        <bioguideId>H001075</bioguideId>
        <fullName>Sen. Harris, Kamala D. [D-CA]</fullName>
        <middleName>D.</middleName>
        <party>D</party>
        <sponsorshipDate>2019-01-31</sponsorshipDate>
        <sponsorshipWithdrawnDate />
        <identifiers>
          <gpoId />
          <lisID>2301</lisID>
          <bioguideId>H001075</bioguideId>
        </identifiers>
      </item>
      <item>
        <isOriginalCosponsor>True</isOriginalCosponsor>
        <firstName>Gary</firstName>
        <state>MI</state>
        <lastName>Peters</lastName>
        <bioguideId>P000595</bioguideId>
        <fullName>Sen. Peters, Gary C. [D-MI]</fullName>
        <middleName>C.</middleName>
        <party>D</party>
        <sponsorshipDate>2019-01-31</sponsorshipDate>
        <sponsorshipWithdrawnDate />
        <identifiers>
          <gpoId>7994</gpoId>
          <bioguideId>P000595</bioguideId>
          <lisID>1929</lisID>
        </identifiers>
      </item>
      <item>
        <isOriginalCosponsor>True</isOriginalCosponsor>
        <firstName>Christopher</firstName>
        <state>DE</state>
        <lastName>Coons</lastName>
        <bioguideId>C001088</bioguideId>
        <fullName>Sen. Coons, Christopher A. [D-DE]</fullName>
        <middleName>A.</middleName>
        <party>D</party>
        <sponsorshipDate>2019-01-31</sponsorshipDate>
        <sponsorshipWithdrawnDate />
        <identifiers>
          <lisID>1984</lisID>
          <bioguideId>C001088</bioguideId>
          <gpoId>8297</gpoId>
        </identifiers>
      </item>
      <item>
        <isOriginalCosponsor>True</isOriginalCosponsor>
        <firstName>Tammy</firstName>
        <state>IL</state>
        <lastName>Duckworth</lastName>
        <bioguideId>D000622</bioguideId>
        <fullName>Sen. Duckworth, Tammy [D-IL]</fullName>
        <middleName />
        <party>D</party>
        <sponsorshipDate>2019-01-31</sponsorshipDate>
        <sponsorshipWithdrawnDate />
        <identifiers>
          <lisID>2123</lisID>
          <bioguideId>D000622</bioguideId>
          <gpoId />
        </identifiers>
      </item>
    </cosponsors>
    <version>1.0.0</version>
    <actions>
      <actionTypeCounts>
        <introducedInSenate>1</introducedInSenate>
        <passedAgreedToInSenate>1</passedAgreedToInSenate>
        <passedOrAgreedToInSenateDayOf>1</passedOrAgreedToInSenateDayOf>
      </actionTypeCounts>
      <actionByCounts>
        <senate>3</senate>
      </actionByCounts>
      <item>
        <actionDate>2019-01-31</actionDate>
        <committee />
        <links>
          <link>
            <name>S811-812</name>
            <url>https://www.congress.gov/congressional-record/volume-165/senate-section/page/S811-812</url>
          </link>
          <link>
            <name>S815</name>
            <url>https://www.congress.gov/congressional-record/volume-165/senate-section/page/S815</url>
          </link>
        </links>
        <sourceSystem>
          <name>Senate</name>
          <code>0</code>
        </sourceSystem>
        <text>Submitted in the Senate, considered, and agreed to without amendment and with a preamble by Voice Vote. (consideration: CR S815; text: CR S811-812)</text>
        <type>Floor</type>
      </item>
      <item>
        <links>
          <link>
            <name>S811-812</name>
            <url>https://www.congress.gov/congressional-record/volume-165/senate-section/page/S811-812</url>
          </link>
          <link>
            <name>S815</name>
            <url>https://www.congress.gov/congressional-record/volume-165/senate-section/page/S815</url>
          </link>
        </links>
        <sourceSystem>
          <name>Library of Congress</name>
          <code>9</code>
        </sourceSystem>
        <committee />
        <actionCode>17000</actionCode>
        <text>Passed/agreed to in Senate: Submitted in the Senate, considered, and agreed to without amendment and with a preamble by Voice Vote.(consideration: CR S815; text: CR S811-812)</text>
        <actionDate>2019-01-31</actionDate>
        <type>Floor</type>
      </item>
      <item>
        <links />
        <sourceSystem>
          <name>Library of Congress</name>
          <code>9</code>
        </sourceSystem>
        <committee />
        <actionCode>10000</actionCode>
        <text>Introduced in Senate</text>
        <actionDate>2019-01-31</actionDate>
        <type>IntroReferral</type>
      </item>
    </actions>
    <title>A resolution designating the week of February 4 through 8, 2019, as "National School Counseling Week".</title>
    <committeeReports />
    <sponsors>
      <item>
        <firstName>PATTY</firstName>
        <state>WA</state>
        <bioguideId>M001111</bioguideId>
        <fullName>Sen. Murray, Patty [D-WA]</fullName>
        <middleName />
        <party>D</party>
        <lastName>MURRAY</lastName>
        <identifiers>
          <lisID>1409</lisID>
          <bioguideId>M001111</bioguideId>
          <gpoId>8237</gpoId>
        </identifiers>
        <byRequestType />
      </item>
    </sponsors>
    <introducedDate>2019-01-31</introducedDate>
    <titles>
      <item>
        <parentTitleType />
        <chamberCode />
        <titleType>Official Title as Introduced</titleType>
        <chamberName />
        <title>A resolution designating the week of February 4 through 8, 2019, as "National School Counseling Week".</title>
      </item>
      <item>
        <parentTitleType />
        <chamberCode />
        <titleType>Display Title</titleType>
        <chamberName />
        <title>A resolution designating the week of February 4 through 8, 2019, as "National School Counseling Week".</title>
      </item>
    </titles>
    <calendarNumbers />
    <committees>
      <billCommittees />
    </committees>
    <amendments />
    <summaries>
      <billSummaries>
        <item>
          <text><![CDATA[<p>This resolution designates February 4-February 8, 2019, as National School Counseling Week.</p>]]></text>
          <lastSummaryUpdateDate>2019-02-07T21:07:09Z</lastSummaryUpdateDate>
          <actionDate>2019-01-31</actionDate>
          <name>Introduced in Senate</name>
          <versionCode>00</versionCode>
          <actionDesc>Introduced in Senate</actionDesc>
          <updateDate>2019-01-31T05:00:00Z</updateDate>
        </item>
        <item>
          <text><![CDATA[<p>This resolution designates February 4-February 8, 2019, as National School Counseling Week.</p>]]></text>
          <lastSummaryUpdateDate>2019-05-06T14:54:51Z</lastSummaryUpdateDate>
          <actionDate>2019-01-31</actionDate>
          <name>Passed Senate</name>
          <versionCode>55</versionCode>
          <actionDesc>Passed Senate</actionDesc>
          <updateDate>2019-01-31T14:39:42Z</updateDate>
        </item>
      </billSummaries>
    </summaries>
    <congress>116</congress>
    <cboCostEstimates />
    <policyArea>
      <name>Education</name>
    </policyArea>
    <notes />
    <billType>SRES</billType>
    <latestAction>
      <links />
      <actionDate>2019-01-31</actionDate>
      <text>Submitted in the Senate, considered, and agreed to without amendment and with a preamble by Voice Vote. (consideration: CR S815; text: CR S811-812)</text>
    </latestAction>
    <recordedVotes />
    <updateDate>2019-05-09T04:42:29Z</updateDate>
    <billNumber>38</billNumber>
    <textVersions>
      <item>
        <type>Agreed to Senate</type>
        <date>2019-01-31T05:00:00Z</date>
        <formats>
          <item>
            <url>https://www.govinfo.gov/content/pkg/BILLS-116sres38ats/xml/BILLS-116sres38ats.xml</url>
          </item>
        </formats>
      </item>
    </textVersions>
  </bill>
  <dublinCore xmlns:dc="http://purl.org/dc/elements/1.1/">
    <dc:format>text/xml</dc:format>
    <dc:language>EN</dc:language>
    <dc:rights>Pursuant to Title 17 Section 105 of the United States Code, this file is not subject to copyright protection and is in the public domain.</dc:rights>
    <dc:contributor>Congressional Research Service, Library of Congress</dc:contributor>
    <dc:description>This file contains bill summaries and statuses for federal legislation. A bill summary describes the most significant provisions of a piece of legislation and details the effects the legislative text may have on current law and federal programs. Bill summaries are authored by the Congressional Research Service (CRS) of the Library of Congress. As stated in Public Law 91-510 (2 USC 166 (d)(6)), one of the duties of CRS is "to prepare summaries and digests of bills and resolutions of a public general nature introduced in the Senate or House of Representatives". For more information, refer to the User Guide that accompanies this file.</dc:description>
  </dublinCore>
</billStatus>

