<?xml version="1.0" encoding="UTF-8"?>
<billStatus>
  <bill>
    <amendments />
    <summaries>
      <billSummaries>
        <item>
          <text><![CDATA[<p>This resolution designates April 24, 2019, as Meningitis B Awareness Day. (Meningococcal disease is more commonly referred to as bacterial meningitis and can cause an&nbsp;infection of the lining of the brain and spinal cord.)</p>]]></text>
          <lastSummaryUpdateDate>2019-10-07T21:26:15Z</lastSummaryUpdateDate>
          <name>Introduced in Senate</name>
          <updateDate>2019-04-11T04:00:00Z</updateDate>
          <versionCode>00</versionCode>
          <actionDesc>Introduced in Senate</actionDesc>
          <actionDate>2019-04-11</actionDate>
        </item>
      </billSummaries>
    </summaries>
    <laws />
    <committees>
      <billCommittees>
        <item>
          <type>Standing</type>
          <name>Judiciary Committee</name>
          <subcommittees />
          <systemCode>ssju00</systemCode>
          <chamber>Senate</chamber>
          <activities>
            <item>
              <name>Referred to</name>
              <date>2019-04-11T16:15:29Z</date>
            </item>
          </activities>
        </item>
      </billCommittees>
    </committees>
    <billNumber>159</billNumber>
    <subjects>
      <billSubjects>
        <legislativeSubjects>
          <item>
            <name>Commemorative events and holidays</name>
          </item>
          <item>
            <name>Health care costs and insurance</name>
          </item>
          <item>
            <name>Health care coverage and access</name>
          </item>
          <item>
            <name>Health promotion and preventive care</name>
          </item>
          <item>
            <name>Infectious and parasitic diseases</name>
          </item>
          <item>
            <name>Neurological disorders</name>
          </item>
        </legislativeSubjects>
        <policyArea>
          <name>Health</name>
        </policyArea>
      </billSubjects>
    </subjects>
    <actions>
      <actionTypeCounts>
        <referredToCommittee>1</referredToCommittee>
        <introducedInSenate>1</introducedInSenate>
      </actionTypeCounts>
      <item>
        <actionDate>2019-04-11</actionDate>
        <committee>
          <name>Judiciary Committee</name>
          <systemCode>ssju00</systemCode>
        </committee>
        <links>
          <link>
            <url>https://www.congress.gov/congressional-record/volume-165/senate-section/page/S2439</url>
            <name>S2439</name>
          </link>
        </links>
        <sourceSystem>
          <code>0</code>
          <name>Senate</name>
        </sourceSystem>
        <text>Referred to the Committee on the Judiciary. (text: CR S2439)</text>
        <type>IntroReferral</type>
      </item>
      <item>
        <text>Introduced in Senate</text>
        <actionDate>2019-04-11</actionDate>
        <committee />
        <sourceSystem>
          <code>9</code>
          <name>Library of Congress</name>
        </sourceSystem>
        <actionCode>10000</actionCode>
        <type>IntroReferral</type>
        <links />
      </item>
      <actionByCounts>
        <senate>2</senate>
      </actionByCounts>
    </actions>
    <policyArea>
      <name>Health</name>
    </policyArea>
    <calendarNumbers />
    <version>1.0.0</version>
    <congress>116</congress>
    <sponsors>
      <item>
        <middleName>C.</middleName>
        <bioguideId>P000595</bioguideId>
        <byRequestType />
        <state>MI</state>
        <fullName>Sen. Peters, Gary C. [D-MI]</fullName>
        <identifiers>
          <gpoId>7994</gpoId>
          <lisID>1929</lisID>
          <bioguideId>P000595</bioguideId>
        </identifiers>
        <firstName>Gary</firstName>
        <lastName>Peters</lastName>
        <party>D</party>
      </item>
    </sponsors>
    <textVersions>
      <item>
        <date>2019-04-11T04:00:00Z</date>
        <type>Introduced in Senate</type>
        <formats>
          <item>
            <url>https://www.govinfo.gov/content/pkg/BILLS-116sres159is/xml/BILLS-116sres159is.xml</url>
          </item>
        </formats>
      </item>
    </textVersions>
    <originChamber>Senate</originChamber>
    <recordedVotes />
    <createDate>2019-04-12T04:57:08Z</createDate>
    <notes />
    <introducedDate>2019-04-11</introducedDate>
    <titles>
      <item>
        <parentTitleType />
        <title>A resolution designating April 24, 2019, as "Meningitis B Awareness Day".</title>
        <chamberCode />
        <chamberName />
        <titleType>Official Title as Introduced</titleType>
      </item>
      <item>
        <parentTitleType />
        <title>A resolution designating April 24, 2019, as "Meningitis B Awareness Day".</title>
        <chamberCode />
        <chamberName />
        <titleType>Display Title</titleType>
      </item>
    </titles>
    <committeeReports />
    <latestAction>
      <actionDate>2019-04-11</actionDate>
      <text>Referred to the Committee on the Judiciary. (text: CR S2439)</text>
      <links />
    </latestAction>
    <cosponsors>
      <item>
        <party>D</party>
        <middleName>ANN</middleName>
        <sponsorshipDate>2019-04-11</sponsorshipDate>
        <isOriginalCosponsor>True</isOriginalCosponsor>
        <sponsorshipWithdrawnDate />
        <identifiers>
          <gpoId>8261</gpoId>
          <lisID>1531</lisID>
          <bioguideId>S000770</bioguideId>
        </identifiers>
        <firstName>DEBORAH</firstName>
        <bioguideId>S000770</bioguideId>
        <state>MI</state>
        <lastName>STABENOW</lastName>
        <fullName>Sen. Stabenow, Debbie [D-MI]</fullName>
      </item>
    </cosponsors>
    <title>A resolution designating April 24, 2019, as "Meningitis B Awareness Day".</title>
    <updateDate>2019-10-10T04:27:34Z</updateDate>
    <billType>SRES</billType>
    <cboCostEstimates />
    <relatedBills>
      <item>
        <latestTitle>Designating April 24, 2019, as "Meningitis B Awareness Day".</latestTitle>
        <type>HRES</type>
        <number>313</number>
        <congress>116</congress>
        <latestAction>
          <text>Referred to the House Committee on Energy and Commerce.</text>
          <actionDate>2019-04-10</actionDate>
        </latestAction>
        <relationshipDetails>
          <item>
            <identifiedBy>CRS</identifiedBy>
            <type>Related bill</type>
          </item>
        </relationshipDetails>
      </item>
    </relatedBills>
  </bill>
  <dublinCore xmlns:dc="http://purl.org/dc/elements/1.1/">
    <dc:format>text/xml</dc:format>
    <dc:language>EN</dc:language>
    <dc:rights>Pursuant to Title 17 Section 105 of the United States Code, this file is not subject to copyright protection and is in the public domain.</dc:rights>
    <dc:contributor>Congressional Research Service, Library of Congress</dc:contributor>
    <dc:description>This file contains bill summaries and statuses for federal legislation. A bill summary describes the most significant provisions of a piece of legislation and details the effects the legislative text may have on current law and federal programs. Bill summaries are authored by the Congressional Research Service (CRS) of the Library of Congress. As stated in Public Law 91-510 (2 USC 166 (d)(6)), one of the duties of CRS is "to prepare summaries and digests of bills and resolutions of a public general nature introduced in the Senate or House of Representatives". For more information, refer to the User Guide that accompanies this file.</dc:description>
  </dublinCore>
</billStatus>

