<?xml version="1.0" encoding="UTF-8"?>
<billStatus>
  <bill>
    <policyArea>
      <name>International Affairs</name>
    </policyArea>
    <relatedBills>
      <item>
        <latestAction>
          <text>Referred to the House Committee on Foreign Affairs.</text>
          <actionDate>2019-05-20</actionDate>
        </latestAction>
        <type>HRES</type>
        <relationshipDetails>
          <item>
            <type>Identical bill</type>
            <identifiedBy>CRS</identifiedBy>
          </item>
        </relationshipDetails>
        <congress>116</congress>
        <number>390</number>
        <latestTitle>Opposing the lifting of sanctions imposed with respect to Iran without addressing Iran's nuclear program, ballistic missile development, support for terrorism, and other destabilizing activities.</latestTitle>
      </item>
    </relatedBills>
    <introducedDate>2019-05-08</introducedDate>
    <committeeReports />
    <amendments />
    <textVersions>
      <item>
        <date>2019-05-08T04:00:00Z</date>
        <type>Introduced in Senate</type>
        <formats>
          <item>
            <url>https://www.govinfo.gov/content/pkg/BILLS-116sres195is/xml/BILLS-116sres195is.xml</url>
          </item>
        </formats>
      </item>
    </textVersions>
    <cboCostEstimates />
    <subjects>
      <billSubjects>
        <legislativeSubjects>
          <item>
            <name>Arms control and nonproliferation</name>
          </item>
          <item>
            <name>Chemical and biological weapons</name>
          </item>
          <item>
            <name>International law and treaties</name>
          </item>
          <item>
            <name>Iran</name>
          </item>
          <item>
            <name>Middle East</name>
          </item>
          <item>
            <name>Nuclear weapons</name>
          </item>
          <item>
            <name>Oil and gas</name>
          </item>
          <item>
            <name>Sanctions</name>
          </item>
          <item>
            <name>Terrorism</name>
          </item>
          <item>
            <name>Trade restrictions</name>
          </item>
        </legislativeSubjects>
        <policyArea>
          <name>International Affairs</name>
        </policyArea>
      </billSubjects>
    </subjects>
    <laws />
    <calendarNumbers />
    <notes />
    <actions>
      <actionTypeCounts>
        <introducedInSenate>1</introducedInSenate>
        <referredToCommittee>1</referredToCommittee>
      </actionTypeCounts>
      <item>
        <actionDate>2019-05-08</actionDate>
        <committee>
          <systemCode>ssfr00</systemCode>
          <name>Foreign Relations Committee</name>
        </committee>
        <links />
        <sourceSystem>
          <code>0</code>
          <name>Senate</name>
        </sourceSystem>
        <text>Referred to the Committee on Foreign Relations.</text>
        <type>IntroReferral</type>
      </item>
      <item>
        <actionCode>10000</actionCode>
        <text>Introduced in Senate</text>
        <sourceSystem>
          <code>9</code>
          <name>Library of Congress</name>
        </sourceSystem>
        <actionDate>2019-05-08</actionDate>
        <type>IntroReferral</type>
        <links />
        <committee />
      </item>
      <actionByCounts>
        <senate>2</senate>
      </actionByCounts>
    </actions>
    <originChamber>Senate</originChamber>
    <committees>
      <billCommittees>
        <item>
          <subcommittees />
          <type>Standing</type>
          <systemCode>ssfr00</systemCode>
          <chamber>Senate</chamber>
          <name>Foreign Relations Committee</name>
          <activities>
            <item>
              <date>2019-05-08T20:21:50Z</date>
              <name>Referred to</name>
            </item>
          </activities>
        </item>
      </billCommittees>
    </committees>
    <titles>
      <item>
        <title>A resolution opposing the lifting of sanctions imposed with respect to Iran without addressing Iran's nuclear program, ballistic missile development, support for terrorism, and other destabilizing activities.</title>
        <parentTitleType />
        <titleType>Official Title as Introduced</titleType>
        <chamberName />
        <chamberCode />
      </item>
      <item>
        <title>A resolution opposing the lifting of sanctions imposed with respect to Iran without addressing Iran's nuclear program, ballistic missile development, support for terrorism, and other destabilizing activities.</title>
        <parentTitleType />
        <titleType>Display Title</titleType>
        <chamberName />
        <chamberCode />
      </item>
    </titles>
    <summaries>
      <billSummaries />
    </summaries>
    <recordedVotes />
    <title>A resolution opposing the lifting of sanctions imposed with respect to Iran without addressing Iran's nuclear program, ballistic missile development, support for terrorism, and other destabilizing activities.</title>
    <sponsors>
      <item>
        <party>R</party>
        <state>AR</state>
        <identifiers>
          <lisID>2098</lisID>
          <gpoId />
          <bioguideId>C001095</bioguideId>
        </identifiers>
        <middleName />
        <byRequestType />
        <bioguideId>C001095</bioguideId>
        <firstName>Tom</firstName>
        <fullName>Sen. Cotton, Tom [R-AR]</fullName>
        <lastName>Cotton</lastName>
      </item>
    </sponsors>
    <cosponsors>
      <item>
        <party>R</party>
        <lastName>Rubio</lastName>
        <firstName>Marco</firstName>
        <bioguideId>R000595</bioguideId>
        <state>FL</state>
        <sponsorshipDate>2019-05-08</sponsorshipDate>
        <fullName>Sen. Rubio, Marco [R-FL]</fullName>
        <identifiers>
          <lisID>2084</lisID>
          <gpoId>8242</gpoId>
          <bioguideId>R000595</bioguideId>
        </identifiers>
        <middleName />
        <sponsorshipWithdrawnDate />
        <isOriginalCosponsor>True</isOriginalCosponsor>
      </item>
      <item>
        <party>R</party>
        <lastName>Cruz</lastName>
        <firstName>Ted</firstName>
        <bioguideId>C001098</bioguideId>
        <state>TX</state>
        <sponsorshipDate>2019-05-08</sponsorshipDate>
        <fullName>Sen. Cruz, Ted [R-TX]</fullName>
        <identifiers>
          <bioguideId>C001098</bioguideId>
          <lisID>2175</lisID>
          <gpoId />
        </identifiers>
        <middleName />
        <sponsorshipWithdrawnDate />
        <isOriginalCosponsor>True</isOriginalCosponsor>
      </item>
      <item>
        <party>R</party>
        <lastName>Braun</lastName>
        <firstName>Mike</firstName>
        <bioguideId>B001310</bioguideId>
        <state>IN</state>
        <sponsorshipDate>2019-05-08</sponsorshipDate>
        <fullName>Sen. Braun, Mike  [R-IN]</fullName>
        <identifiers>
          <lisID>2462</lisID>
          <gpoId />
          <bioguideId>B001310</bioguideId>
        </identifiers>
        <middleName />
        <sponsorshipWithdrawnDate />
        <isOriginalCosponsor>True</isOriginalCosponsor>
      </item>
      <item>
        <party>R</party>
        <lastName>Hawley</lastName>
        <firstName>Josh</firstName>
        <bioguideId>H001089</bioguideId>
        <state>MO</state>
        <sponsorshipDate>2019-05-08</sponsorshipDate>
        <fullName>Sen. Hawley, Josh  [R-MO]</fullName>
        <identifiers>
          <bioguideId>H001089</bioguideId>
          <lisID>2464</lisID>
          <gpoId />
        </identifiers>
        <middleName />
        <sponsorshipWithdrawnDate />
        <isOriginalCosponsor>True</isOriginalCosponsor>
      </item>
      <item>
        <party>R</party>
        <lastName>Blackburn</lastName>
        <firstName>Marsha</firstName>
        <bioguideId>B001243</bioguideId>
        <state>TN</state>
        <sponsorshipDate>2019-05-08</sponsorshipDate>
        <fullName>Sen. Blackburn, Marsha [R-TN]</fullName>
        <identifiers>
          <bioguideId>B001243</bioguideId>
          <gpoId>8154</gpoId>
          <lisID>1748</lisID>
        </identifiers>
        <middleName />
        <sponsorshipWithdrawnDate />
        <isOriginalCosponsor>True</isOriginalCosponsor>
      </item>
      <item>
        <party>R</party>
        <lastName>Young</lastName>
        <firstName>Todd</firstName>
        <bioguideId>Y000064</bioguideId>
        <state>IN</state>
        <sponsorshipDate>2019-05-08</sponsorshipDate>
        <fullName>Sen. Young, Todd [R-IN]</fullName>
        <identifiers>
          <bioguideId>Y000064</bioguideId>
          <gpoId>7948</gpoId>
          <lisID>2019</lisID>
        </identifiers>
        <middleName />
        <sponsorshipWithdrawnDate />
        <isOriginalCosponsor>True</isOriginalCosponsor>
      </item>
      <item>
        <party>R</party>
        <lastName>Rounds</lastName>
        <firstName>Mike</firstName>
        <bioguideId>R000605</bioguideId>
        <state>SD</state>
        <sponsorshipDate>2019-05-08</sponsorshipDate>
        <fullName>Sen. Rounds, Mike  [R-SD]</fullName>
        <identifiers>
          <lisID>2288</lisID>
          <gpoId />
          <bioguideId>R000605</bioguideId>
        </identifiers>
        <middleName />
        <sponsorshipWithdrawnDate />
        <isOriginalCosponsor>True</isOriginalCosponsor>
      </item>
      <item>
        <party>R</party>
        <lastName>Toomey</lastName>
        <firstName>Pat</firstName>
        <bioguideId>T000461</bioguideId>
        <state>PA</state>
        <sponsorshipDate>2019-05-08</sponsorshipDate>
        <fullName>Sen. Toomey, Pat [R-PA]</fullName>
        <identifiers>
          <lisID>1594</lisID>
          <gpoId />
          <bioguideId>T000461</bioguideId>
        </identifiers>
        <middleName />
        <sponsorshipWithdrawnDate />
        <isOriginalCosponsor>True</isOriginalCosponsor>
      </item>
      <item>
        <party>R</party>
        <lastName>WICKER</lastName>
        <firstName>ROGER</firstName>
        <bioguideId>W000437</bioguideId>
        <state>MS</state>
        <sponsorshipDate>2019-05-08</sponsorshipDate>
        <fullName>Sen. Wicker, Roger F. [R-MS]</fullName>
        <identifiers>
          <bioguideId>W000437</bioguideId>
          <gpoId>8263</gpoId>
          <lisID>1226</lisID>
        </identifiers>
        <middleName>F.</middleName>
        <sponsorshipWithdrawnDate />
        <isOriginalCosponsor>True</isOriginalCosponsor>
      </item>
      <item>
        <party>R</party>
        <lastName>Cramer</lastName>
        <firstName>Kevin</firstName>
        <bioguideId>C001096</bioguideId>
        <state>ND</state>
        <sponsorshipDate>2019-05-08</sponsorshipDate>
        <fullName>Sen. Cramer, Kevin [R-ND]</fullName>
        <identifiers>
          <lisID>2144</lisID>
          <gpoId />
          <bioguideId>C001096</bioguideId>
        </identifiers>
        <middleName />
        <sponsorshipWithdrawnDate />
        <isOriginalCosponsor>True</isOriginalCosponsor>
      </item>
      <item>
        <party>R</party>
        <lastName>Sasse</lastName>
        <firstName>Ben</firstName>
        <bioguideId>S001197</bioguideId>
        <state>NE</state>
        <sponsorshipDate>2019-05-08</sponsorshipDate>
        <fullName>Sen. Sasse, Ben  [R-NE]</fullName>
        <identifiers>
          <lisID>2289</lisID>
          <gpoId />
          <bioguideId>S001197</bioguideId>
        </identifiers>
        <middleName />
        <sponsorshipWithdrawnDate />
        <isOriginalCosponsor>True</isOriginalCosponsor>
      </item>
      <item>
        <party>R</party>
        <lastName>INHOFE</lastName>
        <firstName>JIM</firstName>
        <bioguideId>I000024</bioguideId>
        <state>OK</state>
        <sponsorshipDate>2019-05-08</sponsorshipDate>
        <fullName>Sen. Inhofe, James M. [R-OK]</fullName>
        <identifiers>
          <lisID>583</lisID>
          <gpoId>8322</gpoId>
          <bioguideId>I000024</bioguideId>
        </identifiers>
        <middleName />
        <sponsorshipWithdrawnDate />
        <isOriginalCosponsor>True</isOriginalCosponsor>
      </item>
      <item>
        <party>R</party>
        <lastName>Scott</lastName>
        <firstName>Rick</firstName>
        <bioguideId>S001217</bioguideId>
        <state>FL</state>
        <sponsorshipDate>2019-06-04</sponsorshipDate>
        <fullName>Sen. Scott, Rick  [R-FL]</fullName>
        <identifiers>
          <lisID>2470</lisID>
          <gpoId />
          <bioguideId>S001217</bioguideId>
        </identifiers>
        <middleName />
        <sponsorshipWithdrawnDate />
        <isOriginalCosponsor>False</isOriginalCosponsor>
      </item>
    </cosponsors>
    <billNumber>195</billNumber>
    <congress>116</congress>
    <latestAction>
      <links />
      <actionDate>2019-05-08</actionDate>
      <text>Referred to the Committee on Foreign Relations.</text>
    </latestAction>
    <billType>SRES</billType>
    <updateDate>2019-11-15T21:56:29Z</updateDate>
    <createDate>2019-05-09T04:42:08Z</createDate>
    <version>1.0.0</version>
  </bill>
  <dublinCore xmlns:dc="http://purl.org/dc/elements/1.1/">
    <dc:format>text/xml</dc:format>
    <dc:language>EN</dc:language>
    <dc:rights>Pursuant to Title 17 Section 105 of the United States Code, this file is not subject to copyright protection and is in the public domain.</dc:rights>
    <dc:contributor>Congressional Research Service, Library of Congress</dc:contributor>
    <dc:description>This file contains bill summaries and statuses for federal legislation. A bill summary describes the most significant provisions of a piece of legislation and details the effects the legislative text may have on current law and federal programs. Bill summaries are authored by the Congressional Research Service (CRS) of the Library of Congress. As stated in Public Law 91-510 (2 USC 166 (d)(6)), one of the duties of CRS is "to prepare summaries and digests of bills and resolutions of a public general nature introduced in the Senate or House of Representatives". For more information, refer to the User Guide that accompanies this file.</dc:description>
  </dublinCore>
</billStatus>

