<?xml version="1.0" encoding="UTF-8"?>
<billStatus>
  <bill>
    <relatedBills>
      <item>
        <latestTitle>Celebrating the 100th anniversary of the passage and ratification of the 19th Amendment, providing for women's suffrage, to the Constitution of the United States.</latestTitle>
        <congress>116</congress>
        <latestAction>
          <actionDate>2019-05-21</actionDate>
          <actionTime>12:38:28</actionTime>
          <text>Motion to reconsider laid on the table Agreed to without objection.</text>
        </latestAction>
        <number>354</number>
        <relationshipDetails>
          <item>
            <type>Related bill</type>
            <identifiedBy>CRS</identifiedBy>
          </item>
        </relationshipDetails>
        <type>HRES</type>
      </item>
    </relatedBills>
    <subjects>
      <billSubjects>
        <legislativeSubjects>
          <item>
            <name>Commemorative events and holidays</name>
          </item>
          <item>
            <name>Congressional tributes</name>
          </item>
          <item>
            <name>Constitution and constitutional amendments</name>
          </item>
          <item>
            <name>Sex, gender, sexual orientation discrimination</name>
          </item>
          <item>
            <name>U.S. history</name>
          </item>
          <item>
            <name>Voting rights</name>
          </item>
          <item>
            <name>Women's rights</name>
          </item>
        </legislativeSubjects>
        <policyArea>
          <name>Civil Rights and Liberties, Minority Issues</name>
        </policyArea>
      </billSubjects>
    </subjects>
    <introducedDate>2019-05-16</introducedDate>
    <latestAction>
      <text>Resolution agreed to in Senate without amendment and with a preamble by Yea-Nay Vote. 93 - 0. Record Vote Number: 132. (text: CR 5/16/2019 S2928)</text>
      <actionDate>2019-06-04</actionDate>
      <links />
    </latestAction>
    <createDate>2019-05-17T04:42:06Z</createDate>
    <committeeReports />
    <title>A resolution celebrating the 100th anniversary of the passage and ratification of the 19th Amendment, providing for women's suffrage, to the Constitution of the United States.</title>
    <updateDate>2019-06-18T04:27:16Z</updateDate>
    <billNumber>212</billNumber>
    <laws />
    <congress>116</congress>
    <billType>SRES</billType>
    <policyArea>
      <name>Civil Rights and Liberties, Minority Issues</name>
    </policyArea>
    <cboCostEstimates />
    <cosponsors>
      <item>
        <bioguideId>B001230</bioguideId>
        <lastName>Baldwin</lastName>
        <fullName>Sen. Baldwin, Tammy [D-WI]</fullName>
        <state>WI</state>
        <firstName>Tammy</firstName>
        <sponsorshipWithdrawnDate />
        <party>D</party>
        <identifiers>
          <lisID>1558</lisID>
          <gpoId>8215</gpoId>
          <bioguideId>B001230</bioguideId>
        </identifiers>
        <isOriginalCosponsor>True</isOriginalCosponsor>
        <middleName />
        <sponsorshipDate>2019-05-16</sponsorshipDate>
      </item>
      <item>
        <bioguideId>F000062</bioguideId>
        <lastName>FEINSTEIN</lastName>
        <fullName>Sen. Feinstein, Dianne [D-CA]</fullName>
        <state>CA</state>
        <firstName>DIANNE</firstName>
        <sponsorshipWithdrawnDate />
        <party>D</party>
        <identifiers>
          <bioguideId>F000062</bioguideId>
          <gpoId>8338</gpoId>
          <lisID>1332</lisID>
        </identifiers>
        <isOriginalCosponsor>True</isOriginalCosponsor>
        <middleName />
        <sponsorshipDate>2019-05-16</sponsorshipDate>
      </item>
      <item>
        <bioguideId>C001035</bioguideId>
        <lastName>COLLINS</lastName>
        <fullName>Sen. Collins, Susan M. [R-ME]</fullName>
        <state>ME</state>
        <firstName>SUSAN</firstName>
        <sponsorshipWithdrawnDate />
        <party>R</party>
        <identifiers>
          <bioguideId>C001035</bioguideId>
          <lisID>1541</lisID>
          <gpoId>8291</gpoId>
        </identifiers>
        <isOriginalCosponsor>True</isOriginalCosponsor>
        <middleName>MARGARET</middleName>
        <sponsorshipDate>2019-05-16</sponsorshipDate>
      </item>
      <item>
        <bioguideId>S001181</bioguideId>
        <lastName>Shaheen</lastName>
        <fullName>Sen. Shaheen, Jeanne [D-NH]</fullName>
        <state>NH</state>
        <firstName>Jeanne</firstName>
        <sponsorshipWithdrawnDate />
        <party>D</party>
        <identifiers>
          <lisID>1901</lisID>
          <gpoId>8276</gpoId>
          <bioguideId>S001181</bioguideId>
        </identifiers>
        <isOriginalCosponsor>True</isOriginalCosponsor>
        <middleName />
        <sponsorshipDate>2019-05-16</sponsorshipDate>
      </item>
      <item>
        <bioguideId>C001047</bioguideId>
        <lastName>CAPITO</lastName>
        <fullName>Sen. Capito, Shelley Moore [R-WV]</fullName>
        <state>WV</state>
        <firstName>SHELLEY</firstName>
        <sponsorshipWithdrawnDate />
        <party>R</party>
        <identifiers>
          <lisID>1676</lisID>
          <gpoId>8223</gpoId>
          <bioguideId>C001047</bioguideId>
        </identifiers>
        <isOriginalCosponsor>True</isOriginalCosponsor>
        <middleName>MOORE</middleName>
        <sponsorshipDate>2019-05-16</sponsorshipDate>
      </item>
      <item>
        <bioguideId>B001243</bioguideId>
        <lastName>Blackburn</lastName>
        <fullName>Sen. Blackburn, Marsha [R-TN]</fullName>
        <state>TN</state>
        <firstName>Marsha</firstName>
        <sponsorshipWithdrawnDate />
        <party>R</party>
        <identifiers>
          <bioguideId>B001243</bioguideId>
          <lisID>1748</lisID>
          <gpoId>8154</gpoId>
        </identifiers>
        <isOriginalCosponsor>True</isOriginalCosponsor>
        <middleName />
        <sponsorshipDate>2019-05-16</sponsorshipDate>
      </item>
      <item>
        <bioguideId>W000817</bioguideId>
        <lastName>Warren</lastName>
        <fullName>Sen. Warren, Elizabeth [D-MA]</fullName>
        <state>MA</state>
        <firstName>Elizabeth</firstName>
        <sponsorshipWithdrawnDate />
        <party>D</party>
        <identifiers>
          <bioguideId>W000817</bioguideId>
          <lisID>2182</lisID>
          <gpoId />
        </identifiers>
        <isOriginalCosponsor>True</isOriginalCosponsor>
        <middleName>A.</middleName>
        <sponsorshipDate>2019-05-16</sponsorshipDate>
      </item>
      <item>
        <bioguideId>E000295</bioguideId>
        <lastName>Ernst</lastName>
        <fullName>Sen. Ernst, Joni  [R-IA]</fullName>
        <state>IA</state>
        <firstName>Joni</firstName>
        <sponsorshipWithdrawnDate />
        <party>R</party>
        <identifiers>
          <lisID>2283</lisID>
          <gpoId />
          <bioguideId>E000295</bioguideId>
        </identifiers>
        <isOriginalCosponsor>True</isOriginalCosponsor>
        <middleName />
        <sponsorshipDate>2019-05-16</sponsorshipDate>
      </item>
      <item>
        <bioguideId>F000463</bioguideId>
        <lastName>Fischer</lastName>
        <fullName>Sen. Fischer, Deb [R-NE]</fullName>
        <state>NE</state>
        <firstName>Deb</firstName>
        <sponsorshipWithdrawnDate />
        <party>R</party>
        <identifiers>
          <bioguideId>F000463</bioguideId>
          <lisID>2179</lisID>
          <gpoId />
        </identifiers>
        <isOriginalCosponsor>True</isOriginalCosponsor>
        <middleName />
        <sponsorshipDate>2019-05-16</sponsorshipDate>
      </item>
      <item>
        <bioguideId>H001079</bioguideId>
        <lastName>Hyde-Smith</lastName>
        <fullName>Sen. Hyde-Smith, Cindy [R-MS]</fullName>
        <state>MS</state>
        <firstName>Cindy</firstName>
        <sponsorshipWithdrawnDate />
        <party>R</party>
        <identifiers>
          <lisID>2366</lisID>
          <gpoId />
          <bioguideId>H001079</bioguideId>
        </identifiers>
        <isOriginalCosponsor>True</isOriginalCosponsor>
        <middleName />
        <sponsorshipDate>2019-05-16</sponsorshipDate>
      </item>
      <item>
        <bioguideId>H001042</bioguideId>
        <lastName>Hirono</lastName>
        <fullName>Sen. Hirono, Mazie K. [D-HI]</fullName>
        <state>HI</state>
        <firstName>Mazie</firstName>
        <sponsorshipWithdrawnDate />
        <party>D</party>
        <identifiers>
          <bioguideId>H001042</bioguideId>
          <lisID>1844</lisID>
          <gpoId>7913</gpoId>
        </identifiers>
        <isOriginalCosponsor>True</isOriginalCosponsor>
        <middleName>K.</middleName>
        <sponsorshipDate>2019-05-16</sponsorshipDate>
      </item>
      <item>
        <bioguideId>M001111</bioguideId>
        <lastName>MURRAY</lastName>
        <fullName>Sen. Murray, Patty [D-WA]</fullName>
        <state>WA</state>
        <firstName>PATTY</firstName>
        <sponsorshipWithdrawnDate />
        <party>D</party>
        <identifiers>
          <lisID>1409</lisID>
          <gpoId>8237</gpoId>
          <bioguideId>M001111</bioguideId>
        </identifiers>
        <isOriginalCosponsor>True</isOriginalCosponsor>
        <middleName />
        <sponsorshipDate>2019-05-16</sponsorshipDate>
      </item>
      <item>
        <bioguideId>C000127</bioguideId>
        <lastName>CANTWELL</lastName>
        <fullName>Sen. Cantwell, Maria [D-WA]</fullName>
        <state>WA</state>
        <firstName>MARIA</firstName>
        <sponsorshipWithdrawnDate />
        <party>D</party>
        <identifiers>
          <gpoId>8288</gpoId>
          <bioguideId>C000127</bioguideId>
          <lisID>172</lisID>
        </identifiers>
        <isOriginalCosponsor>True</isOriginalCosponsor>
        <middleName />
        <sponsorshipDate>2019-05-16</sponsorshipDate>
      </item>
      <item>
        <bioguideId>K000367</bioguideId>
        <lastName>Klobuchar</lastName>
        <fullName>Sen. Klobuchar, Amy [D-MN]</fullName>
        <state>MN</state>
        <firstName>Amy</firstName>
        <sponsorshipWithdrawnDate />
        <party>D</party>
        <identifiers>
          <lisID>1826</lisID>
          <gpoId>8249</gpoId>
          <bioguideId>K000367</bioguideId>
        </identifiers>
        <isOriginalCosponsor>True</isOriginalCosponsor>
        <middleName />
        <sponsorshipDate>2019-05-16</sponsorshipDate>
      </item>
      <item>
        <bioguideId>H001075</bioguideId>
        <lastName>Harris</lastName>
        <fullName>Sen. Harris, Kamala D. [D-CA]</fullName>
        <state>CA</state>
        <firstName>Kamala</firstName>
        <sponsorshipWithdrawnDate />
        <party>D</party>
        <identifiers>
          <lisID>2301</lisID>
          <gpoId />
          <bioguideId>H001075</bioguideId>
        </identifiers>
        <isOriginalCosponsor>True</isOriginalCosponsor>
        <middleName>D.</middleName>
        <sponsorshipDate>2019-05-16</sponsorshipDate>
      </item>
      <item>
        <bioguideId>M001197</bioguideId>
        <lastName>McSally</lastName>
        <fullName>Sen. McSally, Martha [R-AZ]</fullName>
        <state>AZ</state>
        <firstName>Martha</firstName>
        <sponsorshipWithdrawnDate />
        <party>R</party>
        <identifiers>
          <bioguideId>M001197</bioguideId>
          <lisID>2225</lisID>
          <gpoId />
        </identifiers>
        <isOriginalCosponsor>True</isOriginalCosponsor>
        <middleName />
        <sponsorshipDate>2019-05-16</sponsorshipDate>
      </item>
      <item>
        <bioguideId>S000770</bioguideId>
        <lastName>STABENOW</lastName>
        <fullName>Sen. Stabenow, Debbie [D-MI]</fullName>
        <state>MI</state>
        <firstName>DEBORAH</firstName>
        <sponsorshipWithdrawnDate />
        <party>D</party>
        <identifiers>
          <lisID>1531</lisID>
          <gpoId>8261</gpoId>
          <bioguideId>S000770</bioguideId>
        </identifiers>
        <isOriginalCosponsor>True</isOriginalCosponsor>
        <middleName>ANN</middleName>
        <sponsorshipDate>2019-05-16</sponsorshipDate>
      </item>
      <item>
        <bioguideId>R000608</bioguideId>
        <lastName>Rosen</lastName>
        <fullName>Sen. Rosen, Jacky [D-NV]</fullName>
        <state>NV</state>
        <firstName>Jacklyn</firstName>
        <sponsorshipWithdrawnDate />
        <party>D</party>
        <identifiers>
          <lisID>2339</lisID>
          <gpoId />
          <bioguideId>R000608</bioguideId>
        </identifiers>
        <isOriginalCosponsor>True</isOriginalCosponsor>
        <middleName />
        <sponsorshipDate>2019-05-16</sponsorshipDate>
      </item>
      <item>
        <bioguideId>C001113</bioguideId>
        <lastName>Cortez Masto</lastName>
        <fullName>Sen. Cortez Masto, Catherine  [D-NV]</fullName>
        <state>NV</state>
        <firstName>Catherine</firstName>
        <sponsorshipWithdrawnDate />
        <party>D</party>
        <identifiers>
          <gpoId />
          <bioguideId>C001113</bioguideId>
          <lisID>2299</lisID>
        </identifiers>
        <isOriginalCosponsor>True</isOriginalCosponsor>
        <middleName />
        <sponsorshipDate>2019-05-16</sponsorshipDate>
      </item>
      <item>
        <bioguideId>S001203</bioguideId>
        <lastName>Smith</lastName>
        <fullName>Sen. Smith, Tina  [D-MN]</fullName>
        <state>MN</state>
        <firstName>Tina</firstName>
        <sponsorshipWithdrawnDate />
        <party>D</party>
        <identifiers>
          <lisID>2365</lisID>
          <gpoId />
          <bioguideId>S001203</bioguideId>
        </identifiers>
        <isOriginalCosponsor>True</isOriginalCosponsor>
        <middleName />
        <sponsorshipDate>2019-05-16</sponsorshipDate>
      </item>
      <item>
        <bioguideId>G000555</bioguideId>
        <lastName>Gillibrand</lastName>
        <fullName>Sen. Gillibrand, Kirsten E. [D-NY]</fullName>
        <state>NY</state>
        <firstName>Kirsten</firstName>
        <sponsorshipWithdrawnDate />
        <party>D</party>
        <identifiers>
          <lisID>1866</lisID>
          <gpoId>8336</gpoId>
          <bioguideId>G000555</bioguideId>
        </identifiers>
        <isOriginalCosponsor>True</isOriginalCosponsor>
        <middleName>E.</middleName>
        <sponsorshipDate>2019-05-16</sponsorshipDate>
      </item>
      <item>
        <bioguideId>H001076</bioguideId>
        <lastName>Hassan</lastName>
        <fullName>Sen. Hassan, Margaret Wood [D-NH]</fullName>
        <state>NH</state>
        <firstName>Margaret</firstName>
        <sponsorshipWithdrawnDate />
        <party>D</party>
        <identifiers>
          <bioguideId>H001076</bioguideId>
          <lisID>2302</lisID>
          <gpoId />
        </identifiers>
        <isOriginalCosponsor>True</isOriginalCosponsor>
        <middleName>Wood</middleName>
        <sponsorshipDate>2019-05-16</sponsorshipDate>
      </item>
      <item>
        <bioguideId>D000622</bioguideId>
        <lastName>Duckworth</lastName>
        <fullName>Sen. Duckworth, Tammy [D-IL]</fullName>
        <state>IL</state>
        <firstName>Tammy</firstName>
        <sponsorshipWithdrawnDate />
        <party>D</party>
        <identifiers>
          <gpoId />
          <bioguideId>D000622</bioguideId>
          <lisID>2123</lisID>
        </identifiers>
        <isOriginalCosponsor>True</isOriginalCosponsor>
        <middleName />
        <sponsorshipDate>2019-05-16</sponsorshipDate>
      </item>
      <item>
        <bioguideId>S001191</bioguideId>
        <lastName>Sinema</lastName>
        <fullName>Sen. Sinema, Kyrsten [D-AZ]</fullName>
        <state>AZ</state>
        <firstName>Kyrsten</firstName>
        <sponsorshipWithdrawnDate />
        <party>D</party>
        <identifiers>
          <bioguideId>S001191</bioguideId>
          <lisID>2099</lisID>
          <gpoId />
        </identifiers>
        <isOriginalCosponsor>True</isOriginalCosponsor>
        <middleName />
        <sponsorshipDate>2019-05-16</sponsorshipDate>
      </item>
      <item>
        <bioguideId>B001310</bioguideId>
        <lastName>Braun</lastName>
        <fullName>Sen. Braun, Mike  [R-IN]</fullName>
        <state>IN</state>
        <firstName>Mike</firstName>
        <sponsorshipWithdrawnDate />
        <party>R</party>
        <identifiers>
          <lisID>2462</lisID>
          <gpoId />
          <bioguideId>B001310</bioguideId>
        </identifiers>
        <isOriginalCosponsor>False</isOriginalCosponsor>
        <middleName />
        <sponsorshipDate>2019-05-21</sponsorshipDate>
      </item>
      <item>
        <bioguideId>M000934</bioguideId>
        <lastName>Moran</lastName>
        <fullName>Sen. Moran, Jerry [R-KS]</fullName>
        <state>KS</state>
        <firstName>Jerry</firstName>
        <sponsorshipWithdrawnDate />
        <party>R</party>
        <identifiers>
          <lisID>1507</lisID>
          <gpoId>8307</gpoId>
          <bioguideId>M000934</bioguideId>
        </identifiers>
        <isOriginalCosponsor>False</isOriginalCosponsor>
        <middleName />
        <sponsorshipDate>2019-05-21</sponsorshipDate>
      </item>
      <item>
        <bioguideId>B000575</bioguideId>
        <lastName>Blunt</lastName>
        <fullName>Sen. Blunt, Roy [R-MO]</fullName>
        <state>MO</state>
        <firstName>Roy</firstName>
        <sponsorshipWithdrawnDate />
        <party>R</party>
        <identifiers>
          <lisID>1464</lisID>
          <gpoId>8313</gpoId>
          <bioguideId>B000575</bioguideId>
        </identifiers>
        <isOriginalCosponsor>False</isOriginalCosponsor>
        <middleName />
        <sponsorshipDate>2019-05-21</sponsorshipDate>
      </item>
      <item>
        <bioguideId>S001198</bioguideId>
        <lastName>Sullivan</lastName>
        <fullName>Sen. Sullivan, Dan  [R-AK]</fullName>
        <state>AK</state>
        <firstName>Dan</firstName>
        <sponsorshipWithdrawnDate />
        <party>R</party>
        <identifiers>
          <lisID>2290</lisID>
          <gpoId />
          <bioguideId>S001198</bioguideId>
        </identifiers>
        <isOriginalCosponsor>False</isOriginalCosponsor>
        <middleName />
        <sponsorshipDate>2019-05-21</sponsorshipDate>
      </item>
      <item>
        <bioguideId>L000575</bioguideId>
        <lastName>Lankford</lastName>
        <fullName>Sen. Lankford, James [R-OK]</fullName>
        <state>OK</state>
        <firstName>James</firstName>
        <sponsorshipWithdrawnDate />
        <party>R</party>
        <identifiers>
          <bioguideId>L000575</bioguideId>
          <lisID>2050</lisID>
          <gpoId>8113</gpoId>
        </identifiers>
        <isOriginalCosponsor>False</isOriginalCosponsor>
        <middleName />
        <sponsorshipDate>2019-05-21</sponsorshipDate>
      </item>
      <item>
        <bioguideId>L000577</bioguideId>
        <lastName>Lee</lastName>
        <fullName>Sen. Lee, Mike [R-UT]</fullName>
        <state>UT</state>
        <firstName>Mike</firstName>
        <sponsorshipWithdrawnDate />
        <party>R</party>
        <identifiers>
          <bioguideId>L000577</bioguideId>
          <lisID>2080</lisID>
          <gpoId>8303</gpoId>
        </identifiers>
        <isOriginalCosponsor>False</isOriginalCosponsor>
        <middleName />
        <sponsorshipDate>2019-05-21</sponsorshipDate>
      </item>
      <item>
        <bioguideId>B001261</bioguideId>
        <lastName>Barrasso</lastName>
        <fullName>Sen. Barrasso, John [R-WY]</fullName>
        <state>WY</state>
        <firstName>John</firstName>
        <sponsorshipWithdrawnDate />
        <party>R</party>
        <identifiers>
          <lisID>1881</lisID>
          <gpoId>8300</gpoId>
          <bioguideId>B001261</bioguideId>
        </identifiers>
        <isOriginalCosponsor>False</isOriginalCosponsor>
        <middleName />
        <sponsorshipDate>2019-05-21</sponsorshipDate>
      </item>
      <item>
        <bioguideId>C000880</bioguideId>
        <lastName>CRAPO</lastName>
        <fullName>Sen. Crapo, Mike [R-ID]</fullName>
        <state>ID</state>
        <firstName>MICHAEL</firstName>
        <sponsorshipWithdrawnDate />
        <party>R</party>
        <identifiers>
          <lisID>250</lisID>
          <gpoId>8289</gpoId>
          <bioguideId>C000880</bioguideId>
        </identifiers>
        <isOriginalCosponsor>False</isOriginalCosponsor>
        <middleName>D.</middleName>
        <sponsorshipDate>2019-05-21</sponsorshipDate>
      </item>
      <item>
        <bioguideId>D000618</bioguideId>
        <lastName>Daines</lastName>
        <fullName>Sen. Daines, Steve [R-MT]</fullName>
        <state>MT</state>
        <firstName>Steve</firstName>
        <sponsorshipWithdrawnDate />
        <party>R</party>
        <identifiers>
          <lisID>2138</lisID>
          <gpoId />
          <bioguideId>D000618</bioguideId>
        </identifiers>
        <isOriginalCosponsor>False</isOriginalCosponsor>
        <middleName />
        <sponsorshipDate>2019-05-21</sponsorshipDate>
      </item>
      <item>
        <bioguideId>S000320</bioguideId>
        <lastName>SHELBY</lastName>
        <fullName>Sen. Shelby, Richard C. [R-AL]</fullName>
        <state>AL</state>
        <firstName>RICHARD</firstName>
        <sponsorshipWithdrawnDate />
        <party>R</party>
        <identifiers>
          <bioguideId>S000320</bioguideId>
          <lisID>1049</lisID>
          <gpoId>8277</gpoId>
        </identifiers>
        <isOriginalCosponsor>False</isOriginalCosponsor>
        <middleName>CRAIG</middleName>
        <sponsorshipDate>2019-05-21</sponsorshipDate>
      </item>
      <item>
        <bioguideId>R000615</bioguideId>
        <lastName>Romney</lastName>
        <fullName>Sen. Romney, Mitt  [R-UT]</fullName>
        <state>UT</state>
        <firstName>Mitt</firstName>
        <sponsorshipWithdrawnDate />
        <party>R</party>
        <identifiers>
          <bioguideId>R000615</bioguideId>
          <lisID>2466</lisID>
          <gpoId />
        </identifiers>
        <isOriginalCosponsor>False</isOriginalCosponsor>
        <middleName />
        <sponsorshipDate>2019-05-21</sponsorshipDate>
      </item>
      <item>
        <bioguideId>B001236</bioguideId>
        <lastName>Boozman</lastName>
        <fullName>Sen. Boozman, John [R-AR]</fullName>
        <state>AR</state>
        <firstName>John</firstName>
        <sponsorshipWithdrawnDate />
        <party>R</party>
        <identifiers>
          <lisID>1687</lisID>
          <gpoId>8247</gpoId>
          <bioguideId>B001236</bioguideId>
        </identifiers>
        <isOriginalCosponsor>False</isOriginalCosponsor>
        <middleName />
        <sponsorshipDate>2019-05-21</sponsorshipDate>
      </item>
      <item>
        <bioguideId>C001095</bioguideId>
        <lastName>Cotton</lastName>
        <fullName>Sen. Cotton, Tom [R-AR]</fullName>
        <state>AR</state>
        <firstName>Tom</firstName>
        <sponsorshipWithdrawnDate />
        <party>R</party>
        <identifiers>
          <bioguideId>C001095</bioguideId>
          <gpoId />
          <lisID>2098</lisID>
        </identifiers>
        <isOriginalCosponsor>False</isOriginalCosponsor>
        <middleName />
        <sponsorshipDate>2019-05-21</sponsorshipDate>
      </item>
      <item>
        <bioguideId>T000250</bioguideId>
        <lastName>THUNE</lastName>
        <fullName>Sen. Thune, John [R-SD]</fullName>
        <state>SD</state>
        <firstName>JOHN</firstName>
        <sponsorshipWithdrawnDate />
        <party>R</party>
        <identifiers>
          <bioguideId>T000250</bioguideId>
          <lisID>1534</lisID>
          <gpoId>8257</gpoId>
        </identifiers>
        <isOriginalCosponsor>False</isOriginalCosponsor>
        <middleName>R.</middleName>
        <sponsorshipDate>2019-05-21</sponsorshipDate>
      </item>
      <item>
        <bioguideId>C001075</bioguideId>
        <lastName>Cassidy</lastName>
        <fullName>Sen. Cassidy, Bill [R-LA]</fullName>
        <state>LA</state>
        <firstName>Bill</firstName>
        <sponsorshipWithdrawnDate />
        <party>R</party>
        <identifiers>
          <gpoId>7964</gpoId>
          <bioguideId>C001075</bioguideId>
          <lisID>1925</lisID>
        </identifiers>
        <isOriginalCosponsor>False</isOriginalCosponsor>
        <middleName />
        <sponsorshipDate>2019-05-21</sponsorshipDate>
      </item>
      <item>
        <bioguideId>T000461</bioguideId>
        <lastName>Toomey</lastName>
        <fullName>Sen. Toomey, Pat [R-PA]</fullName>
        <state>PA</state>
        <firstName>Pat</firstName>
        <sponsorshipWithdrawnDate />
        <party>R</party>
        <identifiers>
          <lisID>1594</lisID>
          <gpoId />
          <bioguideId>T000461</bioguideId>
        </identifiers>
        <isOriginalCosponsor>False</isOriginalCosponsor>
        <middleName />
        <sponsorshipDate>2019-05-21</sponsorshipDate>
      </item>
      <item>
        <bioguideId>C001056</bioguideId>
        <lastName>Cornyn</lastName>
        <fullName>Sen. Cornyn, John [R-TX]</fullName>
        <state>TX</state>
        <firstName>John</firstName>
        <sponsorshipWithdrawnDate />
        <party>R</party>
        <identifiers>
          <lisID>1692</lisID>
          <gpoId>8295</gpoId>
          <bioguideId>C001056</bioguideId>
        </identifiers>
        <isOriginalCosponsor>False</isOriginalCosponsor>
        <middleName />
        <sponsorshipDate>2019-05-21</sponsorshipDate>
      </item>
      <item>
        <bioguideId>J000293</bioguideId>
        <lastName>Johnson</lastName>
        <fullName>Sen. Johnson, Ron [R-WI]</fullName>
        <state>WI</state>
        <firstName>Ron</firstName>
        <sponsorshipWithdrawnDate />
        <party>R</party>
        <identifiers>
          <bioguideId>J000293</bioguideId>
          <gpoId>8355</gpoId>
          <lisID>2086</lisID>
        </identifiers>
        <isOriginalCosponsor>False</isOriginalCosponsor>
        <middleName />
        <sponsorshipDate>2019-05-21</sponsorshipDate>
      </item>
      <item>
        <bioguideId>H001061</bioguideId>
        <lastName>Hoeven</lastName>
        <fullName>Sen. Hoeven, John [R-ND]</fullName>
        <state>ND</state>
        <firstName>John</firstName>
        <sponsorshipWithdrawnDate />
        <party>R</party>
        <identifiers>
          <lisID>2079</lisID>
          <gpoId>8331</gpoId>
          <bioguideId>H001061</bioguideId>
        </identifiers>
        <isOriginalCosponsor>False</isOriginalCosponsor>
        <middleName />
        <sponsorshipDate>2019-05-21</sponsorshipDate>
      </item>
      <item>
        <bioguideId>R000605</bioguideId>
        <lastName>Rounds</lastName>
        <fullName>Sen. Rounds, Mike  [R-SD]</fullName>
        <state>SD</state>
        <firstName>Mike</firstName>
        <sponsorshipWithdrawnDate />
        <party>R</party>
        <identifiers>
          <lisID>2288</lisID>
          <gpoId />
          <bioguideId>R000605</bioguideId>
        </identifiers>
        <isOriginalCosponsor>False</isOriginalCosponsor>
        <middleName />
        <sponsorshipDate>2019-05-21</sponsorshipDate>
      </item>
      <item>
        <bioguideId>C001098</bioguideId>
        <lastName>Cruz</lastName>
        <fullName>Sen. Cruz, Ted [R-TX]</fullName>
        <state>TX</state>
        <firstName>Ted</firstName>
        <sponsorshipWithdrawnDate />
        <party>R</party>
        <identifiers>
          <bioguideId>C001098</bioguideId>
          <lisID>2175</lisID>
          <gpoId />
        </identifiers>
        <isOriginalCosponsor>False</isOriginalCosponsor>
        <middleName />
        <sponsorshipDate>2019-05-21</sponsorshipDate>
      </item>
      <item>
        <bioguideId>I000055</bioguideId>
        <lastName>Isakson</lastName>
        <fullName>Sen. Isakson, Johnny [R-GA]</fullName>
        <state>GA</state>
        <firstName>Johnny</firstName>
        <sponsorshipWithdrawnDate />
        <party>R</party>
        <identifiers>
          <lisID>1608</lisID>
          <gpoId>8323</gpoId>
          <bioguideId>I000055</bioguideId>
        </identifiers>
        <isOriginalCosponsor>False</isOriginalCosponsor>
        <middleName />
        <sponsorshipDate>2019-05-21</sponsorshipDate>
      </item>
      <item>
        <bioguideId>P000612</bioguideId>
        <lastName>Perdue</lastName>
        <fullName>Sen. Perdue, David [R-GA]</fullName>
        <state>GA</state>
        <firstName>David</firstName>
        <sponsorshipWithdrawnDate />
        <party>R</party>
        <identifiers>
          <lisID>2286</lisID>
          <gpoId />
          <bioguideId>P000612</bioguideId>
        </identifiers>
        <isOriginalCosponsor>False</isOriginalCosponsor>
        <middleName>Alfred</middleName>
        <sponsorshipDate>2019-05-21</sponsorshipDate>
      </item>
      <item>
        <bioguideId>R000595</bioguideId>
        <lastName>Rubio</lastName>
        <fullName>Sen. Rubio, Marco [R-FL]</fullName>
        <state>FL</state>
        <firstName>Marco</firstName>
        <sponsorshipWithdrawnDate />
        <party>R</party>
        <identifiers>
          <bioguideId>R000595</bioguideId>
          <lisID>2084</lisID>
          <gpoId>8242</gpoId>
        </identifiers>
        <isOriginalCosponsor>False</isOriginalCosponsor>
        <middleName />
        <sponsorshipDate>2019-05-21</sponsorshipDate>
      </item>
      <item>
        <bioguideId>G000562</bioguideId>
        <lastName>Gardner</lastName>
        <fullName>Sen. Gardner, Cory [R-CO]</fullName>
        <state>CO</state>
        <firstName>Cory</firstName>
        <sponsorshipWithdrawnDate />
        <party>R</party>
        <identifiers>
          <lisID>1998</lisID>
          <gpoId>7862</gpoId>
          <bioguideId>G000562</bioguideId>
        </identifiers>
        <isOriginalCosponsor>False</isOriginalCosponsor>
        <middleName />
        <sponsorshipDate>2019-05-21</sponsorshipDate>
      </item>
      <item>
        <bioguideId>A000360</bioguideId>
        <lastName>Alexander</lastName>
        <fullName>Sen. Alexander, Lamar [R-TN]</fullName>
        <state>TN</state>
        <firstName>Lamar</firstName>
        <sponsorshipWithdrawnDate />
        <party>R</party>
        <identifiers>
          <bioguideId>A000360</bioguideId>
          <gpoId>8304</gpoId>
          <lisID>1695</lisID>
        </identifiers>
        <isOriginalCosponsor>False</isOriginalCosponsor>
        <middleName />
        <sponsorshipDate>2019-05-21</sponsorshipDate>
      </item>
      <item>
        <bioguideId>S001217</bioguideId>
        <lastName>Scott</lastName>
        <fullName>Sen. Scott, Rick  [R-FL]</fullName>
        <state>FL</state>
        <firstName>Rick</firstName>
        <sponsorshipWithdrawnDate />
        <party>R</party>
        <identifiers>
          <bioguideId>S001217</bioguideId>
          <lisID>2470</lisID>
          <gpoId />
        </identifiers>
        <isOriginalCosponsor>False</isOriginalCosponsor>
        <middleName />
        <sponsorshipDate>2019-05-23</sponsorshipDate>
      </item>
      <item>
        <bioguideId>M000133</bioguideId>
        <lastName>MARKEY</lastName>
        <fullName>Sen. Markey, Edward J. [D-MA]</fullName>
        <state>MA</state>
        <firstName>EDWARD</firstName>
        <sponsorshipWithdrawnDate />
        <party>D</party>
        <identifiers>
          <lisID>735</lisID>
          <gpoId>7972</gpoId>
          <bioguideId>M000133</bioguideId>
        </identifiers>
        <isOriginalCosponsor>False</isOriginalCosponsor>
        <middleName>J.</middleName>
        <sponsorshipDate>2019-05-23</sponsorshipDate>
      </item>
      <item>
        <bioguideId>S000148</bioguideId>
        <lastName>SCHUMER</lastName>
        <fullName>Sen. Schumer, Charles E. [D-NY]</fullName>
        <state>NY</state>
        <firstName>CHARLES</firstName>
        <sponsorshipWithdrawnDate />
        <party>D</party>
        <identifiers>
          <gpoId>8279</gpoId>
          <bioguideId>S000148</bioguideId>
          <lisID>1036</lisID>
        </identifiers>
        <isOriginalCosponsor>False</isOriginalCosponsor>
        <middleName>E.</middleName>
        <sponsorshipDate>2019-05-23</sponsorshipDate>
      </item>
      <item>
        <bioguideId>J000300</bioguideId>
        <lastName>Jones</lastName>
        <fullName>Sen. Jones, Doug  [D-AL]</fullName>
        <state>AL</state>
        <firstName>Doug</firstName>
        <sponsorshipWithdrawnDate />
        <party>D</party>
        <identifiers>
          <lisID>2364</lisID>
          <gpoId />
          <bioguideId>J000300</bioguideId>
        </identifiers>
        <isOriginalCosponsor>False</isOriginalCosponsor>
        <middleName />
        <sponsorshipDate>2019-05-23</sponsorshipDate>
      </item>
      <item>
        <bioguideId>K000384</bioguideId>
        <lastName>Kaine</lastName>
        <fullName>Sen. Kaine, Tim [D-VA]</fullName>
        <state>VA</state>
        <firstName>Timothy</firstName>
        <sponsorshipWithdrawnDate />
        <party>D</party>
        <identifiers>
          <lisID>2176</lisID>
          <gpoId />
          <bioguideId>K000384</bioguideId>
        </identifiers>
        <isOriginalCosponsor>False</isOriginalCosponsor>
        <middleName />
        <sponsorshipDate>2019-05-23</sponsorshipDate>
      </item>
      <item>
        <bioguideId>M001169</bioguideId>
        <lastName>Murphy</lastName>
        <fullName>Sen. Murphy, Christopher [D-CT]</fullName>
        <state>CT</state>
        <firstName>Christopher</firstName>
        <sponsorshipWithdrawnDate />
        <party>D</party>
        <identifiers>
          <bioguideId>M001169</bioguideId>
          <lisID>1837</lisID>
          <gpoId>7870</gpoId>
        </identifiers>
        <isOriginalCosponsor>False</isOriginalCosponsor>
        <middleName />
        <sponsorshipDate>2019-05-23</sponsorshipDate>
      </item>
      <item>
        <bioguideId>W000779</bioguideId>
        <lastName>WYDEN</lastName>
        <fullName>Sen. Wyden, Ron [D-OR]</fullName>
        <state>OR</state>
        <firstName>RON</firstName>
        <sponsorshipWithdrawnDate />
        <party>D</party>
        <identifiers>
          <lisID>1247</lisID>
          <gpoId>8265</gpoId>
          <bioguideId>W000779</bioguideId>
        </identifiers>
        <isOriginalCosponsor>False</isOriginalCosponsor>
        <middleName />
        <sponsorshipDate>2019-05-23</sponsorshipDate>
      </item>
      <item>
        <bioguideId>B001277</bioguideId>
        <lastName>Blumenthal</lastName>
        <fullName>Sen. Blumenthal, Richard [D-CT]</fullName>
        <state>CT</state>
        <firstName>Richard</firstName>
        <sponsorshipWithdrawnDate />
        <party>D</party>
        <identifiers>
          <lisID>2076</lisID>
          <gpoId>8332</gpoId>
          <bioguideId>B001277</bioguideId>
        </identifiers>
        <isOriginalCosponsor>False</isOriginalCosponsor>
        <middleName />
        <sponsorshipDate>2019-05-23</sponsorshipDate>
      </item>
      <item>
        <bioguideId>B001288</bioguideId>
        <lastName>Booker</lastName>
        <fullName>Sen. Booker, Cory A. [D-NJ]</fullName>
        <state>NJ</state>
        <firstName>Cory</firstName>
        <sponsorshipWithdrawnDate />
        <party>D</party>
        <identifiers>
          <lisID>2194</lisID>
          <gpoId />
          <bioguideId>B001288</bioguideId>
        </identifiers>
        <isOriginalCosponsor>False</isOriginalCosponsor>
        <middleName>A.</middleName>
        <sponsorshipDate>2019-05-23</sponsorshipDate>
      </item>
      <item>
        <bioguideId>D000563</bioguideId>
        <lastName>DURBIN</lastName>
        <fullName>Sen. Durbin, Richard J. [D-IL]</fullName>
        <state>IL</state>
        <firstName>RICHARD</firstName>
        <sponsorshipWithdrawnDate />
        <party>D</party>
        <identifiers>
          <gpoId>8326</gpoId>
          <bioguideId>D000563</bioguideId>
          <lisID>326</lisID>
        </identifiers>
        <isOriginalCosponsor>False</isOriginalCosponsor>
        <middleName>J.</middleName>
        <sponsorshipDate>2019-05-23</sponsorshipDate>
      </item>
      <item>
        <bioguideId>R000122</bioguideId>
        <lastName>REED</lastName>
        <fullName>Sen. Reed, Jack [D-RI]</fullName>
        <state>RI</state>
        <firstName>JOHN</firstName>
        <sponsorshipWithdrawnDate />
        <party>D</party>
        <identifiers>
          <lisID>949</lisID>
          <gpoId>8272</gpoId>
          <bioguideId>R000122</bioguideId>
        </identifiers>
        <isOriginalCosponsor>False</isOriginalCosponsor>
        <middleName>F.</middleName>
        <sponsorshipDate>2019-05-23</sponsorshipDate>
      </item>
      <item>
        <bioguideId>B000944</bioguideId>
        <lastName>Brown</lastName>
        <fullName>Sen. Brown, Sherrod [D-OH]</fullName>
        <state>OH</state>
        <firstName>Sherrod</firstName>
        <sponsorshipWithdrawnDate />
        <party>D</party>
        <identifiers>
          <lisID>136</lisID>
          <gpoId>8309</gpoId>
          <bioguideId>B000944</bioguideId>
        </identifiers>
        <isOriginalCosponsor>False</isOriginalCosponsor>
        <middleName />
        <sponsorshipDate>2019-05-23</sponsorshipDate>
      </item>
      <item>
        <bioguideId>C001088</bioguideId>
        <lastName>Coons</lastName>
        <fullName>Sen. Coons, Christopher A. [D-DE]</fullName>
        <state>DE</state>
        <firstName>Christopher</firstName>
        <sponsorshipWithdrawnDate />
        <party>D</party>
        <identifiers>
          <bioguideId>C001088</bioguideId>
          <lisID>1984</lisID>
          <gpoId>8297</gpoId>
        </identifiers>
        <isOriginalCosponsor>False</isOriginalCosponsor>
        <middleName>A.</middleName>
        <sponsorshipDate>2019-06-03</sponsorshipDate>
      </item>
      <item>
        <bioguideId>S000033</bioguideId>
        <lastName>Sanders</lastName>
        <fullName>Sen. Sanders, Bernard [I-VT]</fullName>
        <state>VT</state>
        <firstName>Bernard</firstName>
        <sponsorshipWithdrawnDate />
        <party>I</party>
        <identifiers>
          <bioguideId>S000033</bioguideId>
          <gpoId>8270</gpoId>
          <lisID>1010</lisID>
        </identifiers>
        <isOriginalCosponsor>False</isOriginalCosponsor>
        <middleName />
        <sponsorshipDate>2019-06-03</sponsorshipDate>
      </item>
      <item>
        <bioguideId>C000174</bioguideId>
        <lastName>CARPER</lastName>
        <fullName>Sen. Carper, Thomas R. [D-DE]</fullName>
        <state>DE</state>
        <firstName>THOMAS</firstName>
        <sponsorshipWithdrawnDate />
        <party>D</party>
        <identifiers>
          <lisID>179</lisID>
          <gpoId>8283</gpoId>
          <bioguideId>C000174</bioguideId>
        </identifiers>
        <isOriginalCosponsor>False</isOriginalCosponsor>
        <middleName>R.</middleName>
        <sponsorshipDate>2019-06-03</sponsorshipDate>
      </item>
      <item>
        <bioguideId>M000639</bioguideId>
        <lastName>Menendez</lastName>
        <fullName>Sen. Menendez, Robert [D-NJ]</fullName>
        <state>NJ</state>
        <firstName>Robert</firstName>
        <sponsorshipWithdrawnDate />
        <party>D</party>
        <identifiers>
          <bioguideId>M000639</bioguideId>
          <lisID>791</lisID>
          <gpoId>8239</gpoId>
        </identifiers>
        <isOriginalCosponsor>False</isOriginalCosponsor>
        <middleName />
        <sponsorshipDate>2019-06-03</sponsorshipDate>
      </item>
      <item>
        <bioguideId>H001046</bioguideId>
        <lastName>Heinrich</lastName>
        <fullName>Sen. Heinrich, Martin [D-NM]</fullName>
        <state>NM</state>
        <firstName>Martin</firstName>
        <sponsorshipWithdrawnDate />
        <party>D</party>
        <identifiers>
          <bioguideId>H001046</bioguideId>
          <lisID>1937</lisID>
          <gpoId>8056</gpoId>
        </identifiers>
        <isOriginalCosponsor>False</isOriginalCosponsor>
        <middleName />
        <sponsorshipDate>2019-06-03</sponsorshipDate>
      </item>
      <item>
        <bioguideId>C000141</bioguideId>
        <lastName>CARDIN</lastName>
        <fullName>Sen. Cardin, Benjamin L. [D-MD]</fullName>
        <state>MD</state>
        <firstName>BENJAMIN</firstName>
        <sponsorshipWithdrawnDate />
        <party>D</party>
        <identifiers>
          <lisID>174</lisID>
          <gpoId>8287</gpoId>
          <bioguideId>C000141</bioguideId>
        </identifiers>
        <isOriginalCosponsor>False</isOriginalCosponsor>
        <middleName>L.</middleName>
        <sponsorshipDate>2019-06-03</sponsorshipDate>
      </item>
      <item>
        <bioguideId>T000464</bioguideId>
        <lastName>Tester</lastName>
        <fullName>Sen. Tester, Jon [D-MT]</fullName>
        <state>MT</state>
        <firstName>Jon</firstName>
        <sponsorshipWithdrawnDate />
        <party>D</party>
        <identifiers>
          <gpoId>8258</gpoId>
          <bioguideId>T000464</bioguideId>
          <lisID>1829</lisID>
        </identifiers>
        <isOriginalCosponsor>False</isOriginalCosponsor>
        <middleName />
        <sponsorshipDate>2019-06-03</sponsorshipDate>
      </item>
      <item>
        <bioguideId>B001267</bioguideId>
        <lastName>Bennet</lastName>
        <fullName>Sen. Bennet, Michael F. [D-CO]</fullName>
        <state>CO</state>
        <firstName>Michael</firstName>
        <sponsorshipWithdrawnDate />
        <party>D</party>
        <identifiers>
          <lisID>1965</lisID>
          <gpoId>8302</gpoId>
          <bioguideId>B001267</bioguideId>
        </identifiers>
        <isOriginalCosponsor>False</isOriginalCosponsor>
        <middleName>F.</middleName>
        <sponsorshipDate>2019-06-03</sponsorshipDate>
      </item>
      <item>
        <bioguideId>W000802</bioguideId>
        <lastName>Whitehouse</lastName>
        <fullName>Sen. Whitehouse, Sheldon [D-RI]</fullName>
        <state>RI</state>
        <firstName>Sheldon</firstName>
        <sponsorshipWithdrawnDate />
        <party>D</party>
        <identifiers>
          <bioguideId>W000802</bioguideId>
          <lisID>1823</lisID>
          <gpoId>8264</gpoId>
        </identifiers>
        <isOriginalCosponsor>False</isOriginalCosponsor>
        <middleName />
        <sponsorshipDate>2019-06-03</sponsorshipDate>
      </item>
      <item>
        <bioguideId>C001070</bioguideId>
        <lastName>Casey</lastName>
        <fullName>Sen. Casey, Robert P., Jr. [D-PA]</fullName>
        <state>PA</state>
        <firstName>Bob</firstName>
        <sponsorshipWithdrawnDate />
        <party>D</party>
        <identifiers>
          <bioguideId>C001070</bioguideId>
          <lisID>1828</lisID>
          <gpoId>8282</gpoId>
        </identifiers>
        <isOriginalCosponsor>False</isOriginalCosponsor>
        <middleName />
        <sponsorshipDate>2019-06-03</sponsorshipDate>
      </item>
      <item>
        <bioguideId>P000595</bioguideId>
        <lastName>Peters</lastName>
        <fullName>Sen. Peters, Gary C. [D-MI]</fullName>
        <state>MI</state>
        <firstName>Gary</firstName>
        <sponsorshipWithdrawnDate />
        <party>D</party>
        <identifiers>
          <bioguideId>P000595</bioguideId>
          <lisID>1929</lisID>
          <gpoId>7994</gpoId>
        </identifiers>
        <isOriginalCosponsor>False</isOriginalCosponsor>
        <middleName>C.</middleName>
        <sponsorshipDate>2019-06-03</sponsorshipDate>
      </item>
      <item>
        <bioguideId>W000805</bioguideId>
        <lastName>Warner</lastName>
        <fullName>Sen. Warner, Mark R. [D-VA]</fullName>
        <state>VA</state>
        <firstName>Mark</firstName>
        <sponsorshipWithdrawnDate />
        <party>D</party>
        <identifiers>
          <bioguideId>W000805</bioguideId>
          <gpoId>8269</gpoId>
          <lisID>1897</lisID>
        </identifiers>
        <isOriginalCosponsor>False</isOriginalCosponsor>
        <middleName>R.</middleName>
        <sponsorshipDate>2019-06-03</sponsorshipDate>
      </item>
      <item>
        <bioguideId>U000039</bioguideId>
        <lastName>UDALL</lastName>
        <fullName>Sen. Udall, Tom [D-NM]</fullName>
        <state>NM</state>
        <firstName>TOM</firstName>
        <sponsorshipWithdrawnDate />
        <party>D</party>
        <identifiers>
          <bioguideId>U000039</bioguideId>
          <lisID>1567</lisID>
          <gpoId>8260</gpoId>
        </identifiers>
        <isOriginalCosponsor>False</isOriginalCosponsor>
        <middleName />
        <sponsorshipDate>2019-06-03</sponsorshipDate>
      </item>
      <item>
        <bioguideId>L000174</bioguideId>
        <lastName>LEAHY</lastName>
        <fullName>Sen. Leahy, Patrick J. [D-VT]</fullName>
        <state>VT</state>
        <firstName>PATRICK</firstName>
        <sponsorshipWithdrawnDate />
        <party>D</party>
        <identifiers>
          <bioguideId>L000174</bioguideId>
          <lisID>1383</lisID>
          <gpoId>8244</gpoId>
        </identifiers>
        <isOriginalCosponsor>False</isOriginalCosponsor>
        <middleName>JOSEPH</middleName>
        <sponsorshipDate>2019-06-03</sponsorshipDate>
      </item>
      <item>
        <bioguideId>M001176</bioguideId>
        <lastName>Merkley</lastName>
        <fullName>Sen. Merkley, Jeff [D-OR]</fullName>
        <state>OR</state>
        <firstName>Jeff</firstName>
        <sponsorshipWithdrawnDate />
        <party>D</party>
        <identifiers>
          <bioguideId>M001176</bioguideId>
          <lisID>1900</lisID>
          <gpoId>8238</gpoId>
        </identifiers>
        <isOriginalCosponsor>False</isOriginalCosponsor>
        <middleName />
        <sponsorshipDate>2019-06-03</sponsorshipDate>
      </item>
      <item>
        <bioguideId>K000383</bioguideId>
        <lastName>King</lastName>
        <fullName>Sen. King, Angus S., Jr. [I-ME]</fullName>
        <state>ME</state>
        <firstName>Angus</firstName>
        <sponsorshipWithdrawnDate />
        <party>I</party>
        <identifiers>
          <gpoId />
          <bioguideId>K000383</bioguideId>
          <lisID>2185</lisID>
        </identifiers>
        <isOriginalCosponsor>False</isOriginalCosponsor>
        <middleName />
        <sponsorshipDate>2019-06-03</sponsorshipDate>
      </item>
      <item>
        <bioguideId>S001194</bioguideId>
        <lastName>Schatz</lastName>
        <fullName>Sen. Schatz, Brian [D-HI]</fullName>
        <state>HI</state>
        <firstName>Brian</firstName>
        <sponsorshipWithdrawnDate />
        <party>D</party>
        <identifiers>
          <lisID>2173</lisID>
          <gpoId />
          <bioguideId>S001194</bioguideId>
        </identifiers>
        <isOriginalCosponsor>False</isOriginalCosponsor>
        <middleName />
        <sponsorshipDate>2019-06-03</sponsorshipDate>
      </item>
      <item>
        <bioguideId>M001183</bioguideId>
        <lastName>Manchin</lastName>
        <fullName>Sen. Manchin, Joe, III [D-WV]</fullName>
        <state>WV</state>
        <firstName>Joe</firstName>
        <sponsorshipWithdrawnDate />
        <party>D</party>
        <identifiers>
          <bioguideId>M001183</bioguideId>
          <lisID>1983</lisID>
          <gpoId>8256</gpoId>
        </identifiers>
        <isOriginalCosponsor>False</isOriginalCosponsor>
        <middleName />
        <sponsorshipDate>2019-06-03</sponsorshipDate>
      </item>
      <item>
        <bioguideId>V000128</bioguideId>
        <lastName>Van Hollen</lastName>
        <fullName>Sen. Van Hollen, Chris [D-MD]</fullName>
        <state>MD</state>
        <firstName>Chris</firstName>
        <sponsorshipWithdrawnDate />
        <party>D</party>
        <identifiers>
          <lisID>1729</lisID>
          <gpoId>7983</gpoId>
          <bioguideId>V000128</bioguideId>
        </identifiers>
        <isOriginalCosponsor>False</isOriginalCosponsor>
        <middleName />
        <sponsorshipDate>2019-06-04</sponsorshipDate>
      </item>
      <item>
        <bioguideId>C001096</bioguideId>
        <lastName>Cramer</lastName>
        <fullName>Sen. Cramer, Kevin [R-ND]</fullName>
        <state>ND</state>
        <firstName>Kevin</firstName>
        <sponsorshipWithdrawnDate />
        <party>R</party>
        <identifiers>
          <bioguideId>C001096</bioguideId>
          <lisID>2144</lisID>
          <gpoId />
        </identifiers>
        <isOriginalCosponsor>False</isOriginalCosponsor>
        <middleName />
        <sponsorshipDate>2019-06-04</sponsorshipDate>
      </item>
      <item>
        <bioguideId>Y000064</bioguideId>
        <lastName>Young</lastName>
        <fullName>Sen. Young, Todd [R-IN]</fullName>
        <state>IN</state>
        <firstName>Todd</firstName>
        <sponsorshipWithdrawnDate />
        <party>R</party>
        <identifiers>
          <bioguideId>Y000064</bioguideId>
          <lisID>2019</lisID>
          <gpoId>7948</gpoId>
        </identifiers>
        <isOriginalCosponsor>False</isOriginalCosponsor>
        <middleName />
        <sponsorshipDate>2019-06-04</sponsorshipDate>
      </item>
      <item>
        <bioguideId>S001197</bioguideId>
        <lastName>Sasse</lastName>
        <fullName>Sen. Sasse, Ben  [R-NE]</fullName>
        <state>NE</state>
        <firstName>Ben</firstName>
        <sponsorshipWithdrawnDate />
        <party>R</party>
        <identifiers>
          <lisID>2289</lisID>
          <gpoId />
          <bioguideId>S001197</bioguideId>
        </identifiers>
        <isOriginalCosponsor>False</isOriginalCosponsor>
        <middleName />
        <sponsorshipDate>2019-06-04</sponsorshipDate>
      </item>
    </cosponsors>
    <summaries>
      <billSummaries>
        <item>
          <actionDesc>Introduced in Senate</actionDesc>
          <text><![CDATA[<p>This resolution celebrates the 100th anniversary of the passage and ratification of the Nineteenth Amendment to the Constitution, providing for women's suffrage. The resolution also reaffirms the desire of Congress to continue strengthening democratic participation.</p>]]></text>
          <versionCode>00</versionCode>
          <name>Introduced in Senate</name>
          <actionDate>2019-05-16</actionDate>
          <updateDate>2019-05-16T04:00:00Z</updateDate>
          <lastSummaryUpdateDate>2019-06-06T16:26:56Z</lastSummaryUpdateDate>
        </item>
        <item>
          <actionDesc>Passed Senate</actionDesc>
          <text><![CDATA[<p>This resolution celebrates the 100th anniversary of the passage and ratification of the Nineteenth Amendment to the Constitution, providing for women's suffrage. The resolution also reaffirms the desire of Congress to continue strengthening democratic participation.</p>]]></text>
          <versionCode>55</versionCode>
          <name>Passed Senate</name>
          <actionDate>2019-06-04</actionDate>
          <updateDate>2019-06-04T13:10:17Z</updateDate>
          <lastSummaryUpdateDate>2019-06-14T14:07:28Z</lastSummaryUpdateDate>
        </item>
      </billSummaries>
    </summaries>
    <version>1.0.0</version>
    <notes />
    <recordedVotes>
      <recordedVote>
        <sessionNumber>1</sessionNumber>
        <url>http://www.senate.gov/legislative/LIS/roll_call_lists/roll_call_vote_cfm.cfm?&amp;congress=116&amp;session=1&amp;vote=00132</url>
        <congress>116</congress>
        <chamber>Senate</chamber>
        <date>2019-06-04T22:23:17Z</date>
        <fullActionName>AGREED TO IN SENATE</fullActionName>
        <rollNumber>132</rollNumber>
      </recordedVote>
    </recordedVotes>
    <titles>
      <item>
        <chamberName />
        <title>A resolution celebrating the 100th anniversary of the passage and ratification of the 19th Amendment, providing for women's suffrage, to the Constitution of the United States.</title>
        <titleType>Official Title as Introduced</titleType>
        <chamberCode />
        <parentTitleType />
      </item>
      <item>
        <chamberName />
        <title>A resolution celebrating the 100th anniversary of the passage and ratification of the 19th Amendment, providing for women's suffrage, to the Constitution of the United States.</title>
        <titleType>Display Title</titleType>
        <chamberCode />
        <parentTitleType />
      </item>
    </titles>
    <textVersions>
      <item>
        <formats>
          <item>
            <url>https://www.govinfo.gov/content/pkg/BILLS-116sres212ats/xml/BILLS-116sres212ats.xml</url>
          </item>
        </formats>
        <type>Agreed to Senate</type>
        <date>2019-06-04T04:00:00Z</date>
      </item>
      <item>
        <formats>
          <item>
            <url>https://www.govinfo.gov/content/pkg/BILLS-116sres212is/xml/BILLS-116sres212is.xml</url>
          </item>
        </formats>
        <type>Introduced in Senate</type>
        <date>2019-05-16T04:00:00Z</date>
      </item>
    </textVersions>
    <committees>
      <billCommittees>
        <item>
          <name>Judiciary Committee</name>
          <chamber>Senate</chamber>
          <subcommittees />
          <activities>
            <item>
              <name>Discharged from</name>
              <date>2019-06-04T21:47:28Z</date>
            </item>
            <item>
              <name>Referred to</name>
              <date>2019-05-16T16:46:57Z</date>
            </item>
          </activities>
          <systemCode>ssju00</systemCode>
          <type>Standing</type>
        </item>
      </billCommittees>
    </committees>
    <originChamber>Senate</originChamber>
    <amendments />
    <actions>
      <actionByCounts>
        <senate>6</senate>
      </actionByCounts>
      <actionTypeCounts>
        <senateCommitteeDischarged>1</senateCommitteeDischarged>
        <introducedInSenate>1</introducedInSenate>
        <passedAgreedToInSenate>1</passedAgreedToInSenate>
        <referredToCommittee>1</referredToCommittee>
        <agreedToInSenate>1</agreedToInSenate>
        <committeeDischarged>1</committeeDischarged>
      </actionTypeCounts>
      <item>
        <actionDate>2019-06-04</actionDate>
        <committee />
        <links>
          <link>
            <url>https://www.congress.gov/congressional-record/volume-165/senate-section/page/S2928</url>
            <name>CR 5/16/2019 S2928</name>
          </link>
          <link>
            <url>http://www.senate.gov/legislative/LIS/roll_call_lists/roll_call_vote_cfm.cfm?congress=116&amp;session=1&amp;vote=00132</url>
            <name>Record Vote Number: 132</name>
          </link>
        </links>
        <sourceSystem>
          <name>Senate</name>
          <code>0</code>
        </sourceSystem>
        <text>Resolution agreed to in Senate without amendment and with a preamble by Yea-Nay Vote. 93 - 0. Record Vote Number: 132. (text: CR 5/16/2019 S2928)</text>
        <type>Floor</type>
      </item>
      <item>
        <committee />
        <text>Passed/agreed to in Senate: Resolution agreed to in Senate without amendment and with a preamble by Yea-Nay Vote. 93 - 0. Record Vote Number: 132.(text: CR 5/16/2019 S2928)</text>
        <actionDate>2019-06-04</actionDate>
        <type>Floor</type>
        <sourceSystem>
          <name>Library of Congress</name>
          <code>9</code>
        </sourceSystem>
        <actionCode>17000</actionCode>
        <links>
          <link>
            <url>https://www.congress.gov/congressional-record/volume-165/senate-section/page/S2928</url>
            <name>CR 5/16/2019 S2928</name>
          </link>
          <link>
            <url>http://www.senate.gov/legislative/LIS/roll_call_lists/roll_call_vote_cfm.cfm?congress=116&amp;session=1&amp;vote=00132</url>
            <name>Record Vote Number: 132</name>
          </link>
        </links>
      </item>
      <item>
        <actionDate>2019-06-04</actionDate>
        <committee>
          <name>Judiciary Committee</name>
          <systemCode>ssju00</systemCode>
        </committee>
        <links>
          <link>
            <url>https://www.congress.gov/congressional-record/volume-165/senate-section/page/S3200</url>
            <name>S3200</name>
          </link>
        </links>
        <sourceSystem>
          <name>Senate</name>
          <code>0</code>
        </sourceSystem>
        <text>Senate Committee on the Judiciary discharged by Unanimous Consent. (consideration: CR S3200)</text>
        <type>Discharge</type>
      </item>
      <item>
        <committee>
          <name>Judiciary Committee</name>
          <systemCode>ssju00</systemCode>
        </committee>
        <text>Senate Committee on the Judiciary discharged by Unanimous Consent.(consideration: CR S3200)</text>
        <actionDate>2019-06-04</actionDate>
        <type>Committee</type>
        <sourceSystem>
          <name>Library of Congress</name>
          <code>9</code>
        </sourceSystem>
        <actionCode>14500</actionCode>
        <links>
          <link>
            <url>https://www.congress.gov/congressional-record/volume-165/senate-section/page/S3200</url>
            <name>S3200</name>
          </link>
        </links>
      </item>
      <item>
        <actionDate>2019-05-16</actionDate>
        <committee>
          <name>Judiciary Committee</name>
          <systemCode>ssju00</systemCode>
        </committee>
        <links />
        <sourceSystem>
          <name>Senate</name>
          <code>0</code>
        </sourceSystem>
        <text>Referred to the Committee on the Judiciary.</text>
        <type>IntroReferral</type>
      </item>
      <item>
        <committee />
        <text>Introduced in Senate</text>
        <actionDate>2019-05-16</actionDate>
        <type>IntroReferral</type>
        <sourceSystem>
          <name>Library of Congress</name>
          <code>9</code>
        </sourceSystem>
        <actionCode>10000</actionCode>
        <links />
      </item>
    </actions>
    <sponsors>
      <item>
        <fullName>Sen. Murkowski, Lisa [R-AK]</fullName>
        <lastName>Murkowski</lastName>
        <firstName>Lisa</firstName>
        <middleName />
        <bioguideId>M001153</bioguideId>
        <state>AK</state>
        <party>R</party>
        <identifiers>
          <lisID>1694</lisID>
          <gpoId>8234</gpoId>
          <bioguideId>M001153</bioguideId>
        </identifiers>
        <byRequestType />
      </item>
    </sponsors>
    <calendarNumbers />
  </bill>
  <dublinCore xmlns:dc="http://purl.org/dc/elements/1.1/">
    <dc:format>text/xml</dc:format>
    <dc:language>EN</dc:language>
    <dc:rights>Pursuant to Title 17 Section 105 of the United States Code, this file is not subject to copyright protection and is in the public domain.</dc:rights>
    <dc:contributor>Congressional Research Service, Library of Congress</dc:contributor>
    <dc:description>This file contains bill summaries and statuses for federal legislation. A bill summary describes the most significant provisions of a piece of legislation and details the effects the legislative text may have on current law and federal programs. Bill summaries are authored by the Congressional Research Service (CRS) of the Library of Congress. As stated in Public Law 91-510 (2 USC 166 (d)(6)), one of the duties of CRS is "to prepare summaries and digests of bills and resolutions of a public general nature introduced in the Senate or House of Representatives". For more information, refer to the User Guide that accompanies this file.</dc:description>
  </dublinCore>
</billStatus>

