<?xml version="1.0" encoding="UTF-8"?>
<billStatus>
  <bill>
    <summaries>
      <billSummaries>
        <item>
          <versionCode>00</versionCode>
          <updateDate>2019-05-21T04:00:00Z</updateDate>
          <actionDate>2019-05-21</actionDate>
          <lastSummaryUpdateDate>2019-06-17T15:08:23Z</lastSummaryUpdateDate>
          <actionDesc>Introduced in Senate</actionDesc>
          <text><![CDATA[<p>This resolution recognizes the historic and valuable contributions of the Muslim community of the United States.</p>]]></text>
          <name>Introduced in Senate</name>
        </item>
      </billSummaries>
    </summaries>
    <congress>116</congress>
    <relatedBills />
    <titles>
      <item>
        <parentTitleType />
        <chamberName />
        <chamberCode />
        <title>A resolution recognizing the history and contributions of Muslims of the United States.</title>
        <titleType>Official Title as Introduced</titleType>
      </item>
      <item>
        <parentTitleType />
        <chamberName />
        <chamberCode />
        <title>A resolution recognizing the history and contributions of Muslims of the United States.</title>
        <titleType>Display Title</titleType>
      </item>
    </titles>
    <updateDate>2019-06-20T04:57:39Z</updateDate>
    <cboCostEstimates />
    <recordedVotes />
    <calendarNumbers />
    <billNumber>214</billNumber>
    <subjects>
      <billSubjects>
        <policyArea>
          <name>Civil Rights and Liberties, Minority Issues</name>
        </policyArea>
        <legislativeSubjects>
          <item>
            <name>Congressional tributes</name>
          </item>
          <item>
            <name>Racial and ethnic relations</name>
          </item>
          <item>
            <name>Religion</name>
          </item>
          <item>
            <name>U.S. history</name>
          </item>
        </legislativeSubjects>
      </billSubjects>
    </subjects>
    <originChamber>Senate</originChamber>
    <title>A resolution recognizing the history and contributions of Muslims of the United States.</title>
    <policyArea>
      <name>Civil Rights and Liberties, Minority Issues</name>
    </policyArea>
    <billType>SRES</billType>
    <amendments />
    <notes />
    <sponsors>
      <item>
        <fullName>Sen. Booker, Cory A. [D-NJ]</fullName>
        <middleName>A.</middleName>
        <firstName>Cory</firstName>
        <party>D</party>
        <byRequestType />
        <identifiers>
          <lisID>2194</lisID>
          <gpoId />
          <bioguideId>B001288</bioguideId>
        </identifiers>
        <lastName>Booker</lastName>
        <state>NJ</state>
        <bioguideId>B001288</bioguideId>
      </item>
    </sponsors>
    <version>1.0.0</version>
    <latestAction>
      <text>Referred to the Committee on the Judiciary. (text: CR S3009-3010)</text>
      <actionDate>2019-05-21</actionDate>
      <links />
    </latestAction>
    <laws />
    <committees>
      <billCommittees>
        <item>
          <type>Standing</type>
          <activities>
            <item>
              <date>2019-05-21T19:26:16Z</date>
              <name>Referred to</name>
            </item>
          </activities>
          <systemCode>ssju00</systemCode>
          <chamber>Senate</chamber>
          <name>Judiciary Committee</name>
          <subcommittees />
        </item>
      </billCommittees>
    </committees>
    <cosponsors>
      <item>
        <middleName />
        <bioguideId>C001070</bioguideId>
        <state>PA</state>
        <sponsorshipDate>2019-05-21</sponsorshipDate>
        <firstName>Bob</firstName>
        <lastName>Casey</lastName>
        <party>D</party>
        <fullName>Sen. Casey, Robert P., Jr. [D-PA]</fullName>
        <identifiers>
          <lisID>1828</lisID>
          <gpoId>8282</gpoId>
          <bioguideId>C001070</bioguideId>
        </identifiers>
        <sponsorshipWithdrawnDate />
        <isOriginalCosponsor>True</isOriginalCosponsor>
      </item>
      <item>
        <middleName>D.</middleName>
        <bioguideId>H001075</bioguideId>
        <state>CA</state>
        <sponsorshipDate>2019-05-21</sponsorshipDate>
        <firstName>Kamala</firstName>
        <lastName>Harris</lastName>
        <party>D</party>
        <fullName>Sen. Harris, Kamala D. [D-CA]</fullName>
        <identifiers>
          <bioguideId>H001075</bioguideId>
          <gpoId />
          <lisID>2301</lisID>
        </identifiers>
        <sponsorshipWithdrawnDate />
        <isOriginalCosponsor>True</isOriginalCosponsor>
      </item>
      <item>
        <middleName>C.</middleName>
        <bioguideId>P000595</bioguideId>
        <state>MI</state>
        <sponsorshipDate>2019-05-21</sponsorshipDate>
        <firstName>Gary</firstName>
        <lastName>Peters</lastName>
        <party>D</party>
        <fullName>Sen. Peters, Gary C. [D-MI]</fullName>
        <identifiers>
          <gpoId>7994</gpoId>
          <bioguideId>P000595</bioguideId>
          <lisID>1929</lisID>
        </identifiers>
        <sponsorshipWithdrawnDate />
        <isOriginalCosponsor>True</isOriginalCosponsor>
      </item>
      <item>
        <middleName />
        <bioguideId>M001111</bioguideId>
        <state>WA</state>
        <sponsorshipDate>2019-05-21</sponsorshipDate>
        <firstName>PATTY</firstName>
        <lastName>MURRAY</lastName>
        <party>D</party>
        <fullName>Sen. Murray, Patty [D-WA]</fullName>
        <identifiers>
          <bioguideId>M001111</bioguideId>
          <lisID>1409</lisID>
          <gpoId>8237</gpoId>
        </identifiers>
        <sponsorshipWithdrawnDate />
        <isOriginalCosponsor>True</isOriginalCosponsor>
      </item>
      <item>
        <middleName>ANN</middleName>
        <bioguideId>S000770</bioguideId>
        <state>MI</state>
        <sponsorshipDate>2019-05-21</sponsorshipDate>
        <firstName>DEBORAH</firstName>
        <lastName>STABENOW</lastName>
        <party>D</party>
        <fullName>Sen. Stabenow, Debbie [D-MI]</fullName>
        <identifiers>
          <bioguideId>S000770</bioguideId>
          <gpoId>8261</gpoId>
          <lisID>1531</lisID>
        </identifiers>
        <sponsorshipWithdrawnDate />
        <isOriginalCosponsor>True</isOriginalCosponsor>
      </item>
      <item>
        <middleName />
        <bioguideId>S001203</bioguideId>
        <state>MN</state>
        <sponsorshipDate>2019-05-23</sponsorshipDate>
        <firstName>Tina</firstName>
        <lastName>Smith</lastName>
        <party>D</party>
        <fullName>Sen. Smith, Tina  [D-MN]</fullName>
        <identifiers>
          <lisID>2365</lisID>
          <gpoId />
          <bioguideId>S001203</bioguideId>
        </identifiers>
        <sponsorshipWithdrawnDate />
        <isOriginalCosponsor>False</isOriginalCosponsor>
      </item>
    </cosponsors>
    <introducedDate>2019-05-21</introducedDate>
    <createDate>2019-05-22T04:42:11Z</createDate>
    <textVersions>
      <item>
        <type>Introduced in Senate</type>
        <date>2019-05-21T04:00:00Z</date>
        <formats>
          <item>
            <url>https://www.govinfo.gov/content/pkg/BILLS-116sres214is/xml/BILLS-116sres214is.xml</url>
          </item>
        </formats>
      </item>
    </textVersions>
    <actions>
      <actionTypeCounts>
        <referredToCommittee>1</referredToCommittee>
        <introducedInSenate>1</introducedInSenate>
      </actionTypeCounts>
      <actionByCounts>
        <senate>2</senate>
      </actionByCounts>
      <item>
        <actionDate>2019-05-21</actionDate>
        <committee>
          <name>Judiciary Committee</name>
          <systemCode>ssju00</systemCode>
        </committee>
        <links>
          <link>
            <url>https://www.congress.gov/congressional-record/volume-165/senate-section/page/S3009-3010</url>
            <name>S3009-3010</name>
          </link>
        </links>
        <sourceSystem>
          <name>Senate</name>
          <code>0</code>
        </sourceSystem>
        <text>Referred to the Committee on the Judiciary. (text: CR S3009-3010)</text>
        <type>IntroReferral</type>
      </item>
      <item>
        <committee />
        <type>IntroReferral</type>
        <actionDate>2019-05-21</actionDate>
        <text>Introduced in Senate</text>
        <sourceSystem>
          <name>Library of Congress</name>
          <code>9</code>
        </sourceSystem>
        <actionCode>10000</actionCode>
        <links />
      </item>
    </actions>
    <committeeReports />
  </bill>
  <dublinCore xmlns:dc="http://purl.org/dc/elements/1.1/">
    <dc:format>text/xml</dc:format>
    <dc:language>EN</dc:language>
    <dc:rights>Pursuant to Title 17 Section 105 of the United States Code, this file is not subject to copyright protection and is in the public domain.</dc:rights>
    <dc:contributor>Congressional Research Service, Library of Congress</dc:contributor>
    <dc:description>This file contains bill summaries and statuses for federal legislation. A bill summary describes the most significant provisions of a piece of legislation and details the effects the legislative text may have on current law and federal programs. Bill summaries are authored by the Congressional Research Service (CRS) of the Library of Congress. As stated in Public Law 91-510 (2 USC 166 (d)(6)), one of the duties of CRS is "to prepare summaries and digests of bills and resolutions of a public general nature introduced in the Senate or House of Representatives". For more information, refer to the User Guide that accompanies this file.</dc:description>
  </dublinCore>
</billStatus>

