<?xml version="1.0" encoding="UTF-8"?>
<billStatus>
  <bill>
    <billNumber>257</billNumber>
    <amendments />
    <relatedBills />
    <subjects>
      <billSubjects>
        <policyArea>
          <name>Animals</name>
        </policyArea>
        <legislativeSubjects>
          <item>
            <name>Birds</name>
          </item>
          <item>
            <name>Currency</name>
          </item>
          <item>
            <name>Elementary and secondary education</name>
          </item>
          <item>
            <name>Endangered and threatened species</name>
          </item>
          <item>
            <name>National symbols</name>
          </item>
          <item>
            <name>Wildlife conservation and habitat protection</name>
          </item>
        </legislativeSubjects>
      </billSubjects>
    </subjects>
    <congress>116</congress>
    <billType>SRES</billType>
    <cboCostEstimates />
    <actions>
      <actionByCounts>
        <senate>3</senate>
      </actionByCounts>
      <item>
        <actionDate>2019-06-20</actionDate>
        <committee />
        <links>
          <link>
            <name>S4178-4179</name>
            <url>https://www.congress.gov/congressional-record/volume-165/senate-section/page/S4178-4179</url>
          </link>
          <link>
            <name>S4195</name>
            <url>https://www.congress.gov/congressional-record/volume-165/senate-section/page/S4195</url>
          </link>
        </links>
        <sourceSystem>
          <name>Senate</name>
          <code>0</code>
        </sourceSystem>
        <text>Submitted in the Senate, considered, and agreed to without amendment and with a preamble by Unanimous Consent. (consideration: CR S4195; text: CR S4178-4179)</text>
        <type>Floor</type>
      </item>
      <item>
        <actionDate>2019-06-20</actionDate>
        <actionCode>17000</actionCode>
        <type>Floor</type>
        <text>Passed/agreed to in Senate: Submitted in the Senate, considered, and agreed to without amendment and with a preamble by Unanimous Consent.(consideration: CR S4195; text: CR S4178-4179)</text>
        <links>
          <link>
            <name>S4178-4179</name>
            <url>https://www.congress.gov/congressional-record/volume-165/senate-section/page/S4178-4179</url>
          </link>
          <link>
            <name>S4195</name>
            <url>https://www.congress.gov/congressional-record/volume-165/senate-section/page/S4195</url>
          </link>
        </links>
        <sourceSystem>
          <name>Library of Congress</name>
          <code>9</code>
        </sourceSystem>
        <committee />
      </item>
      <item>
        <actionDate>2019-06-20</actionDate>
        <actionCode>10000</actionCode>
        <type>IntroReferral</type>
        <text>Introduced in Senate</text>
        <links />
        <sourceSystem>
          <name>Library of Congress</name>
          <code>9</code>
        </sourceSystem>
        <committee />
      </item>
      <actionTypeCounts>
        <passedAgreedToInSenate>1</passedAgreedToInSenate>
        <passedOrAgreedToInSenateDayOf>1</passedOrAgreedToInSenateDayOf>
        <introducedInSenate>1</introducedInSenate>
      </actionTypeCounts>
    </actions>
    <notes />
    <title>A resolution designating June 20, 2019, as "American Eagle Day" and celebrating the recovery and restoration of the bald eagle, the national symbol of the United States.</title>
    <laws />
    <cosponsors>
      <item>
        <sponsorshipWithdrawnDate />
        <bioguideId>D000563</bioguideId>
        <middleName>J.</middleName>
        <sponsorshipDate>2019-06-20</sponsorshipDate>
        <isOriginalCosponsor>True</isOriginalCosponsor>
        <party>D</party>
        <identifiers>
          <gpoId>8326</gpoId>
          <lisID>326</lisID>
          <bioguideId>D000563</bioguideId>
        </identifiers>
        <firstName>RICHARD</firstName>
        <state>IL</state>
        <lastName>DURBIN</lastName>
        <fullName>Sen. Durbin, Richard J. [D-IL]</fullName>
      </item>
      <item>
        <sponsorshipWithdrawnDate />
        <bioguideId>B001230</bioguideId>
        <middleName />
        <sponsorshipDate>2019-06-20</sponsorshipDate>
        <isOriginalCosponsor>True</isOriginalCosponsor>
        <party>D</party>
        <identifiers>
          <bioguideId>B001230</bioguideId>
          <gpoId>8215</gpoId>
          <lisID>1558</lisID>
        </identifiers>
        <firstName>Tammy</firstName>
        <state>WI</state>
        <lastName>Baldwin</lastName>
        <fullName>Sen. Baldwin, Tammy [D-WI]</fullName>
      </item>
      <item>
        <sponsorshipWithdrawnDate />
        <bioguideId>B001243</bioguideId>
        <middleName />
        <sponsorshipDate>2019-06-20</sponsorshipDate>
        <isOriginalCosponsor>True</isOriginalCosponsor>
        <party>R</party>
        <identifiers>
          <lisID>1748</lisID>
          <gpoId>8154</gpoId>
          <bioguideId>B001243</bioguideId>
        </identifiers>
        <firstName>Marsha</firstName>
        <state>TN</state>
        <lastName>Blackburn</lastName>
        <fullName>Sen. Blackburn, Marsha [R-TN]</fullName>
      </item>
      <item>
        <sponsorshipWithdrawnDate />
        <bioguideId>B001288</bioguideId>
        <middleName>A.</middleName>
        <sponsorshipDate>2019-06-20</sponsorshipDate>
        <isOriginalCosponsor>True</isOriginalCosponsor>
        <party>D</party>
        <identifiers>
          <lisID>2194</lisID>
          <bioguideId>B001288</bioguideId>
          <gpoId />
        </identifiers>
        <firstName>Cory</firstName>
        <state>NJ</state>
        <lastName>Booker</lastName>
        <fullName>Sen. Booker, Cory A. [D-NJ]</fullName>
      </item>
      <item>
        <sponsorshipWithdrawnDate />
        <bioguideId>C001047</bioguideId>
        <middleName>MOORE</middleName>
        <sponsorshipDate>2019-06-20</sponsorshipDate>
        <isOriginalCosponsor>True</isOriginalCosponsor>
        <party>R</party>
        <identifiers>
          <bioguideId>C001047</bioguideId>
          <gpoId>8223</gpoId>
          <lisID>1676</lisID>
        </identifiers>
        <firstName>SHELLEY</firstName>
        <state>WV</state>
        <lastName>CAPITO</lastName>
        <fullName>Sen. Capito, Shelley Moore [R-WV]</fullName>
      </item>
      <item>
        <sponsorshipWithdrawnDate />
        <bioguideId>C001035</bioguideId>
        <middleName>MARGARET</middleName>
        <sponsorshipDate>2019-06-20</sponsorshipDate>
        <isOriginalCosponsor>True</isOriginalCosponsor>
        <party>R</party>
        <identifiers>
          <bioguideId>C001035</bioguideId>
          <lisID>1541</lisID>
          <gpoId>8291</gpoId>
        </identifiers>
        <firstName>SUSAN</firstName>
        <state>ME</state>
        <lastName>COLLINS</lastName>
        <fullName>Sen. Collins, Susan M. [R-ME]</fullName>
      </item>
      <item>
        <sponsorshipWithdrawnDate />
        <bioguideId>C001096</bioguideId>
        <middleName />
        <sponsorshipDate>2019-06-20</sponsorshipDate>
        <isOriginalCosponsor>True</isOriginalCosponsor>
        <party>R</party>
        <identifiers>
          <lisID>2144</lisID>
          <gpoId />
          <bioguideId>C001096</bioguideId>
        </identifiers>
        <firstName>Kevin</firstName>
        <state>ND</state>
        <lastName>Cramer</lastName>
        <fullName>Sen. Cramer, Kevin [R-ND]</fullName>
      </item>
      <item>
        <sponsorshipWithdrawnDate />
        <bioguideId>F000062</bioguideId>
        <middleName />
        <sponsorshipDate>2019-06-20</sponsorshipDate>
        <isOriginalCosponsor>True</isOriginalCosponsor>
        <party>D</party>
        <identifiers>
          <bioguideId>F000062</bioguideId>
          <lisID>1332</lisID>
          <gpoId>8338</gpoId>
        </identifiers>
        <firstName>DIANNE</firstName>
        <state>CA</state>
        <lastName>FEINSTEIN</lastName>
        <fullName>Sen. Feinstein, Dianne [D-CA]</fullName>
      </item>
      <item>
        <sponsorshipWithdrawnDate />
        <bioguideId>I000024</bioguideId>
        <middleName />
        <sponsorshipDate>2019-06-20</sponsorshipDate>
        <isOriginalCosponsor>True</isOriginalCosponsor>
        <party>R</party>
        <identifiers>
          <lisID>583</lisID>
          <bioguideId>I000024</bioguideId>
          <gpoId>8322</gpoId>
        </identifiers>
        <firstName>JIM</firstName>
        <state>OK</state>
        <lastName>INHOFE</lastName>
        <fullName>Sen. Inhofe, James M. [R-OK]</fullName>
      </item>
      <item>
        <sponsorshipWithdrawnDate />
        <bioguideId>J000300</bioguideId>
        <middleName />
        <sponsorshipDate>2019-06-20</sponsorshipDate>
        <isOriginalCosponsor>True</isOriginalCosponsor>
        <party>D</party>
        <identifiers>
          <lisID>2364</lisID>
          <bioguideId>J000300</bioguideId>
          <gpoId />
        </identifiers>
        <firstName>Doug</firstName>
        <state>AL</state>
        <lastName>Jones</lastName>
        <fullName>Sen. Jones, Doug  [D-AL]</fullName>
      </item>
      <item>
        <sponsorshipWithdrawnDate />
        <bioguideId>M001183</bioguideId>
        <middleName />
        <sponsorshipDate>2019-06-20</sponsorshipDate>
        <isOriginalCosponsor>True</isOriginalCosponsor>
        <party>D</party>
        <identifiers>
          <lisID>1983</lisID>
          <bioguideId>M001183</bioguideId>
          <gpoId>8256</gpoId>
        </identifiers>
        <firstName>Joe</firstName>
        <state>WV</state>
        <lastName>Manchin</lastName>
        <fullName>Sen. Manchin, Joe, III [D-WV]</fullName>
      </item>
      <item>
        <sponsorshipWithdrawnDate />
        <bioguideId>U000039</bioguideId>
        <middleName />
        <sponsorshipDate>2019-06-20</sponsorshipDate>
        <isOriginalCosponsor>True</isOriginalCosponsor>
        <party>D</party>
        <identifiers>
          <gpoId>8260</gpoId>
          <lisID>1567</lisID>
          <bioguideId>U000039</bioguideId>
        </identifiers>
        <firstName>TOM</firstName>
        <state>NM</state>
        <lastName>UDALL</lastName>
        <fullName>Sen. Udall, Tom [D-NM]</fullName>
      </item>
      <item>
        <sponsorshipWithdrawnDate />
        <bioguideId>C000141</bioguideId>
        <middleName>L.</middleName>
        <sponsorshipDate>2019-06-20</sponsorshipDate>
        <isOriginalCosponsor>True</isOriginalCosponsor>
        <party>D</party>
        <identifiers>
          <lisID>174</lisID>
          <bioguideId>C000141</bioguideId>
          <gpoId>8287</gpoId>
        </identifiers>
        <firstName>BENJAMIN</firstName>
        <state>MD</state>
        <lastName>CARDIN</lastName>
        <fullName>Sen. Cardin, Benjamin L. [D-MD]</fullName>
      </item>
    </cosponsors>
    <introducedDate>2019-06-20</introducedDate>
    <titles>
      <item>
        <chamberName />
        <titleType>Official Title as Introduced</titleType>
        <title>A resolution designating June 20, 2019, as "American Eagle Day" and celebrating the recovery and restoration of the bald eagle, the national symbol of the United States.</title>
        <chamberCode />
        <parentTitleType />
      </item>
      <item>
        <chamberName />
        <titleType>Display Title</titleType>
        <title>A resolution designating June 20, 2019, as "American Eagle Day" and celebrating the recovery and restoration of the bald eagle, the national symbol of the United States.</title>
        <chamberCode />
        <parentTitleType />
      </item>
    </titles>
    <createDate>2019-06-21T04:42:09Z</createDate>
    <committeeReports />
    <updateDate>2019-06-29T09:24:53Z</updateDate>
    <committees>
      <billCommittees />
    </committees>
    <sponsors>
      <item>
        <party>R</party>
        <fullName>Sen. Alexander, Lamar [R-TN]</fullName>
        <firstName>Lamar</firstName>
        <middleName />
        <identifiers>
          <lisID>1695</lisID>
          <bioguideId>A000360</bioguideId>
          <gpoId>8304</gpoId>
        </identifiers>
        <state>TN</state>
        <byRequestType />
        <bioguideId>A000360</bioguideId>
        <lastName>Alexander</lastName>
      </item>
    </sponsors>
    <textVersions>
      <item>
        <type>Agreed to Senate</type>
        <date>2019-06-20T04:00:00Z</date>
        <formats>
          <item>
            <url>https://www.govinfo.gov/content/pkg/BILLS-116sres257ats/xml/BILLS-116sres257ats.xml</url>
          </item>
        </formats>
      </item>
    </textVersions>
    <policyArea>
      <name>Animals</name>
    </policyArea>
    <version>1.0.0</version>
    <summaries>
      <billSummaries />
    </summaries>
    <recordedVotes />
    <latestAction>
      <text>Submitted in the Senate, considered, and agreed to without amendment and with a preamble by Unanimous Consent. (consideration: CR S4195; text: CR S4178-4179)</text>
      <actionDate>2019-06-20</actionDate>
      <links />
    </latestAction>
    <originChamber>Senate</originChamber>
    <calendarNumbers />
  </bill>
  <dublinCore xmlns:dc="http://purl.org/dc/elements/1.1/">
    <dc:format>text/xml</dc:format>
    <dc:language>EN</dc:language>
    <dc:rights>Pursuant to Title 17 Section 105 of the United States Code, this file is not subject to copyright protection and is in the public domain.</dc:rights>
    <dc:contributor>Congressional Research Service, Library of Congress</dc:contributor>
    <dc:description>This file contains bill summaries and statuses for federal legislation. A bill summary describes the most significant provisions of a piece of legislation and details the effects the legislative text may have on current law and federal programs. Bill summaries are authored by the Congressional Research Service (CRS) of the Library of Congress. As stated in Public Law 91-510 (2 USC 166 (d)(6)), one of the duties of CRS is "to prepare summaries and digests of bills and resolutions of a public general nature introduced in the Senate or House of Representatives". For more information, refer to the User Guide that accompanies this file.</dc:description>
  </dublinCore>
</billStatus>

