<?xml version="1.0" encoding="UTF-8"?>
<billStatus>
  <bill>
    <title>A resolution designating October 2, 2019, as "Energy Efficiency Day" in celebration of the economic and environmental benefits that have been driven by private sector innovation and Federal energy efficiency policies.</title>
    <policyArea>
      <name>Energy</name>
    </policyArea>
    <updateDate>2019-10-09T04:27:33Z</updateDate>
    <notes />
    <amendments />
    <recordedVotes />
    <textVersions>
      <item>
        <date>2019-09-26T04:00:00Z</date>
        <type>Agreed to Senate</type>
        <formats>
          <item>
            <url>https://www.govinfo.gov/content/pkg/BILLS-116sres347ats/xml/BILLS-116sres347ats.xml</url>
          </item>
        </formats>
      </item>
    </textVersions>
    <laws />
    <billType>SRES</billType>
    <calendarNumbers />
    <sponsors>
      <item>
        <firstName>Jeanne</firstName>
        <fullName>Sen. Shaheen, Jeanne [D-NH]</fullName>
        <bioguideId>S001181</bioguideId>
        <party>D</party>
        <middleName />
        <byRequestType />
        <identifiers>
          <bioguideId>S001181</bioguideId>
          <lisID>1901</lisID>
          <gpoId>8276</gpoId>
        </identifiers>
        <state>NH</state>
        <lastName>Shaheen</lastName>
      </item>
    </sponsors>
    <summaries>
      <billSummaries>
        <item>
          <lastSummaryUpdateDate>2019-10-07T10:40:16Z</lastSummaryUpdateDate>
          <text><![CDATA[<p>This resolution designates October 2, 2019, as Energy Efficiency Day.</p>]]></text>
          <actionDate>2019-09-26</actionDate>
          <name>Introduced in Senate</name>
          <actionDesc>Introduced in Senate</actionDesc>
          <updateDate>2019-09-26T04:00:00Z</updateDate>
          <versionCode>00</versionCode>
        </item>
      </billSummaries>
    </summaries>
    <latestAction>
      <actionDate>2019-09-26</actionDate>
      <links />
      <text>Submitted in the Senate, considered, and agreed to without amendment and with a preamble by Voice Vote. (consideration: CR S5760; text: CR S5754)</text>
    </latestAction>
    <congress>116</congress>
    <committees>
      <billCommittees />
    </committees>
    <relatedBills />
    <cosponsors>
      <item>
        <firstName>ROB</firstName>
        <middleName />
        <bioguideId>P000449</bioguideId>
        <sponsorshipWithdrawnDate />
        <state>OH</state>
        <fullName>Sen. Portman, Rob [R-OH]</fullName>
        <identifiers>
          <gpoId>8266</gpoId>
          <lisID>924</lisID>
          <bioguideId>P000449</bioguideId>
        </identifiers>
        <isOriginalCosponsor>True</isOriginalCosponsor>
        <lastName>PORTMAN</lastName>
        <sponsorshipDate>2019-09-26</sponsorshipDate>
        <party>R</party>
      </item>
      <item>
        <firstName>Margaret</firstName>
        <middleName>Wood</middleName>
        <bioguideId>H001076</bioguideId>
        <sponsorshipWithdrawnDate />
        <state>NH</state>
        <fullName>Sen. Hassan, Margaret Wood [D-NH]</fullName>
        <identifiers>
          <lisID>2302</lisID>
          <bioguideId>H001076</bioguideId>
          <gpoId />
        </identifiers>
        <isOriginalCosponsor>True</isOriginalCosponsor>
        <lastName>Hassan</lastName>
        <sponsorshipDate>2019-09-26</sponsorshipDate>
        <party>D</party>
      </item>
      <item>
        <firstName>Christopher</firstName>
        <middleName>A.</middleName>
        <bioguideId>C001088</bioguideId>
        <sponsorshipWithdrawnDate />
        <state>DE</state>
        <fullName>Sen. Coons, Christopher A. [D-DE]</fullName>
        <identifiers>
          <gpoId>8297</gpoId>
          <lisID>1984</lisID>
          <bioguideId>C001088</bioguideId>
        </identifiers>
        <isOriginalCosponsor>True</isOriginalCosponsor>
        <lastName>Coons</lastName>
        <sponsorshipDate>2019-09-26</sponsorshipDate>
        <party>D</party>
      </item>
      <item>
        <firstName>Sheldon</firstName>
        <middleName />
        <bioguideId>W000802</bioguideId>
        <sponsorshipWithdrawnDate />
        <state>RI</state>
        <fullName>Sen. Whitehouse, Sheldon [D-RI]</fullName>
        <identifiers>
          <bioguideId>W000802</bioguideId>
          <lisID>1823</lisID>
          <gpoId>8264</gpoId>
        </identifiers>
        <isOriginalCosponsor>True</isOriginalCosponsor>
        <lastName>Whitehouse</lastName>
        <sponsorshipDate>2019-09-26</sponsorshipDate>
        <party>D</party>
      </item>
      <item>
        <firstName>EDWARD</firstName>
        <middleName>J.</middleName>
        <bioguideId>M000133</bioguideId>
        <sponsorshipWithdrawnDate />
        <state>MA</state>
        <fullName>Sen. Markey, Edward J. [D-MA]</fullName>
        <identifiers>
          <lisID>735</lisID>
          <bioguideId>M000133</bioguideId>
          <gpoId>7972</gpoId>
        </identifiers>
        <isOriginalCosponsor>True</isOriginalCosponsor>
        <lastName>MARKEY</lastName>
        <sponsorshipDate>2019-09-26</sponsorshipDate>
        <party>D</party>
      </item>
      <item>
        <firstName>Tina</firstName>
        <middleName />
        <bioguideId>S001203</bioguideId>
        <sponsorshipWithdrawnDate />
        <state>MN</state>
        <fullName>Sen. Smith, Tina  [D-MN]</fullName>
        <identifiers>
          <gpoId />
          <bioguideId>S001203</bioguideId>
          <lisID>2365</lisID>
        </identifiers>
        <isOriginalCosponsor>True</isOriginalCosponsor>
        <lastName>Smith</lastName>
        <sponsorshipDate>2019-09-26</sponsorshipDate>
        <party>D</party>
      </item>
      <item>
        <firstName>Mazie</firstName>
        <middleName>K.</middleName>
        <bioguideId>H001042</bioguideId>
        <sponsorshipWithdrawnDate />
        <state>HI</state>
        <fullName>Sen. Hirono, Mazie K. [D-HI]</fullName>
        <identifiers>
          <gpoId>7913</gpoId>
          <lisID>1844</lisID>
          <bioguideId>H001042</bioguideId>
        </identifiers>
        <isOriginalCosponsor>True</isOriginalCosponsor>
        <lastName>Hirono</lastName>
        <sponsorshipDate>2019-09-26</sponsorshipDate>
        <party>D</party>
      </item>
      <item>
        <firstName>JOHN</firstName>
        <middleName>F.</middleName>
        <bioguideId>R000122</bioguideId>
        <sponsorshipWithdrawnDate />
        <state>RI</state>
        <fullName>Sen. Reed, Jack [D-RI]</fullName>
        <identifiers>
          <bioguideId>R000122</bioguideId>
          <lisID>949</lisID>
          <gpoId>8272</gpoId>
        </identifiers>
        <isOriginalCosponsor>True</isOriginalCosponsor>
        <lastName>REED</lastName>
        <sponsorshipDate>2019-09-26</sponsorshipDate>
        <party>D</party>
      </item>
      <item>
        <firstName>Chris</firstName>
        <middleName />
        <bioguideId>V000128</bioguideId>
        <sponsorshipWithdrawnDate />
        <state>MD</state>
        <fullName>Sen. Van Hollen, Chris [D-MD]</fullName>
        <identifiers>
          <gpoId>7983</gpoId>
          <bioguideId>V000128</bioguideId>
          <lisID>1729</lisID>
        </identifiers>
        <isOriginalCosponsor>True</isOriginalCosponsor>
        <lastName>Van Hollen</lastName>
        <sponsorshipDate>2019-09-26</sponsorshipDate>
        <party>D</party>
      </item>
      <item>
        <firstName>Jeff</firstName>
        <middleName />
        <bioguideId>M001176</bioguideId>
        <sponsorshipWithdrawnDate />
        <state>OR</state>
        <fullName>Sen. Merkley, Jeff [D-OR]</fullName>
        <identifiers>
          <bioguideId>M001176</bioguideId>
          <lisID>1900</lisID>
          <gpoId>8238</gpoId>
        </identifiers>
        <isOriginalCosponsor>True</isOriginalCosponsor>
        <lastName>Merkley</lastName>
        <sponsorshipDate>2019-09-26</sponsorshipDate>
        <party>D</party>
      </item>
      <item>
        <firstName>Cory</firstName>
        <middleName>A.</middleName>
        <bioguideId>B001288</bioguideId>
        <sponsorshipWithdrawnDate />
        <state>NJ</state>
        <fullName>Sen. Booker, Cory A. [D-NJ]</fullName>
        <identifiers>
          <gpoId />
          <lisID>2194</lisID>
          <bioguideId>B001288</bioguideId>
        </identifiers>
        <isOriginalCosponsor>True</isOriginalCosponsor>
        <lastName>Booker</lastName>
        <sponsorshipDate>2019-09-26</sponsorshipDate>
        <party>D</party>
      </item>
      <item>
        <firstName>Sherrod</firstName>
        <middleName />
        <bioguideId>B000944</bioguideId>
        <sponsorshipWithdrawnDate />
        <state>OH</state>
        <fullName>Sen. Brown, Sherrod [D-OH]</fullName>
        <identifiers>
          <bioguideId>B000944</bioguideId>
          <lisID>136</lisID>
          <gpoId>8309</gpoId>
        </identifiers>
        <isOriginalCosponsor>True</isOriginalCosponsor>
        <lastName>Brown</lastName>
        <sponsorshipDate>2019-09-26</sponsorshipDate>
        <party>D</party>
      </item>
      <item>
        <firstName>Catherine</firstName>
        <middleName />
        <bioguideId>C001113</bioguideId>
        <sponsorshipWithdrawnDate />
        <state>NV</state>
        <fullName>Sen. Cortez Masto, Catherine  [D-NV]</fullName>
        <identifiers>
          <lisID>2299</lisID>
          <bioguideId>C001113</bioguideId>
          <gpoId />
        </identifiers>
        <isOriginalCosponsor>True</isOriginalCosponsor>
        <lastName>Cortez Masto</lastName>
        <sponsorshipDate>2019-09-26</sponsorshipDate>
        <party>D</party>
      </item>
      <item>
        <firstName>SUSAN</firstName>
        <middleName>MARGARET</middleName>
        <bioguideId>C001035</bioguideId>
        <sponsorshipWithdrawnDate />
        <state>ME</state>
        <fullName>Sen. Collins, Susan M. [R-ME]</fullName>
        <identifiers>
          <bioguideId>C001035</bioguideId>
          <lisID>1541</lisID>
          <gpoId>8291</gpoId>
        </identifiers>
        <isOriginalCosponsor>True</isOriginalCosponsor>
        <lastName>COLLINS</lastName>
        <sponsorshipDate>2019-09-26</sponsorshipDate>
        <party>R</party>
      </item>
      <item>
        <firstName>Mark</firstName>
        <middleName>R.</middleName>
        <bioguideId>W000805</bioguideId>
        <sponsorshipWithdrawnDate />
        <state>VA</state>
        <fullName>Sen. Warner, Mark R. [D-VA]</fullName>
        <identifiers>
          <gpoId>8269</gpoId>
          <bioguideId>W000805</bioguideId>
          <lisID>1897</lisID>
        </identifiers>
        <isOriginalCosponsor>True</isOriginalCosponsor>
        <lastName>Warner</lastName>
        <sponsorshipDate>2019-09-26</sponsorshipDate>
        <party>D</party>
      </item>
      <item>
        <firstName>Joe</firstName>
        <middleName />
        <bioguideId>M001183</bioguideId>
        <sponsorshipWithdrawnDate />
        <state>WV</state>
        <fullName>Sen. Manchin, Joe, III [D-WV]</fullName>
        <identifiers>
          <gpoId>8256</gpoId>
          <lisID>1983</lisID>
          <bioguideId>M001183</bioguideId>
        </identifiers>
        <isOriginalCosponsor>True</isOriginalCosponsor>
        <lastName>Manchin</lastName>
        <sponsorshipDate>2019-09-26</sponsorshipDate>
        <party>D</party>
      </item>
      <item>
        <firstName>Cory</firstName>
        <middleName />
        <bioguideId>G000562</bioguideId>
        <sponsorshipWithdrawnDate />
        <state>CO</state>
        <fullName>Sen. Gardner, Cory [R-CO]</fullName>
        <identifiers>
          <bioguideId>G000562</bioguideId>
          <lisID>1998</lisID>
          <gpoId>7862</gpoId>
        </identifiers>
        <isOriginalCosponsor>True</isOriginalCosponsor>
        <lastName>Gardner</lastName>
        <sponsorshipDate>2019-09-26</sponsorshipDate>
        <party>R</party>
      </item>
      <item>
        <firstName>DEBORAH</firstName>
        <middleName>ANN</middleName>
        <bioguideId>S000770</bioguideId>
        <sponsorshipWithdrawnDate />
        <state>MI</state>
        <fullName>Sen. Stabenow, Debbie [D-MI]</fullName>
        <identifiers>
          <gpoId>8261</gpoId>
          <lisID>1531</lisID>
          <bioguideId>S000770</bioguideId>
        </identifiers>
        <isOriginalCosponsor>True</isOriginalCosponsor>
        <lastName>STABENOW</lastName>
        <sponsorshipDate>2019-09-26</sponsorshipDate>
        <party>D</party>
      </item>
      <item>
        <firstName>RON</firstName>
        <middleName />
        <bioguideId>W000779</bioguideId>
        <sponsorshipWithdrawnDate />
        <state>OR</state>
        <fullName>Sen. Wyden, Ron [D-OR]</fullName>
        <identifiers>
          <bioguideId>W000779</bioguideId>
          <lisID>1247</lisID>
          <gpoId>8265</gpoId>
        </identifiers>
        <isOriginalCosponsor>True</isOriginalCosponsor>
        <lastName>WYDEN</lastName>
        <sponsorshipDate>2019-09-26</sponsorshipDate>
        <party>D</party>
      </item>
      <item>
        <firstName>MARIA</firstName>
        <middleName />
        <bioguideId>C000127</bioguideId>
        <sponsorshipWithdrawnDate />
        <state>WA</state>
        <fullName>Sen. Cantwell, Maria [D-WA]</fullName>
        <identifiers>
          <lisID>172</lisID>
          <bioguideId>C000127</bioguideId>
          <gpoId>8288</gpoId>
        </identifiers>
        <isOriginalCosponsor>True</isOriginalCosponsor>
        <lastName>CANTWELL</lastName>
        <sponsorshipDate>2019-09-26</sponsorshipDate>
        <party>D</party>
      </item>
      <item>
        <firstName>Tammy</firstName>
        <middleName />
        <bioguideId>D000622</bioguideId>
        <sponsorshipWithdrawnDate />
        <state>IL</state>
        <fullName>Sen. Duckworth, Tammy [D-IL]</fullName>
        <identifiers>
          <gpoId />
          <lisID>2123</lisID>
          <bioguideId>D000622</bioguideId>
        </identifiers>
        <isOriginalCosponsor>True</isOriginalCosponsor>
        <lastName>Duckworth</lastName>
        <sponsorshipDate>2019-09-26</sponsorshipDate>
        <party>D</party>
      </item>
      <item>
        <firstName>Lisa</firstName>
        <middleName />
        <bioguideId>M001153</bioguideId>
        <sponsorshipWithdrawnDate />
        <state>AK</state>
        <fullName>Sen. Murkowski, Lisa [R-AK]</fullName>
        <identifiers>
          <bioguideId>M001153</bioguideId>
          <lisID>1694</lisID>
          <gpoId>8234</gpoId>
        </identifiers>
        <isOriginalCosponsor>True</isOriginalCosponsor>
        <lastName>Murkowski</lastName>
        <sponsorshipDate>2019-09-26</sponsorshipDate>
        <party>R</party>
      </item>
      <item>
        <firstName>THOMAS</firstName>
        <middleName>R.</middleName>
        <bioguideId>C000174</bioguideId>
        <sponsorshipWithdrawnDate />
        <state>DE</state>
        <fullName>Sen. Carper, Thomas R. [D-DE]</fullName>
        <identifiers>
          <lisID>179</lisID>
          <bioguideId>C000174</bioguideId>
          <gpoId>8283</gpoId>
        </identifiers>
        <isOriginalCosponsor>True</isOriginalCosponsor>
        <lastName>CARPER</lastName>
        <sponsorshipDate>2019-09-26</sponsorshipDate>
        <party>D</party>
      </item>
      <item>
        <firstName>BENJAMIN</firstName>
        <middleName>L.</middleName>
        <bioguideId>C000141</bioguideId>
        <sponsorshipWithdrawnDate />
        <state>MD</state>
        <fullName>Sen. Cardin, Benjamin L. [D-MD]</fullName>
        <identifiers>
          <bioguideId>C000141</bioguideId>
          <lisID>174</lisID>
          <gpoId>8287</gpoId>
        </identifiers>
        <isOriginalCosponsor>True</isOriginalCosponsor>
        <lastName>CARDIN</lastName>
        <sponsorshipDate>2019-09-26</sponsorshipDate>
        <party>D</party>
      </item>
      <item>
        <firstName>Michael</firstName>
        <middleName>F.</middleName>
        <bioguideId>B001267</bioguideId>
        <sponsorshipWithdrawnDate />
        <state>CO</state>
        <fullName>Sen. Bennet, Michael F. [D-CO]</fullName>
        <identifiers>
          <lisID>1965</lisID>
          <bioguideId>B001267</bioguideId>
          <gpoId>8302</gpoId>
        </identifiers>
        <isOriginalCosponsor>True</isOriginalCosponsor>
        <lastName>Bennet</lastName>
        <sponsorshipDate>2019-09-26</sponsorshipDate>
        <party>D</party>
      </item>
    </cosponsors>
    <cboCostEstimates />
    <committeeReports />
    <actions>
      <actionTypeCounts>
        <introducedInSenate>1</introducedInSenate>
        <passedOrAgreedToInSenateDayOf>1</passedOrAgreedToInSenateDayOf>
        <passedAgreedToInSenate>1</passedAgreedToInSenate>
      </actionTypeCounts>
      <item>
        <actionDate>2019-09-26</actionDate>
        <committee />
        <links>
          <link>
            <url>https://www.congress.gov/congressional-record/volume-165/senate-section/page/S5754</url>
            <name>S5754</name>
          </link>
          <link>
            <url>https://www.congress.gov/congressional-record/volume-165/senate-section/page/S5760</url>
            <name>S5760</name>
          </link>
        </links>
        <sourceSystem>
          <name>Senate</name>
          <code>0</code>
        </sourceSystem>
        <text>Submitted in the Senate, considered, and agreed to without amendment and with a preamble by Voice Vote. (consideration: CR S5760; text: CR S5754)</text>
        <type>Floor</type>
      </item>
      <item>
        <type>Floor</type>
        <sourceSystem>
          <name>Library of Congress</name>
          <code>9</code>
        </sourceSystem>
        <links>
          <link>
            <url>https://www.congress.gov/congressional-record/volume-165/senate-section/page/S5754</url>
            <name>S5754</name>
          </link>
          <link>
            <url>https://www.congress.gov/congressional-record/volume-165/senate-section/page/S5760</url>
            <name>S5760</name>
          </link>
        </links>
        <text>Passed/agreed to in Senate: Submitted in the Senate, considered, and agreed to without amendment and with a preamble by Voice Vote.(consideration: CR S5760; text: CR S5754)</text>
        <actionDate>2019-09-26</actionDate>
        <actionCode>17000</actionCode>
        <committee />
      </item>
      <item>
        <type>IntroReferral</type>
        <sourceSystem>
          <name>Library of Congress</name>
          <code>9</code>
        </sourceSystem>
        <links />
        <text>Introduced in Senate</text>
        <actionDate>2019-09-26</actionDate>
        <actionCode>10000</actionCode>
        <committee />
      </item>
      <actionByCounts>
        <senate>3</senate>
      </actionByCounts>
    </actions>
    <createDate>2019-09-27T04:42:29Z</createDate>
    <introducedDate>2019-09-26</introducedDate>
    <originChamber>Senate</originChamber>
    <billNumber>347</billNumber>
    <subjects>
      <billSubjects>
        <legislativeSubjects>
          <item>
            <name>Commemorative events and holidays</name>
          </item>
          <item>
            <name>Energy efficiency and conservation</name>
          </item>
        </legislativeSubjects>
        <policyArea>
          <name>Energy</name>
        </policyArea>
      </billSubjects>
    </subjects>
    <titles>
      <item>
        <title>A resolution designating October 2, 2019, as "Energy Efficiency Day" in celebration of the economic and environmental benefits that have been driven by private sector innovation and Federal energy efficiency policies.</title>
        <parentTitleType />
        <chamberCode />
        <titleType>Official Title as Introduced</titleType>
        <chamberName />
      </item>
      <item>
        <title>A resolution designating October 2, 2019, as "Energy Efficiency Day" in celebration of the economic and environmental benefits that have been driven by private sector innovation and Federal energy efficiency policies.</title>
        <parentTitleType />
        <chamberCode />
        <titleType>Display Title</titleType>
        <chamberName />
      </item>
    </titles>
    <version>1.0.0</version>
  </bill>
  <dublinCore xmlns:dc="http://purl.org/dc/elements/1.1/">
    <dc:format>text/xml</dc:format>
    <dc:language>EN</dc:language>
    <dc:rights>Pursuant to Title 17 Section 105 of the United States Code, this file is not subject to copyright protection and is in the public domain.</dc:rights>
    <dc:contributor>Congressional Research Service, Library of Congress</dc:contributor>
    <dc:description>This file contains bill summaries and statuses for federal legislation. A bill summary describes the most significant provisions of a piece of legislation and details the effects the legislative text may have on current law and federal programs. Bill summaries are authored by the Congressional Research Service (CRS) of the Library of Congress. As stated in Public Law 91-510 (2 USC 166 (d)(6)), one of the duties of CRS is "to prepare summaries and digests of bills and resolutions of a public general nature introduced in the Senate or House of Representatives". For more information, refer to the User Guide that accompanies this file.</dc:description>
  </dublinCore>
</billStatus>

