<?xml version="1.0" encoding="UTF-8"?>
<billStatus>
  <bill>
    <latestAction>
      <actionDate>2019-02-14</actionDate>
      <text>Submitted in the Senate, considered, and agreed to without amendment and with a preamble by Unanimous Consent. (consideration: CR S1341; text: CR S1387)</text>
      <links />
    </latestAction>
    <congress>116</congress>
    <createDate>2019-02-15T12:40:18Z</createDate>
    <actions>
      <item>
        <actionDate>2019-02-14</actionDate>
        <committee />
        <links>
          <link>
            <url>https://www.congress.gov/congressional-record/volume-165/senate-section/page/S1341</url>
            <name>S1341</name>
          </link>
          <link>
            <url>https://www.congress.gov/congressional-record/volume-165/senate-section/page/S1387</url>
            <name>S1387</name>
          </link>
        </links>
        <sourceSystem>
          <code>0</code>
          <name>Senate</name>
        </sourceSystem>
        <text>Submitted in the Senate, considered, and agreed to without amendment and with a preamble by Unanimous Consent. (consideration: CR S1341; text: CR S1387)</text>
        <type>Floor</type>
      </item>
      <item>
        <actionDate>2019-02-14</actionDate>
        <links>
          <link>
            <url>https://www.congress.gov/congressional-record/volume-165/senate-section/page/S1341</url>
            <name>S1341</name>
          </link>
          <link>
            <url>https://www.congress.gov/congressional-record/volume-165/senate-section/page/S1387</url>
            <name>S1387</name>
          </link>
        </links>
        <actionCode>17000</actionCode>
        <type>Floor</type>
        <committee />
        <text>Passed/agreed to in Senate: Submitted in the Senate, considered, and agreed to without amendment and with a preamble by Unanimous Consent.(consideration: CR S1341; text: CR S1387)</text>
        <sourceSystem>
          <code>9</code>
          <name>Library of Congress</name>
        </sourceSystem>
      </item>
      <item>
        <actionDate>2019-02-14</actionDate>
        <links />
        <actionCode>10000</actionCode>
        <type>IntroReferral</type>
        <committee />
        <text>Introduced in Senate</text>
        <sourceSystem>
          <code>9</code>
          <name>Library of Congress</name>
        </sourceSystem>
      </item>
      <actionTypeCounts>
        <passedAgreedToInSenate>1</passedAgreedToInSenate>
        <passedOrAgreedToInSenateDayOf>1</passedOrAgreedToInSenateDayOf>
        <introducedInSenate>1</introducedInSenate>
      </actionTypeCounts>
      <actionByCounts>
        <senate>3</senate>
      </actionByCounts>
    </actions>
    <billType>SRES</billType>
    <relatedBills />
    <billNumber>71</billNumber>
    <version>1.0.0</version>
    <policyArea>
      <name>Crime and Law Enforcement</name>
    </policyArea>
    <textVersions>
      <item>
        <type>Agreed to Senate</type>
        <date>2019-02-14T05:00:00Z</date>
        <formats>
          <item>
            <url>https://www.govinfo.gov/content/pkg/BILLS-116sres71ats/xml/BILLS-116sres71ats.xml</url>
          </item>
        </formats>
      </item>
    </textVersions>
    <committees>
      <billCommittees />
    </committees>
    <calendarNumbers />
    <committeeReports />
    <cboCostEstimates />
    <amendments />
    <title>A resolution honoring the memory of the victims of the senseless attack at Marjory Stoneman Douglas High School 1 year ago.</title>
    <laws />
    <recordedVotes />
    <sponsors>
      <item>
        <bioguideId>R000595</bioguideId>
        <middleName />
        <byRequestType />
        <state>FL</state>
        <firstName>Marco</firstName>
        <identifiers>
          <bioguideId>R000595</bioguideId>
          <lisID>2084</lisID>
          <gpoId>8242</gpoId>
        </identifiers>
        <fullName>Sen. Rubio, Marco [R-FL]</fullName>
        <party>R</party>
        <lastName>Rubio</lastName>
      </item>
    </sponsors>
    <titles>
      <item>
        <titleType>Official Title as Introduced</titleType>
        <chamberCode />
        <parentTitleType />
        <title>A resolution honoring the memory of the victims of the senseless attack at Marjory Stoneman Douglas High School 1 year ago.</title>
        <chamberName />
      </item>
      <item>
        <titleType>Display Title</titleType>
        <chamberCode />
        <parentTitleType />
        <title>A resolution honoring the memory of the victims of the senseless attack at Marjory Stoneman Douglas High School 1 year ago.</title>
        <chamberName />
      </item>
    </titles>
    <summaries>
      <billSummaries />
    </summaries>
    <updateDate>2019-02-26T15:31:49Z</updateDate>
    <subjects>
      <billSubjects>
        <policyArea>
          <name>Crime and Law Enforcement</name>
        </policyArea>
        <legislativeSubjects>
          <item>
            <name>Congressional tributes</name>
          </item>
          <item>
            <name>Crime victims</name>
          </item>
          <item>
            <name>Elementary and secondary education</name>
          </item>
          <item>
            <name>Emergency medical services and trauma care</name>
          </item>
          <item>
            <name>Florida</name>
          </item>
          <item>
            <name>Health personnel</name>
          </item>
          <item>
            <name>Violent crime</name>
          </item>
        </legislativeSubjects>
      </billSubjects>
    </subjects>
    <introducedDate>2019-02-14</introducedDate>
    <cosponsors>
      <item>
        <sponsorshipDate>2019-02-14</sponsorshipDate>
        <sponsorshipWithdrawnDate />
        <bioguideId>S001217</bioguideId>
        <firstName>Rick</firstName>
        <party>R</party>
        <lastName>Scott</lastName>
        <fullName>Sen. Scott, Rick  [R-FL]</fullName>
        <state>FL</state>
        <identifiers>
          <bioguideId>S001217</bioguideId>
          <lisID>2470</lisID>
          <gpoId />
        </identifiers>
        <isOriginalCosponsor>True</isOriginalCosponsor>
        <middleName />
      </item>
    </cosponsors>
    <notes />
    <originChamber>Senate</originChamber>
  </bill>
  <dublinCore xmlns:dc="http://purl.org/dc/elements/1.1/">
    <dc:format>text/xml</dc:format>
    <dc:language>EN</dc:language>
    <dc:rights>Pursuant to Title 17 Section 105 of the United States Code, this file is not subject to copyright protection and is in the public domain.</dc:rights>
    <dc:contributor>Congressional Research Service, Library of Congress</dc:contributor>
    <dc:description>This file contains bill summaries and statuses for federal legislation. A bill summary describes the most significant provisions of a piece of legislation and details the effects the legislative text may have on current law and federal programs. Bill summaries are authored by the Congressional Research Service (CRS) of the Library of Congress. As stated in Public Law 91-510 (2 USC 166 (d)(6)), one of the duties of CRS is "to prepare summaries and digests of bills and resolutions of a public general nature introduced in the Senate or House of Representatives". For more information, refer to the User Guide that accompanies this file.</dc:description>
  </dublinCore>
</billStatus>

