<?xml version="1.0" encoding="UTF-8"?>
<billStatus>
  <bill>
    <billType>SRES</billType>
    <notes />
    <congress>116</congress>
    <introducedDate>2019-09-24</introducedDate>
    <cosponsors>
      <item>
        <isOriginalCosponsor>True</isOriginalCosponsor>
        <state>PA</state>
        <fullName>Sen. Casey, Robert P., Jr. [D-PA]</fullName>
        <bioguideId>C001070</bioguideId>
        <party>D</party>
        <lastName>Casey</lastName>
        <middleName />
        <firstName>Bob</firstName>
        <sponsorshipWithdrawnDate />
        <sponsorshipDate>2019-09-24</sponsorshipDate>
        <identifiers>
          <bioguideId>C001070</bioguideId>
          <gpoId>8282</gpoId>
          <lisID>1828</lisID>
        </identifiers>
      </item>
      <item>
        <isOriginalCosponsor>True</isOriginalCosponsor>
        <state>SC</state>
        <fullName>Sen. Scott, Tim [R-SC]</fullName>
        <bioguideId>S001184</bioguideId>
        <party>R</party>
        <lastName>Scott</lastName>
        <middleName />
        <firstName>Tim</firstName>
        <sponsorshipWithdrawnDate />
        <sponsorshipDate>2019-09-24</sponsorshipDate>
        <identifiers>
          <bioguideId>S001184</bioguideId>
          <lisID>2056</lisID>
          <gpoId>8141</gpoId>
        </identifiers>
      </item>
      <item>
        <isOriginalCosponsor>True</isOriginalCosponsor>
        <state>NY</state>
        <fullName>Sen. Gillibrand, Kirsten E. [D-NY]</fullName>
        <bioguideId>G000555</bioguideId>
        <party>D</party>
        <lastName>Gillibrand</lastName>
        <middleName>E.</middleName>
        <firstName>Kirsten</firstName>
        <sponsorshipWithdrawnDate />
        <sponsorshipDate>2019-09-24</sponsorshipDate>
        <identifiers>
          <gpoId>8336</gpoId>
          <lisID>1866</lisID>
          <bioguideId>G000555</bioguideId>
        </identifiers>
      </item>
      <item>
        <isOriginalCosponsor>True</isOriginalCosponsor>
        <state>AZ</state>
        <fullName>Sen. McSally, Martha [R-AZ]</fullName>
        <bioguideId>M001197</bioguideId>
        <party>R</party>
        <lastName>McSally</lastName>
        <middleName />
        <firstName>Martha</firstName>
        <sponsorshipWithdrawnDate />
        <sponsorshipDate>2019-09-24</sponsorshipDate>
        <identifiers>
          <gpoId />
          <lisID>2225</lisID>
          <bioguideId>M001197</bioguideId>
        </identifiers>
      </item>
      <item>
        <isOriginalCosponsor>True</isOriginalCosponsor>
        <state>CT</state>
        <fullName>Sen. Blumenthal, Richard [D-CT]</fullName>
        <bioguideId>B001277</bioguideId>
        <party>D</party>
        <lastName>Blumenthal</lastName>
        <middleName />
        <firstName>Richard</firstName>
        <sponsorshipWithdrawnDate />
        <sponsorshipDate>2019-09-24</sponsorshipDate>
        <identifiers>
          <bioguideId>B001277</bioguideId>
          <lisID>2076</lisID>
          <gpoId>8332</gpoId>
        </identifiers>
      </item>
      <item>
        <isOriginalCosponsor>True</isOriginalCosponsor>
        <state>MO</state>
        <fullName>Sen. Hawley, Josh  [R-MO]</fullName>
        <bioguideId>H001089</bioguideId>
        <party>R</party>
        <lastName>Hawley</lastName>
        <middleName />
        <firstName>Josh</firstName>
        <sponsorshipWithdrawnDate />
        <sponsorshipDate>2019-09-24</sponsorshipDate>
        <identifiers>
          <bioguideId>H001089</bioguideId>
          <gpoId />
          <lisID>2464</lisID>
        </identifiers>
      </item>
      <item>
        <isOriginalCosponsor>True</isOriginalCosponsor>
        <state>MA</state>
        <fullName>Sen. Warren, Elizabeth [D-MA]</fullName>
        <bioguideId>W000817</bioguideId>
        <party>D</party>
        <lastName>Warren</lastName>
        <middleName>A.</middleName>
        <firstName>Elizabeth</firstName>
        <sponsorshipWithdrawnDate />
        <sponsorshipDate>2019-09-24</sponsorshipDate>
        <identifiers>
          <bioguideId>W000817</bioguideId>
          <gpoId />
          <lisID>2182</lisID>
        </identifiers>
      </item>
      <item>
        <isOriginalCosponsor>True</isOriginalCosponsor>
        <state>IN</state>
        <fullName>Sen. Braun, Mike  [R-IN]</fullName>
        <bioguideId>B001310</bioguideId>
        <party>R</party>
        <lastName>Braun</lastName>
        <middleName />
        <firstName>Mike</firstName>
        <sponsorshipWithdrawnDate />
        <sponsorshipDate>2019-09-24</sponsorshipDate>
        <identifiers>
          <lisID>2462</lisID>
          <gpoId />
          <bioguideId>B001310</bioguideId>
        </identifiers>
      </item>
      <item>
        <isOriginalCosponsor>True</isOriginalCosponsor>
        <state>AL</state>
        <fullName>Sen. Jones, Doug  [D-AL]</fullName>
        <bioguideId>J000300</bioguideId>
        <party>D</party>
        <lastName>Jones</lastName>
        <middleName />
        <firstName>Doug</firstName>
        <sponsorshipWithdrawnDate />
        <sponsorshipDate>2019-09-24</sponsorshipDate>
        <identifiers>
          <bioguideId>J000300</bioguideId>
          <gpoId />
          <lisID>2364</lisID>
        </identifiers>
      </item>
      <item>
        <isOriginalCosponsor>True</isOriginalCosponsor>
        <state>FL</state>
        <fullName>Sen. Scott, Rick  [R-FL]</fullName>
        <bioguideId>S001217</bioguideId>
        <party>R</party>
        <lastName>Scott</lastName>
        <middleName />
        <firstName>Rick</firstName>
        <sponsorshipWithdrawnDate />
        <sponsorshipDate>2019-09-24</sponsorshipDate>
        <identifiers>
          <lisID>2470</lisID>
          <gpoId />
          <bioguideId>S001217</bioguideId>
        </identifiers>
      </item>
      <item>
        <isOriginalCosponsor>True</isOriginalCosponsor>
        <state>AZ</state>
        <fullName>Sen. Sinema, Kyrsten [D-AZ]</fullName>
        <bioguideId>S001191</bioguideId>
        <party>D</party>
        <lastName>Sinema</lastName>
        <middleName />
        <firstName>Kyrsten</firstName>
        <sponsorshipWithdrawnDate />
        <sponsorshipDate>2019-09-24</sponsorshipDate>
        <identifiers>
          <bioguideId>S001191</bioguideId>
          <lisID>2099</lisID>
          <gpoId />
        </identifiers>
      </item>
      <item>
        <isOriginalCosponsor>True</isOriginalCosponsor>
        <state>NV</state>
        <fullName>Sen. Rosen, Jacky [D-NV]</fullName>
        <bioguideId>R000608</bioguideId>
        <party>D</party>
        <lastName>Rosen</lastName>
        <middleName />
        <firstName>Jacklyn</firstName>
        <sponsorshipWithdrawnDate />
        <sponsorshipDate>2019-09-24</sponsorshipDate>
        <identifiers>
          <bioguideId>R000608</bioguideId>
          <gpoId />
          <lisID>2339</lisID>
        </identifiers>
      </item>
    </cosponsors>
    <committees>
      <billCommittees />
    </committees>
    <actions>
      <item>
        <actionDate>2019-09-24</actionDate>
        <committee />
        <links>
          <link>
            <name>S5666-5667</name>
            <url>https://www.congress.gov/congressional-record/volume-165/senate-section/page/S5666-5667</url>
          </link>
          <link>
            <name>S5669-5670</name>
            <url>https://www.congress.gov/congressional-record/volume-165/senate-section/page/S5669-5670</url>
          </link>
        </links>
        <sourceSystem>
          <name>Senate</name>
          <code>0</code>
        </sourceSystem>
        <text>Submitted in the Senate, considered, and agreed to without amendment and with a preamble by Voice Vote. (consideration: CR S5669-5670; text: CR S5666-5667)</text>
        <type>Floor</type>
      </item>
      <item>
        <actionCode>17000</actionCode>
        <text>Passed/agreed to in Senate: Submitted in the Senate, considered, and agreed to without amendment and with a preamble by Voice Vote.(consideration: CR S5669-5670; text: CR S5666-5667)</text>
        <type>Floor</type>
        <actionDate>2019-09-24</actionDate>
        <sourceSystem>
          <name>Library of Congress</name>
          <code>9</code>
        </sourceSystem>
        <links>
          <link>
            <name>S5666-5667</name>
            <url>https://www.congress.gov/congressional-record/volume-165/senate-section/page/S5666-5667</url>
          </link>
          <link>
            <name>S5669-5670</name>
            <url>https://www.congress.gov/congressional-record/volume-165/senate-section/page/S5669-5670</url>
          </link>
        </links>
        <committee />
      </item>
      <item>
        <actionCode>10000</actionCode>
        <text>Introduced in Senate</text>
        <type>IntroReferral</type>
        <actionDate>2019-09-24</actionDate>
        <sourceSystem>
          <name>Library of Congress</name>
          <code>9</code>
        </sourceSystem>
        <links />
        <committee />
      </item>
      <actionTypeCounts>
        <passedAgreedToInSenate>1</passedAgreedToInSenate>
        <passedOrAgreedToInSenateDayOf>1</passedOrAgreedToInSenateDayOf>
        <introducedInSenate>1</introducedInSenate>
      </actionTypeCounts>
      <actionByCounts>
        <senate>3</senate>
      </actionByCounts>
    </actions>
    <originChamber>Senate</originChamber>
    <summaries>
      <billSummaries />
    </summaries>
    <committeeReports />
    <laws />
    <billNumber>327</billNumber>
    <policyArea>
      <name>Health</name>
    </policyArea>
    <sponsors>
      <item>
        <state>ME</state>
        <bioguideId>C001035</bioguideId>
        <lastName>COLLINS</lastName>
        <firstName>SUSAN</firstName>
        <middleName>MARGARET</middleName>
        <fullName>Sen. Collins, Susan M. [R-ME]</fullName>
        <party>R</party>
        <byRequestType />
        <identifiers>
          <bioguideId>C001035</bioguideId>
          <lisID>1541</lisID>
          <gpoId>8291</gpoId>
        </identifiers>
      </item>
    </sponsors>
    <title>A resolution designating September 23, 2019, as "National Falls Prevention Awareness Day" to raise awareness and encourage the prevention of falls among older adults.</title>
    <version>1.0.0</version>
    <textVersions>
      <item>
        <formats>
          <item>
            <url>https://www.govinfo.gov/content/pkg/BILLS-116sres327ats/xml/BILLS-116sres327ats.xml</url>
          </item>
        </formats>
        <type>Agreed to Senate</type>
        <date>2019-09-24T04:00:00Z</date>
      </item>
    </textVersions>
    <recordedVotes />
    <subjects>
      <billSubjects>
        <legislativeSubjects>
          <item>
            <name>Accidents</name>
          </item>
          <item>
            <name>Aging</name>
          </item>
          <item>
            <name>Commemorative events and holidays</name>
          </item>
          <item>
            <name>Congressional tributes</name>
          </item>
          <item>
            <name>Health care costs and insurance</name>
          </item>
          <item>
            <name>Health promotion and preventive care</name>
          </item>
        </legislativeSubjects>
        <policyArea>
          <name>Health</name>
        </policyArea>
      </billSubjects>
    </subjects>
    <updateDate>2019-10-02T04:27:38Z</updateDate>
    <calendarNumbers />
    <titles>
      <item>
        <titleType>Official Title as Introduced</titleType>
        <chamberCode />
        <chamberName />
        <parentTitleType />
        <title>A resolution designating September 23, 2019, as "National Falls Prevention Awareness Day" to raise awareness and encourage the prevention of falls among older adults.</title>
      </item>
      <item>
        <titleType>Display Title</titleType>
        <chamberCode />
        <chamberName />
        <parentTitleType />
        <title>A resolution designating September 23, 2019, as "National Falls Prevention Awareness Day" to raise awareness and encourage the prevention of falls among older adults.</title>
      </item>
    </titles>
    <latestAction>
      <actionDate>2019-09-24</actionDate>
      <text>Submitted in the Senate, considered, and agreed to without amendment and with a preamble by Voice Vote. (consideration: CR S5669-5670; text: CR S5666-5667)</text>
      <links />
    </latestAction>
    <cboCostEstimates />
    <relatedBills />
    <amendments />
    <createDate>2019-09-25T04:27:23Z</createDate>
  </bill>
  <dublinCore xmlns:dc="http://purl.org/dc/elements/1.1/">
    <dc:format>text/xml</dc:format>
    <dc:language>EN</dc:language>
    <dc:rights>Pursuant to Title 17 Section 105 of the United States Code, this file is not subject to copyright protection and is in the public domain.</dc:rights>
    <dc:contributor>Congressional Research Service, Library of Congress</dc:contributor>
    <dc:description>This file contains bill summaries and statuses for federal legislation. A bill summary describes the most significant provisions of a piece of legislation and details the effects the legislative text may have on current law and federal programs. Bill summaries are authored by the Congressional Research Service (CRS) of the Library of Congress. As stated in Public Law 91-510 (2 USC 166 (d)(6)), one of the duties of CRS is "to prepare summaries and digests of bills and resolutions of a public general nature introduced in the Senate or House of Representatives". For more information, refer to the User Guide that accompanies this file.</dc:description>
  </dublinCore>
</billStatus>

