<?xml version="1.0" encoding="UTF-8"?>
<billStatus>
  <bill>
    <subjects>
      <billSubjects>
        <legislativeSubjects />
        <policyArea>
          <name>Environmental Protection</name>
        </policyArea>
      </billSubjects>
    </subjects>
    <relatedBills />
    <notes />
    <committees>
      <billCommittees>
        <item>
          <type>Standing</type>
          <name>Foreign Relations Committee</name>
          <activities>
            <item>
              <date>2019-10-31T21:31:59Z</date>
              <name>Referred to</name>
            </item>
          </activities>
          <subcommittees />
          <systemCode>ssfr00</systemCode>
          <chamber>Senate</chamber>
        </item>
      </billCommittees>
    </committees>
    <summaries>
      <billSummaries />
    </summaries>
    <version>1.0.0</version>
    <originChamber>Senate</originChamber>
    <congress>116</congress>
    <latestAction>
      <actionDate>2019-10-31</actionDate>
      <text>Referred to the Committee on Foreign Relations. (text: CR S6344-6346)</text>
      <links />
    </latestAction>
    <actions>
      <actionTypeCounts>
        <introducedInSenate>1</introducedInSenate>
        <referredToCommittee>1</referredToCommittee>
      </actionTypeCounts>
      <item>
        <actionDate>2019-10-31</actionDate>
        <committee>
          <systemCode>ssfr00</systemCode>
          <name>Foreign Relations Committee</name>
        </committee>
        <links>
          <link>
            <url>https://www.congress.gov/congressional-record/volume-165/senate-section/page/S6344-6346</url>
            <name>S6344-6346</name>
          </link>
        </links>
        <sourceSystem>
          <code>0</code>
          <name>Senate</name>
        </sourceSystem>
        <text>Referred to the Committee on Foreign Relations. (text: CR S6344-6346)</text>
        <type>IntroReferral</type>
      </item>
      <item>
        <actionCode>10000</actionCode>
        <text>Introduced in Senate</text>
        <sourceSystem>
          <code>9</code>
          <name>Library of Congress</name>
        </sourceSystem>
        <actionDate>2019-10-31</actionDate>
        <type>IntroReferral</type>
        <links />
        <committee />
      </item>
      <actionByCounts>
        <senate>2</senate>
      </actionByCounts>
    </actions>
    <createDate>2019-11-01T04:57:37Z</createDate>
    <titles>
      <item>
        <title>A resolution expressing the sense of the Senate that the United States should work in cooperation with the international community and continue to exercise global leadership to address the causes and effects of climate change, and for other purposes.</title>
        <parentTitleType />
        <titleType>Official Title as Introduced</titleType>
        <chamberName />
        <chamberCode />
      </item>
      <item>
        <title>A resolution expressing the sense of the Senate that the United States should work in cooperation with the international community and continue to exercise global leadership to address the causes and effects of climate change, and for other purposes.</title>
        <parentTitleType />
        <titleType>Display Title</titleType>
        <chamberName />
        <chamberCode />
      </item>
    </titles>
    <laws />
    <introducedDate>2019-10-31</introducedDate>
    <calendarNumbers />
    <recordedVotes />
    <textVersions>
      <item>
        <type>Introduced in Senate</type>
        <formats>
          <item>
            <url>https://www.govinfo.gov/content/pkg/BILLS-116sres404is/xml/BILLS-116sres404is.xml</url>
          </item>
        </formats>
        <date>2019-10-31T04:00:00Z</date>
      </item>
    </textVersions>
    <cosponsors>
      <item>
        <party>R</party>
        <lastName>COLLINS</lastName>
        <firstName>SUSAN</firstName>
        <bioguideId>C001035</bioguideId>
        <state>ME</state>
        <sponsorshipDate>2019-10-31</sponsorshipDate>
        <fullName>Sen. Collins, Susan M. [R-ME]</fullName>
        <identifiers>
          <bioguideId>C001035</bioguideId>
          <lisID>1541</lisID>
          <gpoId>8291</gpoId>
        </identifiers>
        <middleName>MARGARET</middleName>
        <sponsorshipWithdrawnDate />
        <isOriginalCosponsor>True</isOriginalCosponsor>
      </item>
      <item>
        <party>D</party>
        <lastName>Menendez</lastName>
        <firstName>Robert</firstName>
        <bioguideId>M000639</bioguideId>
        <state>NJ</state>
        <sponsorshipDate>2019-10-31</sponsorshipDate>
        <fullName>Sen. Menendez, Robert [D-NJ]</fullName>
        <identifiers>
          <lisID>791</lisID>
          <gpoId>8239</gpoId>
          <bioguideId>M000639</bioguideId>
        </identifiers>
        <middleName />
        <sponsorshipWithdrawnDate />
        <isOriginalCosponsor>True</isOriginalCosponsor>
      </item>
      <item>
        <party>D</party>
        <lastName>Schatz</lastName>
        <firstName>Brian</firstName>
        <bioguideId>S001194</bioguideId>
        <state>HI</state>
        <sponsorshipDate>2019-10-31</sponsorshipDate>
        <fullName>Sen. Schatz, Brian [D-HI]</fullName>
        <identifiers>
          <lisID>2173</lisID>
          <gpoId />
          <bioguideId>S001194</bioguideId>
        </identifiers>
        <middleName />
        <sponsorshipWithdrawnDate />
        <isOriginalCosponsor>True</isOriginalCosponsor>
      </item>
      <item>
        <party>D</party>
        <lastName>MARKEY</lastName>
        <firstName>EDWARD</firstName>
        <bioguideId>M000133</bioguideId>
        <state>MA</state>
        <sponsorshipDate>2019-10-31</sponsorshipDate>
        <fullName>Sen. Markey, Edward J. [D-MA]</fullName>
        <identifiers>
          <bioguideId>M000133</bioguideId>
          <lisID>735</lisID>
          <gpoId>7972</gpoId>
        </identifiers>
        <middleName>J.</middleName>
        <sponsorshipWithdrawnDate />
        <isOriginalCosponsor>True</isOriginalCosponsor>
      </item>
      <item>
        <party>D</party>
        <lastName>Whitehouse</lastName>
        <firstName>Sheldon</firstName>
        <bioguideId>W000802</bioguideId>
        <state>RI</state>
        <sponsorshipDate>2019-10-31</sponsorshipDate>
        <fullName>Sen. Whitehouse, Sheldon [D-RI]</fullName>
        <identifiers>
          <lisID>1823</lisID>
          <gpoId>8264</gpoId>
          <bioguideId>W000802</bioguideId>
        </identifiers>
        <middleName />
        <sponsorshipWithdrawnDate />
        <isOriginalCosponsor>True</isOriginalCosponsor>
      </item>
      <item>
        <party>D</party>
        <lastName>UDALL</lastName>
        <firstName>TOM</firstName>
        <bioguideId>U000039</bioguideId>
        <state>NM</state>
        <sponsorshipDate>2019-10-31</sponsorshipDate>
        <fullName>Sen. Udall, Tom [D-NM]</fullName>
        <identifiers>
          <lisID>1567</lisID>
          <gpoId>8260</gpoId>
          <bioguideId>U000039</bioguideId>
        </identifiers>
        <middleName />
        <sponsorshipWithdrawnDate />
        <isOriginalCosponsor>True</isOriginalCosponsor>
      </item>
      <item>
        <party>D</party>
        <lastName>Blumenthal</lastName>
        <firstName>Richard</firstName>
        <bioguideId>B001277</bioguideId>
        <state>CT</state>
        <sponsorshipDate>2019-10-31</sponsorshipDate>
        <fullName>Sen. Blumenthal, Richard [D-CT]</fullName>
        <identifiers>
          <bioguideId>B001277</bioguideId>
          <gpoId>8332</gpoId>
          <lisID>2076</lisID>
        </identifiers>
        <middleName />
        <sponsorshipWithdrawnDate />
        <isOriginalCosponsor>True</isOriginalCosponsor>
      </item>
      <item>
        <party>D</party>
        <lastName>Shaheen</lastName>
        <firstName>Jeanne</firstName>
        <bioguideId>S001181</bioguideId>
        <state>NH</state>
        <sponsorshipDate>2019-10-31</sponsorshipDate>
        <fullName>Sen. Shaheen, Jeanne [D-NH]</fullName>
        <identifiers>
          <lisID>1901</lisID>
          <gpoId>8276</gpoId>
          <bioguideId>S001181</bioguideId>
        </identifiers>
        <middleName />
        <sponsorshipWithdrawnDate />
        <isOriginalCosponsor>True</isOriginalCosponsor>
      </item>
      <item>
        <party>D</party>
        <lastName>Gillibrand</lastName>
        <firstName>Kirsten</firstName>
        <bioguideId>G000555</bioguideId>
        <state>NY</state>
        <sponsorshipDate>2019-10-31</sponsorshipDate>
        <fullName>Sen. Gillibrand, Kirsten E. [D-NY]</fullName>
        <identifiers>
          <lisID>1866</lisID>
          <gpoId>8336</gpoId>
          <bioguideId>G000555</bioguideId>
        </identifiers>
        <middleName>E.</middleName>
        <sponsorshipWithdrawnDate />
        <isOriginalCosponsor>True</isOriginalCosponsor>
      </item>
      <item>
        <party>D</party>
        <lastName>DURBIN</lastName>
        <firstName>RICHARD</firstName>
        <bioguideId>D000563</bioguideId>
        <state>IL</state>
        <sponsorshipDate>2019-10-31</sponsorshipDate>
        <fullName>Sen. Durbin, Richard J. [D-IL]</fullName>
        <identifiers>
          <lisID>326</lisID>
          <gpoId>8326</gpoId>
          <bioguideId>D000563</bioguideId>
        </identifiers>
        <middleName>J.</middleName>
        <sponsorshipWithdrawnDate />
        <isOriginalCosponsor>True</isOriginalCosponsor>
      </item>
      <item>
        <party>D</party>
        <lastName>REED</lastName>
        <firstName>JOHN</firstName>
        <bioguideId>R000122</bioguideId>
        <state>RI</state>
        <sponsorshipDate>2019-10-31</sponsorshipDate>
        <fullName>Sen. Reed, Jack [D-RI]</fullName>
        <identifiers>
          <lisID>949</lisID>
          <gpoId>8272</gpoId>
          <bioguideId>R000122</bioguideId>
        </identifiers>
        <middleName>F.</middleName>
        <sponsorshipWithdrawnDate />
        <isOriginalCosponsor>True</isOriginalCosponsor>
      </item>
      <item>
        <party>D</party>
        <lastName>Coons</lastName>
        <firstName>Christopher</firstName>
        <bioguideId>C001088</bioguideId>
        <state>DE</state>
        <sponsorshipDate>2019-10-31</sponsorshipDate>
        <fullName>Sen. Coons, Christopher A. [D-DE]</fullName>
        <identifiers>
          <bioguideId>C001088</bioguideId>
          <gpoId>8297</gpoId>
          <lisID>1984</lisID>
        </identifiers>
        <middleName>A.</middleName>
        <sponsorshipWithdrawnDate />
        <isOriginalCosponsor>True</isOriginalCosponsor>
      </item>
      <item>
        <party>D</party>
        <lastName>Bennet</lastName>
        <firstName>Michael</firstName>
        <bioguideId>B001267</bioguideId>
        <state>CO</state>
        <sponsorshipDate>2019-10-31</sponsorshipDate>
        <fullName>Sen. Bennet, Michael F. [D-CO]</fullName>
        <identifiers>
          <lisID>1965</lisID>
          <gpoId>8302</gpoId>
          <bioguideId>B001267</bioguideId>
        </identifiers>
        <middleName>F.</middleName>
        <sponsorshipWithdrawnDate />
        <isOriginalCosponsor>True</isOriginalCosponsor>
      </item>
      <item>
        <party>D</party>
        <lastName>Booker</lastName>
        <firstName>Cory</firstName>
        <bioguideId>B001288</bioguideId>
        <state>NJ</state>
        <sponsorshipDate>2019-10-31</sponsorshipDate>
        <fullName>Sen. Booker, Cory A. [D-NJ]</fullName>
        <identifiers>
          <lisID>2194</lisID>
          <gpoId />
          <bioguideId>B001288</bioguideId>
        </identifiers>
        <middleName>A.</middleName>
        <sponsorshipWithdrawnDate />
        <isOriginalCosponsor>True</isOriginalCosponsor>
      </item>
      <item>
        <party>D</party>
        <lastName>Warren</lastName>
        <firstName>Elizabeth</firstName>
        <bioguideId>W000817</bioguideId>
        <state>MA</state>
        <sponsorshipDate>2019-10-31</sponsorshipDate>
        <fullName>Sen. Warren, Elizabeth [D-MA]</fullName>
        <identifiers>
          <lisID>2182</lisID>
          <gpoId />
          <bioguideId>W000817</bioguideId>
        </identifiers>
        <middleName>A.</middleName>
        <sponsorshipWithdrawnDate />
        <isOriginalCosponsor>True</isOriginalCosponsor>
      </item>
      <item>
        <party>D</party>
        <lastName>LEAHY</lastName>
        <firstName>PATRICK</firstName>
        <bioguideId>L000174</bioguideId>
        <state>VT</state>
        <sponsorshipDate>2019-10-31</sponsorshipDate>
        <fullName>Sen. Leahy, Patrick J. [D-VT]</fullName>
        <identifiers>
          <bioguideId>L000174</bioguideId>
          <lisID>1383</lisID>
          <gpoId>8244</gpoId>
        </identifiers>
        <middleName>JOSEPH</middleName>
        <sponsorshipWithdrawnDate />
        <isOriginalCosponsor>True</isOriginalCosponsor>
      </item>
      <item>
        <party>D</party>
        <lastName>Brown</lastName>
        <firstName>Sherrod</firstName>
        <bioguideId>B000944</bioguideId>
        <state>OH</state>
        <sponsorshipDate>2019-10-31</sponsorshipDate>
        <fullName>Sen. Brown, Sherrod [D-OH]</fullName>
        <identifiers>
          <bioguideId>B000944</bioguideId>
          <gpoId>8309</gpoId>
          <lisID>136</lisID>
        </identifiers>
        <middleName />
        <sponsorshipWithdrawnDate />
        <isOriginalCosponsor>True</isOriginalCosponsor>
      </item>
      <item>
        <party>D</party>
        <lastName>CARPER</lastName>
        <firstName>THOMAS</firstName>
        <bioguideId>C000174</bioguideId>
        <state>DE</state>
        <sponsorshipDate>2019-10-31</sponsorshipDate>
        <fullName>Sen. Carper, Thomas R. [D-DE]</fullName>
        <identifiers>
          <lisID>179</lisID>
          <gpoId>8283</gpoId>
          <bioguideId>C000174</bioguideId>
        </identifiers>
        <middleName>R.</middleName>
        <sponsorshipWithdrawnDate />
        <isOriginalCosponsor>True</isOriginalCosponsor>
      </item>
      <item>
        <party>D</party>
        <lastName>STABENOW</lastName>
        <firstName>DEBORAH</firstName>
        <bioguideId>S000770</bioguideId>
        <state>MI</state>
        <sponsorshipDate>2019-10-31</sponsorshipDate>
        <fullName>Sen. Stabenow, Debbie [D-MI]</fullName>
        <identifiers>
          <lisID>1531</lisID>
          <gpoId>8261</gpoId>
          <bioguideId>S000770</bioguideId>
        </identifiers>
        <middleName>ANN</middleName>
        <sponsorshipWithdrawnDate />
        <isOriginalCosponsor>True</isOriginalCosponsor>
      </item>
      <item>
        <party>D</party>
        <lastName>Hirono</lastName>
        <firstName>Mazie</firstName>
        <bioguideId>H001042</bioguideId>
        <state>HI</state>
        <sponsorshipDate>2019-10-31</sponsorshipDate>
        <fullName>Sen. Hirono, Mazie K. [D-HI]</fullName>
        <identifiers>
          <bioguideId>H001042</bioguideId>
          <gpoId>7913</gpoId>
          <lisID>1844</lisID>
        </identifiers>
        <middleName>K.</middleName>
        <sponsorshipWithdrawnDate />
        <isOriginalCosponsor>True</isOriginalCosponsor>
      </item>
      <item>
        <party>D</party>
        <lastName>Kaine</lastName>
        <firstName>Timothy</firstName>
        <bioguideId>K000384</bioguideId>
        <state>VA</state>
        <sponsorshipDate>2019-10-31</sponsorshipDate>
        <fullName>Sen. Kaine, Tim [D-VA]</fullName>
        <identifiers>
          <lisID>2176</lisID>
          <gpoId />
          <bioguideId>K000384</bioguideId>
        </identifiers>
        <middleName />
        <sponsorshipWithdrawnDate />
        <isOriginalCosponsor>True</isOriginalCosponsor>
      </item>
      <item>
        <party>D</party>
        <lastName>FEINSTEIN</lastName>
        <firstName>DIANNE</firstName>
        <bioguideId>F000062</bioguideId>
        <state>CA</state>
        <sponsorshipDate>2019-10-31</sponsorshipDate>
        <fullName>Sen. Feinstein, Dianne [D-CA]</fullName>
        <identifiers>
          <bioguideId>F000062</bioguideId>
          <lisID>1332</lisID>
          <gpoId>8338</gpoId>
        </identifiers>
        <middleName />
        <sponsorshipWithdrawnDate />
        <isOriginalCosponsor>True</isOriginalCosponsor>
      </item>
      <item>
        <party>D</party>
        <lastName>Klobuchar</lastName>
        <firstName>Amy</firstName>
        <bioguideId>K000367</bioguideId>
        <state>MN</state>
        <sponsorshipDate>2019-10-31</sponsorshipDate>
        <fullName>Sen. Klobuchar, Amy [D-MN]</fullName>
        <identifiers>
          <lisID>1826</lisID>
          <gpoId>8249</gpoId>
          <bioguideId>K000367</bioguideId>
        </identifiers>
        <middleName />
        <sponsorshipWithdrawnDate />
        <isOriginalCosponsor>True</isOriginalCosponsor>
      </item>
      <item>
        <party>D</party>
        <lastName>Harris</lastName>
        <firstName>Kamala</firstName>
        <bioguideId>H001075</bioguideId>
        <state>CA</state>
        <sponsorshipDate>2019-10-31</sponsorshipDate>
        <fullName>Sen. Harris, Kamala D. [D-CA]</fullName>
        <identifiers>
          <bioguideId>H001075</bioguideId>
          <lisID>2301</lisID>
          <gpoId />
        </identifiers>
        <middleName>D.</middleName>
        <sponsorshipWithdrawnDate />
        <isOriginalCosponsor>True</isOriginalCosponsor>
      </item>
      <item>
        <party>D</party>
        <lastName>Baldwin</lastName>
        <firstName>Tammy</firstName>
        <bioguideId>B001230</bioguideId>
        <state>WI</state>
        <sponsorshipDate>2019-10-31</sponsorshipDate>
        <fullName>Sen. Baldwin, Tammy [D-WI]</fullName>
        <identifiers>
          <bioguideId>B001230</bioguideId>
          <lisID>1558</lisID>
          <gpoId>8215</gpoId>
        </identifiers>
        <middleName />
        <sponsorshipWithdrawnDate />
        <isOriginalCosponsor>True</isOriginalCosponsor>
      </item>
      <item>
        <party>D</party>
        <lastName>Merkley</lastName>
        <firstName>Jeff</firstName>
        <bioguideId>M001176</bioguideId>
        <state>OR</state>
        <sponsorshipDate>2019-10-31</sponsorshipDate>
        <fullName>Sen. Merkley, Jeff [D-OR]</fullName>
        <identifiers>
          <bioguideId>M001176</bioguideId>
          <gpoId>8238</gpoId>
          <lisID>1900</lisID>
        </identifiers>
        <middleName />
        <sponsorshipWithdrawnDate />
        <isOriginalCosponsor>True</isOriginalCosponsor>
      </item>
      <item>
        <party>D</party>
        <lastName>Murphy</lastName>
        <firstName>Christopher</firstName>
        <bioguideId>M001169</bioguideId>
        <state>CT</state>
        <sponsorshipDate>2019-10-31</sponsorshipDate>
        <fullName>Sen. Murphy, Christopher [D-CT]</fullName>
        <identifiers>
          <bioguideId>M001169</bioguideId>
          <gpoId>7870</gpoId>
          <lisID>1837</lisID>
        </identifiers>
        <middleName />
        <sponsorshipWithdrawnDate />
        <isOriginalCosponsor>True</isOriginalCosponsor>
      </item>
      <item>
        <party>D</party>
        <lastName>Smith</lastName>
        <firstName>Tina</firstName>
        <bioguideId>S001203</bioguideId>
        <state>MN</state>
        <sponsorshipDate>2019-10-31</sponsorshipDate>
        <fullName>Sen. Smith, Tina  [D-MN]</fullName>
        <identifiers>
          <lisID>2365</lisID>
          <gpoId />
          <bioguideId>S001203</bioguideId>
        </identifiers>
        <middleName />
        <sponsorshipWithdrawnDate />
        <isOriginalCosponsor>True</isOriginalCosponsor>
      </item>
      <item>
        <party>D</party>
        <lastName>Van Hollen</lastName>
        <firstName>Chris</firstName>
        <bioguideId>V000128</bioguideId>
        <state>MD</state>
        <sponsorshipDate>2019-10-31</sponsorshipDate>
        <fullName>Sen. Van Hollen, Chris [D-MD]</fullName>
        <identifiers>
          <lisID>1729</lisID>
          <gpoId>7983</gpoId>
          <bioguideId>V000128</bioguideId>
        </identifiers>
        <middleName />
        <sponsorshipWithdrawnDate />
        <isOriginalCosponsor>True</isOriginalCosponsor>
      </item>
      <item>
        <party>I</party>
        <lastName>Sanders</lastName>
        <firstName>Bernard</firstName>
        <bioguideId>S000033</bioguideId>
        <state>VT</state>
        <sponsorshipDate>2019-10-31</sponsorshipDate>
        <fullName>Sen. Sanders, Bernard [I-VT]</fullName>
        <identifiers>
          <lisID>1010</lisID>
          <gpoId>8270</gpoId>
          <bioguideId>S000033</bioguideId>
        </identifiers>
        <middleName />
        <sponsorshipWithdrawnDate />
        <isOriginalCosponsor>True</isOriginalCosponsor>
      </item>
      <item>
        <party>D</party>
        <lastName>Warner</lastName>
        <firstName>Mark</firstName>
        <bioguideId>W000805</bioguideId>
        <state>VA</state>
        <sponsorshipDate>2019-10-31</sponsorshipDate>
        <fullName>Sen. Warner, Mark R. [D-VA]</fullName>
        <identifiers>
          <lisID>1897</lisID>
          <gpoId>8269</gpoId>
          <bioguideId>W000805</bioguideId>
        </identifiers>
        <middleName>R.</middleName>
        <sponsorshipWithdrawnDate />
        <isOriginalCosponsor>True</isOriginalCosponsor>
      </item>
      <item>
        <party>D</party>
        <lastName>Hassan</lastName>
        <firstName>Margaret</firstName>
        <bioguideId>H001076</bioguideId>
        <state>NH</state>
        <sponsorshipDate>2019-10-31</sponsorshipDate>
        <fullName>Sen. Hassan, Margaret Wood [D-NH]</fullName>
        <identifiers>
          <lisID>2302</lisID>
          <gpoId />
          <bioguideId>H001076</bioguideId>
        </identifiers>
        <middleName>Wood</middleName>
        <sponsorshipWithdrawnDate />
        <isOriginalCosponsor>True</isOriginalCosponsor>
      </item>
      <item>
        <party>D</party>
        <lastName>MURRAY</lastName>
        <firstName>PATTY</firstName>
        <bioguideId>M001111</bioguideId>
        <state>WA</state>
        <sponsorshipDate>2019-11-05</sponsorshipDate>
        <fullName>Sen. Murray, Patty [D-WA]</fullName>
        <identifiers>
          <lisID>1409</lisID>
          <gpoId>8237</gpoId>
          <bioguideId>M001111</bioguideId>
        </identifiers>
        <middleName />
        <sponsorshipWithdrawnDate />
        <isOriginalCosponsor>False</isOriginalCosponsor>
      </item>
      <item>
        <party>D</party>
        <lastName>SCHUMER</lastName>
        <firstName>CHARLES</firstName>
        <bioguideId>S000148</bioguideId>
        <state>NY</state>
        <sponsorshipDate>2019-11-05</sponsorshipDate>
        <fullName>Sen. Schumer, Charles E. [D-NY]</fullName>
        <identifiers>
          <lisID>1036</lisID>
          <gpoId>8279</gpoId>
          <bioguideId>S000148</bioguideId>
        </identifiers>
        <middleName>E.</middleName>
        <sponsorshipWithdrawnDate />
        <isOriginalCosponsor>False</isOriginalCosponsor>
      </item>
      <item>
        <party>D</party>
        <lastName>Casey</lastName>
        <firstName>Bob</firstName>
        <bioguideId>C001070</bioguideId>
        <state>PA</state>
        <sponsorshipDate>2019-11-05</sponsorshipDate>
        <fullName>Sen. Casey, Robert P., Jr. [D-PA]</fullName>
        <identifiers>
          <bioguideId>C001070</bioguideId>
          <gpoId>8282</gpoId>
          <lisID>1828</lisID>
        </identifiers>
        <middleName />
        <sponsorshipWithdrawnDate />
        <isOriginalCosponsor>False</isOriginalCosponsor>
      </item>
      <item>
        <party>D</party>
        <lastName>Peters</lastName>
        <firstName>Gary</firstName>
        <bioguideId>P000595</bioguideId>
        <state>MI</state>
        <sponsorshipDate>2019-11-13</sponsorshipDate>
        <fullName>Sen. Peters, Gary C. [D-MI]</fullName>
        <identifiers>
          <bioguideId>P000595</bioguideId>
          <gpoId>7994</gpoId>
          <lisID>1929</lisID>
        </identifiers>
        <middleName>C.</middleName>
        <sponsorshipWithdrawnDate />
        <isOriginalCosponsor>False</isOriginalCosponsor>
      </item>
      <item>
        <party>I</party>
        <lastName>King</lastName>
        <firstName>Angus</firstName>
        <bioguideId>K000383</bioguideId>
        <state>ME</state>
        <sponsorshipDate>2019-11-21</sponsorshipDate>
        <fullName>Sen. King, Angus S., Jr. [I-ME]</fullName>
        <identifiers>
          <lisID>2185</lisID>
          <gpoId />
          <bioguideId>K000383</bioguideId>
        </identifiers>
        <middleName />
        <sponsorshipWithdrawnDate />
        <isOriginalCosponsor>False</isOriginalCosponsor>
      </item>
    </cosponsors>
    <amendments />
    <billNumber>404</billNumber>
    <updateDate>2019-11-22T08:11:45Z</updateDate>
    <cboCostEstimates />
    <title>A resolution expressing the sense of the Senate that the United States should work in cooperation with the international community and continue to exercise global leadership to address the causes and effects of climate change, and for other purposes.</title>
    <committeeReports />
    <policyArea>
      <name>Environmental Protection</name>
    </policyArea>
    <sponsors>
      <item>
        <party>D</party>
        <lastName>CARDIN</lastName>
        <firstName>BENJAMIN</firstName>
        <state>MD</state>
        <fullName>Sen. Cardin, Benjamin L. [D-MD]</fullName>
        <identifiers>
          <lisID>174</lisID>
          <gpoId>8287</gpoId>
          <bioguideId>C000141</bioguideId>
        </identifiers>
        <middleName>L.</middleName>
        <bioguideId>C000141</bioguideId>
        <byRequestType />
      </item>
    </sponsors>
    <billType>SRES</billType>
  </bill>
  <dublinCore xmlns:dc="http://purl.org/dc/elements/1.1/">
    <dc:format>text/xml</dc:format>
    <dc:language>EN</dc:language>
    <dc:rights>Pursuant to Title 17 Section 105 of the United States Code, this file is not subject to copyright protection and is in the public domain.</dc:rights>
    <dc:contributor>Congressional Research Service, Library of Congress</dc:contributor>
    <dc:description>This file contains bill summaries and statuses for federal legislation. A bill summary describes the most significant provisions of a piece of legislation and details the effects the legislative text may have on current law and federal programs. Bill summaries are authored by the Congressional Research Service (CRS) of the Library of Congress. As stated in Public Law 91-510 (2 USC 166 (d)(6)), one of the duties of CRS is "to prepare summaries and digests of bills and resolutions of a public general nature introduced in the Senate or House of Representatives". For more information, refer to the User Guide that accompanies this file.</dc:description>
  </dublinCore>
</billStatus>

