<?xml version="1.0" encoding="UTF-8"?>
<billStatus>
  <bill>
    <summaries>
      <billSummaries>
        <item>
          <updateDate>2019-03-28T04:00:00Z</updateDate>
          <lastSummaryUpdateDate>2019-04-08T15:25:32Z</lastSummaryUpdateDate>
          <actionDesc>Introduced in Senate</actionDesc>
          <text><![CDATA[<p>This resolution designates March 2019 as Endometriosis Awareness Month.</p>]]></text>
          <actionDate>2019-03-28</actionDate>
          <name>Introduced in Senate</name>
          <versionCode>00</versionCode>
        </item>
      </billSummaries>
    </summaries>
    <actions>
      <actionByCounts>
        <senate>2</senate>
      </actionByCounts>
      <item>
        <actionDate>2019-03-28</actionDate>
        <committee>
          <systemCode>ssju00</systemCode>
          <name>Judiciary Committee</name>
        </committee>
        <links>
          <link>
            <name>S2093</name>
            <url>https://www.congress.gov/congressional-record/volume-165/senate-section/page/S2093</url>
          </link>
        </links>
        <sourceSystem>
          <code>0</code>
          <name>Senate</name>
        </sourceSystem>
        <text>Referred to the Committee on the Judiciary. (text: CR S2093)</text>
        <type>IntroReferral</type>
      </item>
      <item>
        <text>Introduced in Senate</text>
        <actionDate>2019-03-28</actionDate>
        <committee />
        <actionCode>10000</actionCode>
        <links />
        <sourceSystem>
          <code>9</code>
          <name>Library of Congress</name>
        </sourceSystem>
        <type>IntroReferral</type>
      </item>
      <actionTypeCounts>
        <introducedInSenate>1</introducedInSenate>
        <referredToCommittee>1</referredToCommittee>
      </actionTypeCounts>
    </actions>
    <textVersions>
      <item>
        <date>2019-03-28T04:00:00Z</date>
        <formats>
          <item>
            <url>https://www.govinfo.gov/content/pkg/BILLS-116sres130is/xml/BILLS-116sres130is.xml</url>
          </item>
        </formats>
        <type>Introduced in Senate</type>
      </item>
    </textVersions>
    <titles>
      <item>
        <parentTitleType />
        <chamberName />
        <titleType>Official Title as Introduced</titleType>
        <chamberCode />
        <title>A resolution recognizing the significance of endometriosis as an unmet chronic disease for women and designating March 2019 as "Endometriosis Awareness Month".</title>
      </item>
      <item>
        <parentTitleType />
        <chamberName />
        <titleType>Display Title</titleType>
        <chamberCode />
        <title>A resolution recognizing the significance of endometriosis as an unmet chronic disease for women and designating March 2019 as "Endometriosis Awareness Month".</title>
      </item>
    </titles>
    <version>1.0.0</version>
    <billType>SRES</billType>
    <updateDate>2019-04-11T04:57:32Z</updateDate>
    <calendarNumbers />
    <congress>116</congress>
    <billNumber>130</billNumber>
    <subjects>
      <billSubjects>
        <policyArea>
          <name>Health</name>
        </policyArea>
        <legislativeSubjects>
          <item>
            <name>Commemorative events and holidays</name>
          </item>
          <item>
            <name>Health care quality</name>
          </item>
          <item>
            <name>Health information and medical records</name>
          </item>
          <item>
            <name>Health promotion and preventive care</name>
          </item>
          <item>
            <name>Medical research</name>
          </item>
          <item>
            <name>Medical tests and diagnostic methods</name>
          </item>
          <item>
            <name>Sex and reproductive health</name>
          </item>
          <item>
            <name>Women's health</name>
          </item>
        </legislativeSubjects>
      </billSubjects>
    </subjects>
    <notes />
    <originChamber>Senate</originChamber>
    <amendments />
    <cosponsors>
      <item>
        <lastName>CAPITO</lastName>
        <sponsorshipWithdrawnDate />
        <state>WV</state>
        <bioguideId>C001047</bioguideId>
        <isOriginalCosponsor>True</isOriginalCosponsor>
        <party>R</party>
        <firstName>SHELLEY</firstName>
        <sponsorshipDate>2019-03-28</sponsorshipDate>
        <middleName>MOORE</middleName>
        <fullName>Sen. Capito, Shelley Moore [R-WV]</fullName>
        <identifiers>
          <bioguideId>C001047</bioguideId>
          <lisID>1676</lisID>
          <gpoId>8223</gpoId>
        </identifiers>
      </item>
      <item>
        <lastName>Shaheen</lastName>
        <sponsorshipWithdrawnDate />
        <state>NH</state>
        <bioguideId>S001181</bioguideId>
        <isOriginalCosponsor>True</isOriginalCosponsor>
        <party>D</party>
        <firstName>Jeanne</firstName>
        <sponsorshipDate>2019-03-28</sponsorshipDate>
        <middleName />
        <fullName>Sen. Shaheen, Jeanne [D-NH]</fullName>
        <identifiers>
          <bioguideId>S001181</bioguideId>
          <lisID>1901</lisID>
          <gpoId>8276</gpoId>
        </identifiers>
      </item>
      <item>
        <lastName>Blumenthal</lastName>
        <sponsorshipWithdrawnDate />
        <state>CT</state>
        <bioguideId>B001277</bioguideId>
        <isOriginalCosponsor>True</isOriginalCosponsor>
        <party>D</party>
        <firstName>Richard</firstName>
        <sponsorshipDate>2019-03-28</sponsorshipDate>
        <middleName />
        <fullName>Sen. Blumenthal, Richard [D-CT]</fullName>
        <identifiers>
          <lisID>2076</lisID>
          <bioguideId>B001277</bioguideId>
          <gpoId>8332</gpoId>
        </identifiers>
      </item>
      <item>
        <lastName>Warren</lastName>
        <sponsorshipWithdrawnDate />
        <state>MA</state>
        <bioguideId>W000817</bioguideId>
        <isOriginalCosponsor>True</isOriginalCosponsor>
        <party>D</party>
        <firstName>Elizabeth</firstName>
        <sponsorshipDate>2019-03-28</sponsorshipDate>
        <middleName>A.</middleName>
        <fullName>Sen. Warren, Elizabeth [D-MA]</fullName>
        <identifiers>
          <lisID>2182</lisID>
          <bioguideId>W000817</bioguideId>
          <gpoId />
        </identifiers>
      </item>
      <item>
        <lastName>CANTWELL</lastName>
        <sponsorshipWithdrawnDate />
        <state>WA</state>
        <bioguideId>C000127</bioguideId>
        <isOriginalCosponsor>True</isOriginalCosponsor>
        <party>D</party>
        <firstName>MARIA</firstName>
        <sponsorshipDate>2019-03-28</sponsorshipDate>
        <middleName />
        <fullName>Sen. Cantwell, Maria [D-WA]</fullName>
        <identifiers>
          <lisID>172</lisID>
          <bioguideId>C000127</bioguideId>
          <gpoId>8288</gpoId>
        </identifiers>
      </item>
      <item>
        <lastName>FEINSTEIN</lastName>
        <sponsorshipWithdrawnDate />
        <state>CA</state>
        <bioguideId>F000062</bioguideId>
        <isOriginalCosponsor>True</isOriginalCosponsor>
        <party>D</party>
        <firstName>DIANNE</firstName>
        <sponsorshipDate>2019-03-28</sponsorshipDate>
        <middleName />
        <fullName>Sen. Feinstein, Dianne [D-CA]</fullName>
        <identifiers>
          <gpoId>8338</gpoId>
          <lisID>1332</lisID>
          <bioguideId>F000062</bioguideId>
        </identifiers>
      </item>
    </cosponsors>
    <committees>
      <billCommittees>
        <item>
          <type>Standing</type>
          <systemCode>ssju00</systemCode>
          <name>Judiciary Committee</name>
          <subcommittees />
          <chamber>Senate</chamber>
          <activities>
            <item>
              <name>Referred to</name>
              <date>2019-03-28T19:09:02Z</date>
            </item>
          </activities>
        </item>
      </billCommittees>
    </committees>
    <committeeReports />
    <title>A resolution recognizing the significance of endometriosis as an unmet chronic disease for women and designating March 2019 as "Endometriosis Awareness Month".</title>
    <latestAction>
      <actionDate>2019-03-28</actionDate>
      <text>Referred to the Committee on the Judiciary. (text: CR S2093)</text>
      <links />
    </latestAction>
    <createDate>2019-03-29T04:42:14Z</createDate>
    <laws />
    <cboCostEstimates />
    <sponsors>
      <item>
        <party>D</party>
        <lastName>Duckworth</lastName>
        <bioguideId>D000622</bioguideId>
        <state>IL</state>
        <firstName>Tammy</firstName>
        <identifiers>
          <gpoId />
          <lisID>2123</lisID>
          <bioguideId>D000622</bioguideId>
        </identifiers>
        <fullName>Sen. Duckworth, Tammy [D-IL]</fullName>
        <byRequestType />
        <middleName />
      </item>
    </sponsors>
    <policyArea>
      <name>Health</name>
    </policyArea>
    <relatedBills />
    <recordedVotes />
    <introducedDate>2019-03-28</introducedDate>
  </bill>
  <dublinCore xmlns:dc="http://purl.org/dc/elements/1.1/">
    <dc:format>text/xml</dc:format>
    <dc:language>EN</dc:language>
    <dc:rights>Pursuant to Title 17 Section 105 of the United States Code, this file is not subject to copyright protection and is in the public domain.</dc:rights>
    <dc:contributor>Congressional Research Service, Library of Congress</dc:contributor>
    <dc:description>This file contains bill summaries and statuses for federal legislation. A bill summary describes the most significant provisions of a piece of legislation and details the effects the legislative text may have on current law and federal programs. Bill summaries are authored by the Congressional Research Service (CRS) of the Library of Congress. As stated in Public Law 91-510 (2 USC 166 (d)(6)), one of the duties of CRS is "to prepare summaries and digests of bills and resolutions of a public general nature introduced in the Senate or House of Representatives". For more information, refer to the User Guide that accompanies this file.</dc:description>
  </dublinCore>
</billStatus>

