<?xml version="1.0" encoding="UTF-8"?>
<billStatus>
  <bill>
    <titles>
      <item>
        <parentTitleType />
        <title>A resolution designating April 2019 as "Second Chance Month".</title>
        <titleType>Official Title as Introduced</titleType>
        <chamberCode />
        <chamberName />
      </item>
      <item>
        <parentTitleType />
        <title>A resolution designating April 2019 as "Second Chance Month".</title>
        <titleType>Display Title</titleType>
        <chamberCode />
        <chamberName />
      </item>
    </titles>
    <billNumber>102</billNumber>
    <sponsors>
      <item>
        <fullName>Sen. Portman, Rob [R-OH]</fullName>
        <party>R</party>
        <byRequestType />
        <lastName>PORTMAN</lastName>
        <middleName />
        <state>OH</state>
        <bioguideId>P000449</bioguideId>
        <identifiers>
          <gpoId>8266</gpoId>
          <bioguideId>P000449</bioguideId>
          <lisID>924</lisID>
        </identifiers>
        <firstName>ROB</firstName>
      </item>
    </sponsors>
    <committeeReports />
    <cboCostEstimates />
    <cosponsors>
      <item>
        <bioguideId>K000367</bioguideId>
        <sponsorshipWithdrawnDate />
        <party>D</party>
        <identifiers>
          <bioguideId>K000367</bioguideId>
          <lisID>1826</lisID>
          <gpoId>8249</gpoId>
        </identifiers>
        <middleName />
        <lastName>Klobuchar</lastName>
        <sponsorshipDate>2019-03-11</sponsorshipDate>
        <fullName>Sen. Klobuchar, Amy [D-MN]</fullName>
        <state>MN</state>
        <isOriginalCosponsor>True</isOriginalCosponsor>
        <firstName>Amy</firstName>
      </item>
      <item>
        <bioguideId>D000563</bioguideId>
        <sponsorshipWithdrawnDate />
        <party>D</party>
        <identifiers>
          <gpoId>8326</gpoId>
          <bioguideId>D000563</bioguideId>
          <lisID>326</lisID>
        </identifiers>
        <middleName>J.</middleName>
        <lastName>DURBIN</lastName>
        <sponsorshipDate>2019-03-13</sponsorshipDate>
        <fullName>Sen. Durbin, Richard J. [D-IL]</fullName>
        <state>IL</state>
        <isOriginalCosponsor>False</isOriginalCosponsor>
        <firstName>RICHARD</firstName>
      </item>
      <item>
        <bioguideId>L000575</bioguideId>
        <sponsorshipWithdrawnDate />
        <party>R</party>
        <identifiers>
          <gpoId>8113</gpoId>
          <bioguideId>L000575</bioguideId>
          <lisID>2050</lisID>
        </identifiers>
        <middleName />
        <lastName>Lankford</lastName>
        <sponsorshipDate>2019-03-13</sponsorshipDate>
        <fullName>Sen. Lankford, James [R-OK]</fullName>
        <state>OK</state>
        <isOriginalCosponsor>False</isOriginalCosponsor>
        <firstName>James</firstName>
      </item>
      <item>
        <bioguideId>L000174</bioguideId>
        <sponsorshipWithdrawnDate />
        <party>D</party>
        <identifiers>
          <gpoId>8244</gpoId>
          <lisID>1383</lisID>
          <bioguideId>L000174</bioguideId>
        </identifiers>
        <middleName>JOSEPH</middleName>
        <lastName>LEAHY</lastName>
        <sponsorshipDate>2019-04-30</sponsorshipDate>
        <fullName>Sen. Leahy, Patrick J. [D-VT]</fullName>
        <state>VT</state>
        <isOriginalCosponsor>False</isOriginalCosponsor>
        <firstName>PATRICK</firstName>
      </item>
      <item>
        <bioguideId>L000577</bioguideId>
        <sponsorshipWithdrawnDate />
        <party>R</party>
        <identifiers>
          <gpoId>8303</gpoId>
          <bioguideId>L000577</bioguideId>
          <lisID>2080</lisID>
        </identifiers>
        <middleName />
        <lastName>Lee</lastName>
        <sponsorshipDate>2019-04-30</sponsorshipDate>
        <fullName>Sen. Lee, Mike [R-UT]</fullName>
        <state>UT</state>
        <isOriginalCosponsor>False</isOriginalCosponsor>
        <firstName>Mike</firstName>
      </item>
      <item>
        <bioguideId>D000622</bioguideId>
        <sponsorshipWithdrawnDate />
        <party>D</party>
        <identifiers>
          <bioguideId>D000622</bioguideId>
          <gpoId />
          <lisID>2123</lisID>
        </identifiers>
        <middleName />
        <lastName>Duckworth</lastName>
        <sponsorshipDate>2019-04-30</sponsorshipDate>
        <fullName>Sen. Duckworth, Tammy [D-IL]</fullName>
        <state>IL</state>
        <isOriginalCosponsor>False</isOriginalCosponsor>
        <firstName>Tammy</firstName>
      </item>
      <item>
        <bioguideId>C001056</bioguideId>
        <sponsorshipWithdrawnDate />
        <party>R</party>
        <identifiers>
          <bioguideId>C001056</bioguideId>
          <lisID>1692</lisID>
          <gpoId>8295</gpoId>
        </identifiers>
        <middleName />
        <lastName>Cornyn</lastName>
        <sponsorshipDate>2019-04-30</sponsorshipDate>
        <fullName>Sen. Cornyn, John [R-TX]</fullName>
        <state>TX</state>
        <isOriginalCosponsor>False</isOriginalCosponsor>
        <firstName>John</firstName>
      </item>
      <item>
        <bioguideId>C001070</bioguideId>
        <sponsorshipWithdrawnDate />
        <party>D</party>
        <identifiers>
          <lisID>1828</lisID>
          <gpoId>8282</gpoId>
          <bioguideId>C001070</bioguideId>
        </identifiers>
        <middleName />
        <lastName>Casey</lastName>
        <sponsorshipDate>2019-04-30</sponsorshipDate>
        <fullName>Sen. Casey, Robert P., Jr. [D-PA]</fullName>
        <state>PA</state>
        <isOriginalCosponsor>False</isOriginalCosponsor>
        <firstName>Bob</firstName>
      </item>
      <item>
        <bioguideId>B000944</bioguideId>
        <sponsorshipWithdrawnDate />
        <party>D</party>
        <identifiers>
          <gpoId>8309</gpoId>
          <lisID>136</lisID>
          <bioguideId>B000944</bioguideId>
        </identifiers>
        <middleName />
        <lastName>Brown</lastName>
        <sponsorshipDate>2019-04-30</sponsorshipDate>
        <fullName>Sen. Brown, Sherrod [D-OH]</fullName>
        <state>OH</state>
        <isOriginalCosponsor>False</isOriginalCosponsor>
        <firstName>Sherrod</firstName>
      </item>
      <item>
        <bioguideId>P000595</bioguideId>
        <sponsorshipWithdrawnDate />
        <party>D</party>
        <identifiers>
          <bioguideId>P000595</bioguideId>
          <lisID>1929</lisID>
          <gpoId>7994</gpoId>
        </identifiers>
        <middleName>C.</middleName>
        <lastName>Peters</lastName>
        <sponsorshipDate>2019-05-01</sponsorshipDate>
        <fullName>Sen. Peters, Gary C. [D-MI]</fullName>
        <state>MI</state>
        <isOriginalCosponsor>False</isOriginalCosponsor>
        <firstName>Gary</firstName>
      </item>
    </cosponsors>
    <title>A resolution designating April 2019 as "Second Chance Month".</title>
    <summaries>
      <billSummaries>
        <item>
          <lastSummaryUpdateDate>2019-07-24T16:36:05Z</lastSummaryUpdateDate>
          <text><![CDATA[<p>This resolution designates April 2019 as Second Chance Month to promote awareness of unnecessary legal and social barriers that prevent an individual with a criminal record from becoming a productive member of society.</p>]]></text>
          <actionDesc>Introduced in Senate</actionDesc>
          <actionDate>2019-03-11</actionDate>
          <name>Introduced in Senate</name>
          <versionCode>00</versionCode>
          <updateDate>2019-03-11T04:00:00Z</updateDate>
        </item>
      </billSummaries>
    </summaries>
    <calendarNumbers />
    <originChamber>Senate</originChamber>
    <updateDate>2019-07-31T07:34:05Z</updateDate>
    <recordedVotes />
    <subjects>
      <billSubjects>
        <legislativeSubjects>
          <item>
            <name>Commemorative events and holidays</name>
          </item>
          <item>
            <name>Congressional tributes</name>
          </item>
          <item>
            <name>Criminal justice information and records</name>
          </item>
          <item>
            <name>Criminal procedure and sentencing</name>
          </item>
        </legislativeSubjects>
        <policyArea>
          <name>Crime and Law Enforcement</name>
        </policyArea>
      </billSubjects>
    </subjects>
    <createDate>2019-03-12T04:27:06Z</createDate>
    <version>1.0.0</version>
    <policyArea>
      <name>Crime and Law Enforcement</name>
    </policyArea>
    <billType>SRES</billType>
    <laws />
    <notes />
    <actions>
      <actionTypeCounts>
        <referredToCommittee>1</referredToCommittee>
        <introducedInSenate>1</introducedInSenate>
      </actionTypeCounts>
      <item>
        <actionDate>2019-03-11</actionDate>
        <committee>
          <systemCode>ssju00</systemCode>
          <name>Judiciary Committee</name>
        </committee>
        <links />
        <sourceSystem>
          <code>0</code>
          <name>Senate</name>
        </sourceSystem>
        <text>Referred to the Committee on the Judiciary.</text>
        <type>IntroReferral</type>
      </item>
      <item>
        <type>IntroReferral</type>
        <actionCode>10000</actionCode>
        <text>Introduced in Senate</text>
        <actionDate>2019-03-11</actionDate>
        <links />
        <committee />
        <sourceSystem>
          <code>9</code>
          <name>Library of Congress</name>
        </sourceSystem>
      </item>
      <actionByCounts>
        <senate>2</senate>
      </actionByCounts>
    </actions>
    <committees>
      <billCommittees>
        <item>
          <systemCode>ssju00</systemCode>
          <subcommittees />
          <chamber>Senate</chamber>
          <name>Judiciary Committee</name>
          <type>Standing</type>
          <activities>
            <item>
              <date>2019-03-11T20:12:58Z</date>
              <name>Referred to</name>
            </item>
          </activities>
        </item>
      </billCommittees>
    </committees>
    <congress>116</congress>
    <latestAction>
      <text>Referred to the Committee on the Judiciary.</text>
      <actionDate>2019-03-11</actionDate>
      <links />
    </latestAction>
    <amendments />
    <textVersions>
      <item>
        <type>Introduced in Senate</type>
        <date>2019-03-11T04:00:00Z</date>
        <formats>
          <item>
            <url>https://www.govinfo.gov/content/pkg/BILLS-116sres102is/xml/BILLS-116sres102is.xml</url>
          </item>
        </formats>
      </item>
    </textVersions>
    <introducedDate>2019-03-11</introducedDate>
    <relatedBills>
      <item>
        <type>HRES</type>
        <relationshipDetails>
          <item>
            <type>Related bill</type>
            <identifiedBy>CRS</identifiedBy>
          </item>
        </relationshipDetails>
        <latestAction>
          <text>Referred to the Subcommittee on Crime, Terrorism, and Homeland Security.</text>
          <actionDate>2019-04-08</actionDate>
        </latestAction>
        <number>210</number>
        <latestTitle>Expressing support for the designation of the month of April 2019 as Second Chance Month.</latestTitle>
        <congress>116</congress>
      </item>
    </relatedBills>
  </bill>
  <dublinCore xmlns:dc="http://purl.org/dc/elements/1.1/">
    <dc:format>text/xml</dc:format>
    <dc:language>EN</dc:language>
    <dc:rights>Pursuant to Title 17 Section 105 of the United States Code, this file is not subject to copyright protection and is in the public domain.</dc:rights>
    <dc:contributor>Congressional Research Service, Library of Congress</dc:contributor>
    <dc:description>This file contains bill summaries and statuses for federal legislation. A bill summary describes the most significant provisions of a piece of legislation and details the effects the legislative text may have on current law and federal programs. Bill summaries are authored by the Congressional Research Service (CRS) of the Library of Congress. As stated in Public Law 91-510 (2 USC 166 (d)(6)), one of the duties of CRS is "to prepare summaries and digests of bills and resolutions of a public general nature introduced in the Senate or House of Representatives". For more information, refer to the User Guide that accompanies this file.</dc:description>
  </dublinCore>
</billStatus>

