<?xml version="1.0" encoding="UTF-8"?>
<billStatus>
  <bill>
    <relatedBills />
    <policyArea>
      <name>Health</name>
    </policyArea>
    <introducedDate>2019-11-14</introducedDate>
    <titles>
      <item>
        <chamberName />
        <parentTitleType />
        <chamberCode />
        <title>A resolution designating October 2019 as "National Down Syndrome Awareness Month" and supporting the goals and ideals of National Down Syndrome Awareness Month.</title>
        <titleType>Official Title as Introduced</titleType>
      </item>
      <item>
        <chamberName />
        <parentTitleType />
        <chamberCode />
        <title>A resolution designating October 2019 as "National Down Syndrome Awareness Month" and supporting the goals and ideals of National Down Syndrome Awareness Month.</title>
        <titleType>Display Title</titleType>
      </item>
    </titles>
    <laws />
    <subjects>
      <billSubjects>
        <policyArea>
          <name>Health</name>
        </policyArea>
        <legislativeSubjects />
      </billSubjects>
    </subjects>
    <recordedVotes />
    <notes />
    <actions>
      <actionByCounts>
        <senate>3</senate>
      </actionByCounts>
      <actionTypeCounts>
        <passedAgreedToInSenate>1</passedAgreedToInSenate>
        <passedOrAgreedToInSenateDayOf>1</passedOrAgreedToInSenateDayOf>
        <introducedInSenate>1</introducedInSenate>
      </actionTypeCounts>
      <item>
        <actionDate>2019-11-14</actionDate>
        <committee />
        <links>
          <link>
            <name>S6612</name>
            <url>https://www.congress.gov/congressional-record/volume-165/senate-section/page/S6612</url>
          </link>
          <link>
            <name>S6614</name>
            <url>https://www.congress.gov/congressional-record/volume-165/senate-section/page/S6614</url>
          </link>
        </links>
        <sourceSystem>
          <name>Senate</name>
          <code>0</code>
        </sourceSystem>
        <text>Submitted in the Senate, considered, and agreed to without amendment and with a preamble by Unanimous Consent. (consideration: CR S6614; text: CR S6612)</text>
        <type>Floor</type>
      </item>
      <item>
        <actionDate>2019-11-14</actionDate>
        <links>
          <link>
            <name>S6612</name>
            <url>https://www.congress.gov/congressional-record/volume-165/senate-section/page/S6612</url>
          </link>
          <link>
            <name>S6614</name>
            <url>https://www.congress.gov/congressional-record/volume-165/senate-section/page/S6614</url>
          </link>
        </links>
        <sourceSystem>
          <name>Library of Congress</name>
          <code>9</code>
        </sourceSystem>
        <type>Floor</type>
        <actionCode>17000</actionCode>
        <text>Passed/agreed to in Senate: Submitted in the Senate, considered, and agreed to without amendment and with a preamble by Unanimous Consent.(consideration: CR S6614; text: CR S6612)</text>
        <committee />
      </item>
      <item>
        <actionDate>2019-11-14</actionDate>
        <links />
        <sourceSystem>
          <name>Library of Congress</name>
          <code>9</code>
        </sourceSystem>
        <type>IntroReferral</type>
        <actionCode>10000</actionCode>
        <text>Introduced in Senate</text>
        <committee />
      </item>
    </actions>
    <committeeReports />
    <sponsors>
      <item>
        <middleName />
        <bioguideId>D000618</bioguideId>
        <fullName>Sen. Daines, Steve [R-MT]</fullName>
        <identifiers>
          <bioguideId>D000618</bioguideId>
          <gpoId />
          <lisID>2138</lisID>
        </identifiers>
        <firstName>Steve</firstName>
        <byRequestType />
        <state>MT</state>
        <party>R</party>
        <lastName>Daines</lastName>
      </item>
    </sponsors>
    <title>A resolution designating October 2019 as "National Down Syndrome Awareness Month" and supporting the goals and ideals of National Down Syndrome Awareness Month.</title>
    <updateDate>2019-11-27T05:57:48Z</updateDate>
    <createDate>2019-11-15T05:57:34Z</createDate>
    <committees>
      <billCommittees />
    </committees>
    <originChamber>Senate</originChamber>
    <latestAction>
      <actionDate>2019-11-14</actionDate>
      <text>Submitted in the Senate, considered, and agreed to without amendment and with a preamble by Unanimous Consent. (consideration: CR S6614; text: CR S6612)</text>
      <links />
    </latestAction>
    <cosponsors>
      <item>
        <middleName>F.</middleName>
        <sponsorshipDate>2019-11-14</sponsorshipDate>
        <bioguideId>B001267</bioguideId>
        <fullName>Sen. Bennet, Michael F. [D-CO]</fullName>
        <identifiers>
          <gpoId>8302</gpoId>
          <lisID>1965</lisID>
          <bioguideId>B001267</bioguideId>
        </identifiers>
        <firstName>Michael</firstName>
        <lastName>Bennet</lastName>
        <state>CO</state>
        <sponsorshipWithdrawnDate />
        <isOriginalCosponsor>True</isOriginalCosponsor>
        <party>D</party>
      </item>
      <item>
        <middleName />
        <sponsorshipDate>2019-11-14</sponsorshipDate>
        <bioguideId>I000024</bioguideId>
        <fullName>Sen. Inhofe, James M. [R-OK]</fullName>
        <identifiers>
          <gpoId>8322</gpoId>
          <lisID>583</lisID>
          <bioguideId>I000024</bioguideId>
        </identifiers>
        <firstName>JIM</firstName>
        <lastName>INHOFE</lastName>
        <state>OK</state>
        <sponsorshipWithdrawnDate />
        <isOriginalCosponsor>True</isOriginalCosponsor>
        <party>R</party>
      </item>
      <item>
        <middleName>A.</middleName>
        <sponsorshipDate>2019-11-14</sponsorshipDate>
        <bioguideId>W000817</bioguideId>
        <fullName>Sen. Warren, Elizabeth [D-MA]</fullName>
        <identifiers>
          <lisID>2182</lisID>
          <gpoId />
          <bioguideId>W000817</bioguideId>
        </identifiers>
        <firstName>Elizabeth</firstName>
        <lastName>Warren</lastName>
        <state>MA</state>
        <sponsorshipWithdrawnDate />
        <isOriginalCosponsor>True</isOriginalCosponsor>
        <party>D</party>
      </item>
    </cosponsors>
    <congress>116</congress>
    <cboCostEstimates />
    <calendarNumbers />
    <billType>SRES</billType>
    <textVersions>
      <item>
        <type>Agreed to Senate</type>
        <date>2019-11-14T05:00:00Z</date>
        <formats>
          <item>
            <url>https://www.govinfo.gov/content/pkg/BILLS-116sres425ats/xml/BILLS-116sres425ats.xml</url>
          </item>
        </formats>
      </item>
    </textVersions>
    <summaries>
      <billSummaries />
    </summaries>
    <billNumber>425</billNumber>
    <amendments />
    <version>1.0.0</version>
  </bill>
  <dublinCore xmlns:dc="http://purl.org/dc/elements/1.1/">
    <dc:format>text/xml</dc:format>
    <dc:language>EN</dc:language>
    <dc:rights>Pursuant to Title 17 Section 105 of the United States Code, this file is not subject to copyright protection and is in the public domain.</dc:rights>
    <dc:contributor>Congressional Research Service, Library of Congress</dc:contributor>
    <dc:description>This file contains bill summaries and statuses for federal legislation. A bill summary describes the most significant provisions of a piece of legislation and details the effects the legislative text may have on current law and federal programs. Bill summaries are authored by the Congressional Research Service (CRS) of the Library of Congress. As stated in Public Law 91-510 (2 USC 166 (d)(6)), one of the duties of CRS is "to prepare summaries and digests of bills and resolutions of a public general nature introduced in the Senate or House of Representatives". For more information, refer to the User Guide that accompanies this file.</dc:description>
  </dublinCore>
</billStatus>

