<?xml version="1.0" encoding="UTF-8"?>
<billStatus>
  <bill>
    <amendments />
    <summaries>
      <billSummaries>
        <item>
          <text><![CDATA[<p>This resolution condemns the attack on the Chabad of Poway Synagogue near San Diego, California, on April 27, 2019. </p> <p>It honors the memory of Lori Gilbert Kaye, who was killed.</p> <p>It expresses hope for recovery of the three individuals who were injured.</p>]]></text>
          <lastSummaryUpdateDate>2019-07-26T14:03:45Z</lastSummaryUpdateDate>
          <name>Introduced in Senate</name>
          <updateDate>2019-06-05T04:00:00Z</updateDate>
          <versionCode>00</versionCode>
          <actionDesc>Introduced in Senate</actionDesc>
          <actionDate>2019-06-05</actionDate>
        </item>
        <item>
          <text><![CDATA[<p>This resolution condemns the attack on the Chabad of Poway Synagogue near San Diego, California, on April 27, 2019. </p> <p>It honors the memory of Lori Gilbert Kaye, who was killed.</p> <p>It expresses hope for recovery of the three individuals who were injured.</p>]]></text>
          <lastSummaryUpdateDate>2019-10-09T18:34:18Z</lastSummaryUpdateDate>
          <name>Passed Senate</name>
          <updateDate>2019-06-13T14:26:45Z</updateDate>
          <versionCode>55</versionCode>
          <actionDesc>Passed Senate</actionDesc>
          <actionDate>2019-06-13</actionDate>
        </item>
      </billSummaries>
    </summaries>
    <laws />
    <committees>
      <billCommittees>
        <item>
          <type>Standing</type>
          <name>Judiciary Committee</name>
          <subcommittees />
          <systemCode>ssju00</systemCode>
          <chamber>Senate</chamber>
          <activities>
            <item>
              <name>Discharged from</name>
              <date>2019-06-13T21:38:09Z</date>
            </item>
            <item>
              <name>Referred to</name>
              <date>2019-06-05T17:22:34Z</date>
            </item>
          </activities>
        </item>
      </billCommittees>
    </committees>
    <billNumber>231</billNumber>
    <subjects>
      <billSubjects>
        <legislativeSubjects>
          <item>
            <name>California</name>
          </item>
          <item>
            <name>Congressional tributes</name>
          </item>
          <item>
            <name>Crime victims</name>
          </item>
          <item>
            <name>Hate crimes</name>
          </item>
          <item>
            <name>Health personnel</name>
          </item>
          <item>
            <name>Law enforcement officers</name>
          </item>
          <item>
            <name>Racial and ethnic relations</name>
          </item>
          <item>
            <name>Religion</name>
          </item>
          <item>
            <name>Violent crime</name>
          </item>
        </legislativeSubjects>
        <policyArea>
          <name>Crime and Law Enforcement</name>
        </policyArea>
      </billSubjects>
    </subjects>
    <actions>
      <actionTypeCounts>
        <referredToCommittee>1</referredToCommittee>
        <agreedToInSenate>1</agreedToInSenate>
        <senateCommitteeDischarged>1</senateCommitteeDischarged>
        <passedAgreedToInSenate>1</passedAgreedToInSenate>
        <committeeDischarged>1</committeeDischarged>
        <introducedInSenate>1</introducedInSenate>
      </actionTypeCounts>
      <item>
        <actionDate>2019-06-13</actionDate>
        <committee />
        <links>
          <link>
            <url>https://www.congress.gov/congressional-record/volume-165/senate-section/page/S3261</url>
            <name>CR 6/5/2019 S3261</name>
          </link>
        </links>
        <sourceSystem>
          <code>0</code>
          <name>Senate</name>
        </sourceSystem>
        <text>Resolution agreed to in Senate without amendment and with a preamble by Voice Vote. (text: CR 6/5/2019 S3261)</text>
        <type>Floor</type>
      </item>
      <item>
        <text>Passed/agreed to in Senate: Resolution agreed to in Senate without amendment and with a preamble by Voice Vote.(text: CR 6/5/2019 S3261)</text>
        <actionDate>2019-06-13</actionDate>
        <committee />
        <sourceSystem>
          <code>9</code>
          <name>Library of Congress</name>
        </sourceSystem>
        <actionCode>17000</actionCode>
        <type>Floor</type>
        <links>
          <link>
            <url>https://www.congress.gov/congressional-record/volume-165/senate-section/page/S3261</url>
            <name>CR 6/5/2019 S3261</name>
          </link>
        </links>
      </item>
      <item>
        <actionDate>2019-06-13</actionDate>
        <committee>
          <name>Judiciary Committee</name>
          <systemCode>ssju00</systemCode>
        </committee>
        <links>
          <link>
            <url>https://www.congress.gov/congressional-record/volume-165/senate-section/page/S3626</url>
            <name>S3626</name>
          </link>
        </links>
        <sourceSystem>
          <code>0</code>
          <name>Senate</name>
        </sourceSystem>
        <text>Senate Committee on the Judiciary discharged by Unanimous Consent. (consideration: CR S3626)</text>
        <type>Discharge</type>
      </item>
      <item>
        <actionDate>2019-06-13</actionDate>
        <type>Committee</type>
        <links>
          <link>
            <url>https://www.congress.gov/congressional-record/volume-165/senate-section/page/S3626</url>
            <name>S3626</name>
          </link>
        </links>
        <sourceSystem>
          <code>9</code>
          <name>Library of Congress</name>
        </sourceSystem>
        <actionCode>14500</actionCode>
        <text>Senate Committee on the Judiciary discharged by Unanimous Consent.(consideration: CR S3626)</text>
        <committee>
          <name>Judiciary Committee</name>
          <systemCode>ssju00</systemCode>
        </committee>
      </item>
      <item>
        <actionDate>2019-06-05</actionDate>
        <committee>
          <name>Judiciary Committee</name>
          <systemCode>ssju00</systemCode>
        </committee>
        <links />
        <sourceSystem>
          <code>0</code>
          <name>Senate</name>
        </sourceSystem>
        <text>Referred to the Committee on the Judiciary.</text>
        <type>IntroReferral</type>
      </item>
      <item>
        <text>Introduced in Senate</text>
        <actionDate>2019-06-05</actionDate>
        <committee />
        <sourceSystem>
          <code>9</code>
          <name>Library of Congress</name>
        </sourceSystem>
        <actionCode>10000</actionCode>
        <type>IntroReferral</type>
        <links />
      </item>
      <actionByCounts>
        <senate>6</senate>
      </actionByCounts>
    </actions>
    <policyArea>
      <name>Crime and Law Enforcement</name>
    </policyArea>
    <calendarNumbers />
    <version>1.0.0</version>
    <congress>116</congress>
    <sponsors>
      <item>
        <middleName>D.</middleName>
        <bioguideId>H001075</bioguideId>
        <byRequestType />
        <state>CA</state>
        <fullName>Sen. Harris, Kamala D. [D-CA]</fullName>
        <identifiers>
          <bioguideId>H001075</bioguideId>
          <lisID>2301</lisID>
          <gpoId />
        </identifiers>
        <firstName>Kamala</firstName>
        <lastName>Harris</lastName>
        <party>D</party>
      </item>
    </sponsors>
    <textVersions>
      <item>
        <date>2019-06-13T04:00:00Z</date>
        <formats>
          <item>
            <url>https://www.govinfo.gov/content/pkg/BILLS-116sres231ats/xml/BILLS-116sres231ats.xml</url>
          </item>
        </formats>
        <type>Agreed to Senate</type>
      </item>
      <item>
        <date>2019-06-05T04:00:00Z</date>
        <formats>
          <item>
            <url>https://www.govinfo.gov/content/pkg/BILLS-116sres231is/xml/BILLS-116sres231is.xml</url>
          </item>
        </formats>
        <type>Introduced in Senate</type>
      </item>
    </textVersions>
    <originChamber>Senate</originChamber>
    <recordedVotes />
    <createDate>2019-06-06T04:57:11Z</createDate>
    <notes />
    <introducedDate>2019-06-05</introducedDate>
    <titles>
      <item>
        <titleType>Official Title as Introduced</titleType>
        <title>A resolution condemning the horrific anti-Semitic attack on the Chabad of Poway Synagogue near San Diego, California, on April 27, 2019.</title>
        <chamberCode />
        <parentTitleType />
        <chamberName />
      </item>
      <item>
        <titleType>Display Title</titleType>
        <title>A resolution condemning the horrific anti-Semitic attack on the Chabad of Poway Synagogue near San Diego, California, on April 27, 2019.</title>
        <chamberCode />
        <parentTitleType />
        <chamberName />
      </item>
    </titles>
    <committeeReports />
    <latestAction>
      <actionDate>2019-06-13</actionDate>
      <text>Resolution agreed to in Senate without amendment and with a preamble by Voice Vote. (text: CR 6/5/2019 S3261)</text>
      <links />
    </latestAction>
    <cosponsors>
      <item>
        <bioguideId>F000062</bioguideId>
        <firstName>DIANNE</firstName>
        <party>D</party>
        <identifiers>
          <lisID>1332</lisID>
          <bioguideId>F000062</bioguideId>
          <gpoId>8338</gpoId>
        </identifiers>
        <middleName />
        <sponsorshipWithdrawnDate />
        <lastName>FEINSTEIN</lastName>
        <state>CA</state>
        <sponsorshipDate>2019-06-05</sponsorshipDate>
        <fullName>Sen. Feinstein, Dianne [D-CA]</fullName>
        <isOriginalCosponsor>True</isOriginalCosponsor>
      </item>
    </cosponsors>
    <title>A resolution condemning the horrific anti-Semitic attack on the Chabad of Poway Synagogue near San Diego, California, on April 27, 2019.</title>
    <updateDate>2019-10-12T04:42:31Z</updateDate>
    <billType>SRES</billType>
    <cboCostEstimates />
    <relatedBills>
      <item>
        <number>364</number>
        <latestAction>
          <actionDate>2019-05-09</actionDate>
          <text>Referred to the House Committee on Oversight and Reform.</text>
        </latestAction>
        <relationshipDetails>
          <item>
            <identifiedBy>CRS</identifiedBy>
            <type>Related bill</type>
          </item>
        </relationshipDetails>
        <congress>116</congress>
        <latestTitle>Condemning the horrific anti-Semitic attack on the Chabad of Poway Synagogue near San Diego, California, on April 27, 2019.</latestTitle>
        <type>HRES</type>
      </item>
    </relatedBills>
  </bill>
  <dublinCore xmlns:dc="http://purl.org/dc/elements/1.1/">
    <dc:format>text/xml</dc:format>
    <dc:language>EN</dc:language>
    <dc:rights>Pursuant to Title 17 Section 105 of the United States Code, this file is not subject to copyright protection and is in the public domain.</dc:rights>
    <dc:contributor>Congressional Research Service, Library of Congress</dc:contributor>
    <dc:description>This file contains bill summaries and statuses for federal legislation. A bill summary describes the most significant provisions of a piece of legislation and details the effects the legislative text may have on current law and federal programs. Bill summaries are authored by the Congressional Research Service (CRS) of the Library of Congress. As stated in Public Law 91-510 (2 USC 166 (d)(6)), one of the duties of CRS is "to prepare summaries and digests of bills and resolutions of a public general nature introduced in the Senate or House of Representatives". For more information, refer to the User Guide that accompanies this file.</dc:description>
  </dublinCore>
</billStatus>

