<?xml version="1.0" encoding="UTF-8"?>
<billStatus>
  <bill>
    <notes />
    <actions>
      <item>
        <actionDate>2019-11-13</actionDate>
        <committee>
          <name>Veterans' Affairs Committee</name>
          <systemCode>ssva00</systemCode>
        </committee>
        <links>
          <link>
            <name>S6570</name>
            <url>https://www.congress.gov/congressional-record/volume-165/senate-section/page/S6570</url>
          </link>
        </links>
        <sourceSystem>
          <name>Senate</name>
          <code>0</code>
        </sourceSystem>
        <text>Referred to the Committee on Veterans' Affairs. (text: CR S6570)</text>
        <type>IntroReferral</type>
      </item>
      <item>
        <sourceSystem>
          <name>Library of Congress</name>
          <code>9</code>
        </sourceSystem>
        <links />
        <text>Introduced in Senate</text>
        <actionCode>10000</actionCode>
        <committee />
        <type>IntroReferral</type>
        <actionDate>2019-11-13</actionDate>
      </item>
      <actionTypeCounts>
        <introducedInSenate>1</introducedInSenate>
        <referredToCommittee>1</referredToCommittee>
      </actionTypeCounts>
      <actionByCounts>
        <senate>2</senate>
      </actionByCounts>
    </actions>
    <subjects>
      <billSubjects>
        <policyArea>
          <name>Armed Forces and National Security</name>
        </policyArea>
        <legislativeSubjects />
      </billSubjects>
    </subjects>
    <cosponsors>
      <item>
        <party>D</party>
        <middleName />
        <identifiers>
          <gpoId>8258</gpoId>
          <lisID>1829</lisID>
          <bioguideId>T000464</bioguideId>
        </identifiers>
        <isOriginalCosponsor>True</isOriginalCosponsor>
        <sponsorshipDate>2019-11-13</sponsorshipDate>
        <bioguideId>T000464</bioguideId>
        <state>MT</state>
        <fullName>Sen. Tester, Jon [D-MT]</fullName>
        <firstName>Jon</firstName>
        <lastName>Tester</lastName>
        <sponsorshipWithdrawnDate />
      </item>
      <item>
        <party>D</party>
        <middleName>K.</middleName>
        <identifiers>
          <bioguideId>H001042</bioguideId>
          <gpoId>7913</gpoId>
          <lisID>1844</lisID>
        </identifiers>
        <isOriginalCosponsor>True</isOriginalCosponsor>
        <sponsorshipDate>2019-11-13</sponsorshipDate>
        <bioguideId>H001042</bioguideId>
        <state>HI</state>
        <fullName>Sen. Hirono, Mazie K. [D-HI]</fullName>
        <firstName>Mazie</firstName>
        <lastName>Hirono</lastName>
        <sponsorshipWithdrawnDate />
      </item>
      <item>
        <party>D</party>
        <middleName>J.</middleName>
        <identifiers>
          <lisID>326</lisID>
          <gpoId>8326</gpoId>
          <bioguideId>D000563</bioguideId>
        </identifiers>
        <isOriginalCosponsor>True</isOriginalCosponsor>
        <sponsorshipDate>2019-11-13</sponsorshipDate>
        <bioguideId>D000563</bioguideId>
        <state>IL</state>
        <fullName>Sen. Durbin, Richard J. [D-IL]</fullName>
        <firstName>RICHARD</firstName>
        <lastName>DURBIN</lastName>
        <sponsorshipWithdrawnDate />
      </item>
      <item>
        <party>D</party>
        <middleName />
        <identifiers>
          <lisID>1409</lisID>
          <gpoId>8237</gpoId>
          <bioguideId>M001111</bioguideId>
        </identifiers>
        <isOriginalCosponsor>True</isOriginalCosponsor>
        <sponsorshipDate>2019-11-13</sponsorshipDate>
        <bioguideId>M001111</bioguideId>
        <state>WA</state>
        <fullName>Sen. Murray, Patty [D-WA]</fullName>
        <firstName>PATTY</firstName>
        <lastName>MURRAY</lastName>
        <sponsorshipWithdrawnDate />
      </item>
      <item>
        <party>D</party>
        <middleName>ANN</middleName>
        <identifiers>
          <gpoId>8261</gpoId>
          <lisID>1531</lisID>
          <bioguideId>S000770</bioguideId>
        </identifiers>
        <isOriginalCosponsor>True</isOriginalCosponsor>
        <sponsorshipDate>2019-11-13</sponsorshipDate>
        <bioguideId>S000770</bioguideId>
        <state>MI</state>
        <fullName>Sen. Stabenow, Debbie [D-MI]</fullName>
        <firstName>DEBORAH</firstName>
        <lastName>STABENOW</lastName>
        <sponsorshipWithdrawnDate />
      </item>
      <item>
        <party>D</party>
        <middleName />
        <identifiers>
          <lisID>2076</lisID>
          <gpoId>8332</gpoId>
          <bioguideId>B001277</bioguideId>
        </identifiers>
        <isOriginalCosponsor>True</isOriginalCosponsor>
        <sponsorshipDate>2019-11-13</sponsorshipDate>
        <bioguideId>B001277</bioguideId>
        <state>CT</state>
        <fullName>Sen. Blumenthal, Richard [D-CT]</fullName>
        <firstName>Richard</firstName>
        <lastName>Blumenthal</lastName>
        <sponsorshipWithdrawnDate />
      </item>
      <item>
        <party>I</party>
        <middleName />
        <identifiers>
          <lisID>1010</lisID>
          <gpoId>8270</gpoId>
          <bioguideId>S000033</bioguideId>
        </identifiers>
        <isOriginalCosponsor>True</isOriginalCosponsor>
        <sponsorshipDate>2019-11-13</sponsorshipDate>
        <bioguideId>S000033</bioguideId>
        <state>VT</state>
        <fullName>Sen. Sanders, Bernard [I-VT]</fullName>
        <firstName>Bernard</firstName>
        <lastName>Sanders</lastName>
        <sponsorshipWithdrawnDate />
      </item>
      <item>
        <party>D</party>
        <middleName>C.</middleName>
        <identifiers>
          <gpoId>7994</gpoId>
          <lisID>1929</lisID>
          <bioguideId>P000595</bioguideId>
        </identifiers>
        <isOriginalCosponsor>True</isOriginalCosponsor>
        <sponsorshipDate>2019-11-13</sponsorshipDate>
        <bioguideId>P000595</bioguideId>
        <state>MI</state>
        <fullName>Sen. Peters, Gary C. [D-MI]</fullName>
        <firstName>Gary</firstName>
        <lastName>Peters</lastName>
        <sponsorshipWithdrawnDate />
      </item>
      <item>
        <party>D</party>
        <middleName>E.</middleName>
        <identifiers>
          <gpoId>8279</gpoId>
          <lisID>1036</lisID>
          <bioguideId>S000148</bioguideId>
        </identifiers>
        <isOriginalCosponsor>True</isOriginalCosponsor>
        <sponsorshipDate>2019-11-13</sponsorshipDate>
        <bioguideId>S000148</bioguideId>
        <state>NY</state>
        <fullName>Sen. Schumer, Charles E. [D-NY]</fullName>
        <firstName>CHARLES</firstName>
        <lastName>SCHUMER</lastName>
        <sponsorshipWithdrawnDate />
      </item>
      <item>
        <party>D</party>
        <middleName />
        <identifiers>
          <bioguideId>K000367</bioguideId>
          <gpoId>8249</gpoId>
          <lisID>1826</lisID>
        </identifiers>
        <isOriginalCosponsor>False</isOriginalCosponsor>
        <sponsorshipDate>2019-11-19</sponsorshipDate>
        <bioguideId>K000367</bioguideId>
        <state>MN</state>
        <fullName>Sen. Klobuchar, Amy [D-MN]</fullName>
        <firstName>Amy</firstName>
        <lastName>Klobuchar</lastName>
        <sponsorshipWithdrawnDate />
      </item>
    </cosponsors>
    <billNumber>420</billNumber>
    <createDate>2019-11-14T05:27:34Z</createDate>
    <policyArea>
      <name>Armed Forces and National Security</name>
    </policyArea>
    <summaries>
      <billSummaries />
    </summaries>
    <titles>
      <item>
        <parentTitleType />
        <chamberCode />
        <titleType>Official Title as Introduced</titleType>
        <chamberName />
        <title>A resolution encouraging the President to expand the list of the Department of Veterans Affairs of presumptive medical conditions associated with exposure to Agent Orange to include Parkinsonism, bladder cancer, hypertension, and hypothyroidism.</title>
      </item>
      <item>
        <parentTitleType />
        <chamberCode />
        <titleType>Display Title</titleType>
        <chamberName />
        <title>A resolution encouraging the President to expand the list of the Department of Veterans Affairs of presumptive medical conditions associated with exposure to Agent Orange to include Parkinsonism, bladder cancer, hypertension, and hypothyroidism.</title>
      </item>
    </titles>
    <relatedBills>
      <item>
        <latestAction>
          <text>Referred to the Committee on Veterans' Affairs, and in addition to the Committee on Armed Services, for a period to be subsequently determined by the Speaker, in each case for consideration of such provisions as fall within the jurisdiction of the committee concerned.</text>
          <actionDate>2019-11-21</actionDate>
        </latestAction>
        <number>729</number>
        <latestTitle>Encouraging the President to expand the list of the Department of Veterans Affairs of presumptive medical conditions associated with exposure to Agent Orange to include Parkinsonism, bladder cancer, hypertension, and hypothyroidism.</latestTitle>
        <congress>116</congress>
        <relationshipDetails>
          <item>
            <identifiedBy>CRS</identifiedBy>
            <type>Related bill</type>
          </item>
        </relationshipDetails>
        <type>HRES</type>
      </item>
    </relatedBills>
    <sponsors>
      <item>
        <fullName>Sen. Brown, Sherrod [D-OH]</fullName>
        <party>D</party>
        <middleName />
        <lastName>Brown</lastName>
        <state>OH</state>
        <bioguideId>B000944</bioguideId>
        <identifiers>
          <gpoId>8309</gpoId>
          <lisID>136</lisID>
          <bioguideId>B000944</bioguideId>
        </identifiers>
        <firstName>Sherrod</firstName>
        <byRequestType />
      </item>
    </sponsors>
    <calendarNumbers />
    <recordedVotes />
    <congress>116</congress>
    <latestAction>
      <actionDate>2019-11-13</actionDate>
      <links />
      <text>Referred to the Committee on Veterans' Affairs. (text: CR S6570)</text>
    </latestAction>
    <amendments />
    <billType>SRES</billType>
    <originChamber>Senate</originChamber>
    <committeeReports />
    <updateDate>2019-11-25T15:45:35Z</updateDate>
    <textVersions>
      <item>
        <type>Introduced in Senate</type>
        <date>2019-11-13T05:00:00Z</date>
        <formats>
          <item>
            <url>https://www.govinfo.gov/content/pkg/BILLS-116sres420is/xml/BILLS-116sres420is.xml</url>
          </item>
        </formats>
      </item>
    </textVersions>
    <cboCostEstimates />
    <committees>
      <billCommittees>
        <item>
          <systemCode>ssva00</systemCode>
          <name>Veterans' Affairs Committee</name>
          <type>Standing</type>
          <subcommittees />
          <chamber>Senate</chamber>
          <activities>
            <item>
              <name>Referred to</name>
              <date>2019-11-13T22:19:01Z</date>
            </item>
          </activities>
        </item>
      </billCommittees>
    </committees>
    <title>A resolution encouraging the President to expand the list of the Department of Veterans Affairs of presumptive medical conditions associated with exposure to Agent Orange to include Parkinsonism, bladder cancer, hypertension, and hypothyroidism.</title>
    <laws />
    <introducedDate>2019-11-13</introducedDate>
    <version>1.0.0</version>
  </bill>
  <dublinCore xmlns:dc="http://purl.org/dc/elements/1.1/">
    <dc:format>text/xml</dc:format>
    <dc:language>EN</dc:language>
    <dc:rights>Pursuant to Title 17 Section 105 of the United States Code, this file is not subject to copyright protection and is in the public domain.</dc:rights>
    <dc:contributor>Congressional Research Service, Library of Congress</dc:contributor>
    <dc:description>This file contains bill summaries and statuses for federal legislation. A bill summary describes the most significant provisions of a piece of legislation and details the effects the legislative text may have on current law and federal programs. Bill summaries are authored by the Congressional Research Service (CRS) of the Library of Congress. As stated in Public Law 91-510 (2 USC 166 (d)(6)), one of the duties of CRS is "to prepare summaries and digests of bills and resolutions of a public general nature introduced in the Senate or House of Representatives". For more information, refer to the User Guide that accompanies this file.</dc:description>
  </dublinCore>
</billStatus>

