<?xml version="1.0" encoding="UTF-8"?>
<billStatus>
  <bill>
    <version>1.0.0</version>
    <titles>
      <item>
        <parentTitleType />
        <chamberCode />
        <title>A resolution expressing the sense of the Senate that the Federal Government should establish a national goal of conserving at least 30 percent of the land and ocean of the United States by 2030.</title>
        <titleType>Official Title as Introduced</titleType>
        <chamberName />
      </item>
      <item>
        <parentTitleType />
        <chamberCode />
        <title>A resolution expressing the sense of the Senate that the Federal Government should establish a national goal of conserving at least 30 percent of the land and ocean of the United States by 2030.</title>
        <titleType>Display Title</titleType>
        <chamberName />
      </item>
    </titles>
    <recordedVotes />
    <originChamber>Senate</originChamber>
    <laws />
    <createDate>2019-10-23T04:45:34Z</createDate>
    <notes />
    <summaries>
      <billSummaries />
    </summaries>
    <policyArea>
      <name>Environmental Protection</name>
    </policyArea>
    <updateDate>2019-11-01T10:00:41Z</updateDate>
    <committeeReports />
    <textVersions>
      <item>
        <formats>
          <item>
            <url>https://www.govinfo.gov/content/pkg/BILLS-116sres372is/xml/BILLS-116sres372is.xml</url>
          </item>
        </formats>
        <type>Introduced in Senate</type>
        <date>2019-10-22T04:00:00Z</date>
      </item>
    </textVersions>
    <sponsors>
      <item>
        <party>D</party>
        <middleName />
        <firstName>TOM</firstName>
        <fullName>Sen. Udall, Tom [D-NM]</fullName>
        <state>NM</state>
        <byRequestType />
        <identifiers>
          <lisID>1567</lisID>
          <bioguideId>U000039</bioguideId>
          <gpoId>8260</gpoId>
        </identifiers>
        <lastName>UDALL</lastName>
        <bioguideId>U000039</bioguideId>
      </item>
    </sponsors>
    <calendarNumbers />
    <cosponsors>
      <item>
        <firstName>Michael</firstName>
        <middleName>F.</middleName>
        <sponsorshipDate>2019-10-22</sponsorshipDate>
        <lastName>Bennet</lastName>
        <state>CO</state>
        <fullName>Sen. Bennet, Michael F. [D-CO]</fullName>
        <party>D</party>
        <sponsorshipWithdrawnDate />
        <isOriginalCosponsor>True</isOriginalCosponsor>
        <bioguideId>B001267</bioguideId>
        <identifiers>
          <gpoId>8302</gpoId>
          <lisID>1965</lisID>
          <bioguideId>B001267</bioguideId>
        </identifiers>
      </item>
      <item>
        <firstName>RICHARD</firstName>
        <middleName>J.</middleName>
        <sponsorshipDate>2019-10-22</sponsorshipDate>
        <lastName>DURBIN</lastName>
        <state>IL</state>
        <fullName>Sen. Durbin, Richard J. [D-IL]</fullName>
        <party>D</party>
        <sponsorshipWithdrawnDate />
        <isOriginalCosponsor>True</isOriginalCosponsor>
        <bioguideId>D000563</bioguideId>
        <identifiers>
          <lisID>326</lisID>
          <gpoId>8326</gpoId>
          <bioguideId>D000563</bioguideId>
        </identifiers>
      </item>
      <item>
        <firstName>Kamala</firstName>
        <middleName>D.</middleName>
        <sponsorshipDate>2019-10-22</sponsorshipDate>
        <lastName>Harris</lastName>
        <state>CA</state>
        <fullName>Sen. Harris, Kamala D. [D-CA]</fullName>
        <party>D</party>
        <sponsorshipWithdrawnDate />
        <isOriginalCosponsor>True</isOriginalCosponsor>
        <bioguideId>H001075</bioguideId>
        <identifiers>
          <lisID>2301</lisID>
          <bioguideId>H001075</bioguideId>
          <gpoId />
        </identifiers>
      </item>
      <item>
        <firstName>Cory</firstName>
        <middleName>A.</middleName>
        <sponsorshipDate>2019-10-22</sponsorshipDate>
        <lastName>Booker</lastName>
        <state>NJ</state>
        <fullName>Sen. Booker, Cory A. [D-NJ]</fullName>
        <party>D</party>
        <sponsorshipWithdrawnDate />
        <isOriginalCosponsor>True</isOriginalCosponsor>
        <bioguideId>B001288</bioguideId>
        <identifiers>
          <lisID>2194</lisID>
          <gpoId />
          <bioguideId>B001288</bioguideId>
        </identifiers>
      </item>
      <item>
        <firstName>Chris</firstName>
        <middleName />
        <sponsorshipDate>2019-10-22</sponsorshipDate>
        <lastName>Van Hollen</lastName>
        <state>MD</state>
        <fullName>Sen. Van Hollen, Chris [D-MD]</fullName>
        <party>D</party>
        <sponsorshipWithdrawnDate />
        <isOriginalCosponsor>True</isOriginalCosponsor>
        <bioguideId>V000128</bioguideId>
        <identifiers>
          <lisID>1729</lisID>
          <gpoId>7983</gpoId>
          <bioguideId>V000128</bioguideId>
        </identifiers>
      </item>
      <item>
        <firstName>Richard</firstName>
        <middleName />
        <sponsorshipDate>2019-10-22</sponsorshipDate>
        <lastName>Blumenthal</lastName>
        <state>CT</state>
        <fullName>Sen. Blumenthal, Richard [D-CT]</fullName>
        <party>D</party>
        <sponsorshipWithdrawnDate />
        <isOriginalCosponsor>True</isOriginalCosponsor>
        <bioguideId>B001277</bioguideId>
        <identifiers>
          <lisID>2076</lisID>
          <bioguideId>B001277</bioguideId>
          <gpoId>8332</gpoId>
        </identifiers>
      </item>
      <item>
        <firstName>Jeff</firstName>
        <middleName />
        <sponsorshipDate>2019-10-22</sponsorshipDate>
        <lastName>Merkley</lastName>
        <state>OR</state>
        <fullName>Sen. Merkley, Jeff [D-OR]</fullName>
        <party>D</party>
        <sponsorshipWithdrawnDate />
        <isOriginalCosponsor>True</isOriginalCosponsor>
        <bioguideId>M001176</bioguideId>
        <identifiers>
          <lisID>1900</lisID>
          <gpoId>8238</gpoId>
          <bioguideId>M001176</bioguideId>
        </identifiers>
      </item>
      <item>
        <firstName>DIANNE</firstName>
        <middleName />
        <sponsorshipDate>2019-10-22</sponsorshipDate>
        <lastName>FEINSTEIN</lastName>
        <state>CA</state>
        <fullName>Sen. Feinstein, Dianne [D-CA]</fullName>
        <party>D</party>
        <sponsorshipWithdrawnDate />
        <isOriginalCosponsor>True</isOriginalCosponsor>
        <bioguideId>F000062</bioguideId>
        <identifiers>
          <lisID>1332</lisID>
          <bioguideId>F000062</bioguideId>
          <gpoId>8338</gpoId>
        </identifiers>
      </item>
      <item>
        <firstName>Elizabeth</firstName>
        <middleName>A.</middleName>
        <sponsorshipDate>2019-10-22</sponsorshipDate>
        <lastName>Warren</lastName>
        <state>MA</state>
        <fullName>Sen. Warren, Elizabeth [D-MA]</fullName>
        <party>D</party>
        <sponsorshipWithdrawnDate />
        <isOriginalCosponsor>True</isOriginalCosponsor>
        <bioguideId>W000817</bioguideId>
        <identifiers>
          <lisID>2182</lisID>
          <bioguideId>W000817</bioguideId>
          <gpoId />
        </identifiers>
      </item>
    </cosponsors>
    <congress>116</congress>
    <subjects>
      <billSubjects>
        <legislativeSubjects />
        <policyArea>
          <name>Environmental Protection</name>
        </policyArea>
      </billSubjects>
    </subjects>
    <latestAction>
      <text>Referred to the Committee on Energy and Natural Resources. (text: CR S5976-5977)</text>
      <links />
      <actionDate>2019-10-22</actionDate>
    </latestAction>
    <billType>SRES</billType>
    <billNumber>372</billNumber>
    <cboCostEstimates />
    <relatedBills />
    <committees>
      <billCommittees>
        <item>
          <chamber>Senate</chamber>
          <subcommittees />
          <activities>
            <item>
              <date>2019-10-22T21:31:56Z</date>
              <name>Referred to</name>
            </item>
          </activities>
          <type>Standing</type>
          <name>Energy and Natural Resources Committee</name>
          <systemCode>sseg00</systemCode>
        </item>
      </billCommittees>
    </committees>
    <actions>
      <actionTypeCounts>
        <introducedInSenate>1</introducedInSenate>
        <referredToCommittee>1</referredToCommittee>
      </actionTypeCounts>
      <item>
        <actionDate>2019-10-22</actionDate>
        <committee>
          <systemCode>sseg00</systemCode>
          <name>Energy and Natural Resources Committee</name>
        </committee>
        <links>
          <link>
            <name>S5976-5977</name>
            <url>https://www.congress.gov/congressional-record/volume-165/senate-section/page/S5976-5977</url>
          </link>
        </links>
        <sourceSystem>
          <code>0</code>
          <name>Senate</name>
        </sourceSystem>
        <text>Referred to the Committee on Energy and Natural Resources. (text: CR S5976-5977)</text>
        <type>IntroReferral</type>
      </item>
      <item>
        <committee />
        <text>Introduced in Senate</text>
        <actionDate>2019-10-22</actionDate>
        <type>IntroReferral</type>
        <links />
        <actionCode>10000</actionCode>
        <sourceSystem>
          <code>9</code>
          <name>Library of Congress</name>
        </sourceSystem>
      </item>
      <actionByCounts>
        <senate>2</senate>
      </actionByCounts>
    </actions>
    <title>A resolution expressing the sense of the Senate that the Federal Government should establish a national goal of conserving at least 30 percent of the land and ocean of the United States by 2030.</title>
    <introducedDate>2019-10-22</introducedDate>
    <amendments />
  </bill>
  <dublinCore xmlns:dc="http://purl.org/dc/elements/1.1/">
    <dc:format>text/xml</dc:format>
    <dc:language>EN</dc:language>
    <dc:rights>Pursuant to Title 17 Section 105 of the United States Code, this file is not subject to copyright protection and is in the public domain.</dc:rights>
    <dc:contributor>Congressional Research Service, Library of Congress</dc:contributor>
    <dc:description>This file contains bill summaries and statuses for federal legislation. A bill summary describes the most significant provisions of a piece of legislation and details the effects the legislative text may have on current law and federal programs. Bill summaries are authored by the Congressional Research Service (CRS) of the Library of Congress. As stated in Public Law 91-510 (2 USC 166 (d)(6)), one of the duties of CRS is "to prepare summaries and digests of bills and resolutions of a public general nature introduced in the Senate or House of Representatives". For more information, refer to the User Guide that accompanies this file.</dc:description>
  </dublinCore>
</billStatus>

