<?xml version="1.0" encoding="UTF-8"?>
<billStatus>
  <bill>
    <policyArea>
      <name>Education</name>
    </policyArea>
    <relatedBills>
      <item>
        <relationshipDetails>
          <item>
            <identifiedBy>CRS</identifiedBy>
            <type>Related bill</type>
          </item>
        </relationshipDetails>
        <latestTitle>Expressing support for the designation of the week of April 8 through April 12, 2019, as National Assistant Principals Week.</latestTitle>
        <type>HRES</type>
        <number>318</number>
        <latestAction>
          <text>Referred to the House Committee on Education and Labor.</text>
          <actionDate>2019-04-12</actionDate>
        </latestAction>
        <congress>116</congress>
      </item>
    </relatedBills>
    <introducedDate>2019-04-09</introducedDate>
    <committeeReports />
    <amendments />
    <textVersions>
      <item>
        <formats>
          <item>
            <url>https://www.govinfo.gov/content/pkg/BILLS-116sres149is/xml/BILLS-116sres149is.xml</url>
          </item>
        </formats>
        <type>Introduced in Senate</type>
        <date>2019-04-09T04:00:00Z</date>
      </item>
    </textVersions>
    <cboCostEstimates />
    <subjects>
      <billSubjects>
        <legislativeSubjects>
          <item>
            <name>Commemorative events and holidays</name>
          </item>
          <item>
            <name>Congressional tributes</name>
          </item>
          <item>
            <name>Elementary and secondary education</name>
          </item>
          <item>
            <name>School administration</name>
          </item>
          <item>
            <name>Teaching, teachers, curricula</name>
          </item>
        </legislativeSubjects>
        <policyArea>
          <name>Education</name>
        </policyArea>
      </billSubjects>
    </subjects>
    <laws />
    <calendarNumbers />
    <notes />
    <actions>
      <actionByCounts>
        <senate>2</senate>
      </actionByCounts>
      <item>
        <actionDate>2019-04-09</actionDate>
        <committee>
          <systemCode>sshr00</systemCode>
          <name>HELP Committee</name>
        </committee>
        <links>
          <link>
            <name>S2332-2333</name>
            <url>https://www.congress.gov/congressional-record/volume-165/senate-section/page/S2332-2333</url>
          </link>
        </links>
        <sourceSystem>
          <name>Senate</name>
          <code>0</code>
        </sourceSystem>
        <text>Referred to the Committee on Health, Education, Labor, and Pensions. (text: CR S2332-2333)</text>
        <type>IntroReferral</type>
      </item>
      <item>
        <committee />
        <type>IntroReferral</type>
        <actionDate>2019-04-09</actionDate>
        <actionCode>10000</actionCode>
        <text>Introduced in Senate</text>
        <links />
        <sourceSystem>
          <name>Library of Congress</name>
          <code>9</code>
        </sourceSystem>
      </item>
      <actionTypeCounts>
        <referredToCommittee>1</referredToCommittee>
        <introducedInSenate>1</introducedInSenate>
      </actionTypeCounts>
    </actions>
    <originChamber>Senate</originChamber>
    <committees>
      <billCommittees>
        <item>
          <chamber>Senate</chamber>
          <subcommittees />
          <type>Standing</type>
          <activities>
            <item>
              <name>Referred to</name>
              <date>2019-04-09T21:33:18Z</date>
            </item>
          </activities>
          <name>HELP Committee</name>
          <systemCode>sshr00</systemCode>
        </item>
      </billCommittees>
    </committees>
    <titles>
      <item>
        <title>A resolution expressing support for the designation of the week of April 8 through April 12, 2019, as "National Assistant Principals Week".</title>
        <parentTitleType />
        <titleType>Official Title as Introduced</titleType>
        <chamberName />
        <chamberCode />
      </item>
      <item>
        <title>A resolution expressing support for the designation of the week of April 8 through April 12, 2019, as "National Assistant Principals Week".</title>
        <parentTitleType />
        <titleType>Display Title</titleType>
        <chamberName />
        <chamberCode />
      </item>
    </titles>
    <summaries>
      <billSummaries>
        <item>
          <versionCode>00</versionCode>
          <actionDesc>Introduced in Senate</actionDesc>
          <updateDate>2019-04-09T04:00:00Z</updateDate>
          <name>Introduced in Senate</name>
          <lastSummaryUpdateDate>2019-06-04T13:49:20Z</lastSummaryUpdateDate>
          <actionDate>2019-04-09</actionDate>
          <text><![CDATA[<p>This resolution (1) supports the designation of April 8-April 12, 2019, as National Assistant Principals Week, and (2) honors the contributions of assistant principals to the success of students in the United States. </p>]]></text>
        </item>
      </billSummaries>
    </summaries>
    <recordedVotes />
    <title>A resolution expressing support for the designation of the week of April 8 through April 12, 2019, as "National Assistant Principals Week".</title>
    <sponsors>
      <item>
        <party>D</party>
        <state>DE</state>
        <identifiers>
          <lisID>179</lisID>
          <gpoId>8283</gpoId>
          <bioguideId>C000174</bioguideId>
        </identifiers>
        <middleName>R.</middleName>
        <byRequestType />
        <bioguideId>C000174</bioguideId>
        <firstName>THOMAS</firstName>
        <fullName>Sen. Carper, Thomas R. [D-DE]</fullName>
        <lastName>CARPER</lastName>
      </item>
    </sponsors>
    <cosponsors>
      <item>
        <party>D</party>
        <state>AZ</state>
        <identifiers>
          <lisID>2099</lisID>
          <gpoId />
          <bioguideId>S001191</bioguideId>
        </identifiers>
        <middleName />
        <sponsorshipWithdrawnDate />
        <bioguideId>S001191</bioguideId>
        <isOriginalCosponsor>True</isOriginalCosponsor>
        <firstName>Kyrsten</firstName>
        <fullName>Sen. Sinema, Kyrsten [D-AZ]</fullName>
        <sponsorshipDate>2019-04-09</sponsorshipDate>
        <lastName>Sinema</lastName>
      </item>
      <item>
        <party>I</party>
        <state>VT</state>
        <identifiers>
          <bioguideId>S000033</bioguideId>
          <lisID>1010</lisID>
          <gpoId>8270</gpoId>
        </identifiers>
        <middleName />
        <sponsorshipWithdrawnDate />
        <bioguideId>S000033</bioguideId>
        <isOriginalCosponsor>True</isOriginalCosponsor>
        <firstName>Bernard</firstName>
        <fullName>Sen. Sanders, Bernard [I-VT]</fullName>
        <sponsorshipDate>2019-04-09</sponsorshipDate>
        <lastName>Sanders</lastName>
      </item>
    </cosponsors>
    <billNumber>149</billNumber>
    <congress>116</congress>
    <latestAction>
      <links />
      <actionDate>2019-04-09</actionDate>
      <text>Referred to the Committee on Health, Education, Labor, and Pensions. (text: CR S2332-2333)</text>
    </latestAction>
    <billType>SRES</billType>
    <updateDate>2019-11-15T22:00:42Z</updateDate>
    <createDate>2019-04-10T04:42:10Z</createDate>
    <version>1.0.0</version>
  </bill>
  <dublinCore xmlns:dc="http://purl.org/dc/elements/1.1/">
    <dc:format>text/xml</dc:format>
    <dc:language>EN</dc:language>
    <dc:rights>Pursuant to Title 17 Section 105 of the United States Code, this file is not subject to copyright protection and is in the public domain.</dc:rights>
    <dc:contributor>Congressional Research Service, Library of Congress</dc:contributor>
    <dc:description>This file contains bill summaries and statuses for federal legislation. A bill summary describes the most significant provisions of a piece of legislation and details the effects the legislative text may have on current law and federal programs. Bill summaries are authored by the Congressional Research Service (CRS) of the Library of Congress. As stated in Public Law 91-510 (2 USC 166 (d)(6)), one of the duties of CRS is "to prepare summaries and digests of bills and resolutions of a public general nature introduced in the Senate or House of Representatives". For more information, refer to the User Guide that accompanies this file.</dc:description>
  </dublinCore>
</billStatus>

