<?xml version="1.0" encoding="UTF-8"?>
<billStatus>
  <bill>
    <subjects>
      <billSubjects>
        <policyArea>
          <name>Science, Technology, Communications</name>
        </policyArea>
        <legislativeSubjects>
          <item>
            <name>Biological and life sciences</name>
          </item>
          <item>
            <name>Commemorative events and holidays</name>
          </item>
          <item>
            <name>Congressional tributes</name>
          </item>
          <item>
            <name>Genetics</name>
          </item>
        </legislativeSubjects>
      </billSubjects>
    </subjects>
    <relatedBills>
      <item>
        <latestAction>
          <text>Referred to the House Committee on Science, Space, and Technology.</text>
          <actionDate>2019-02-11</actionDate>
        </latestAction>
        <type>HRES</type>
        <relationshipDetails>
          <item>
            <type>Identical bill</type>
            <identifiedBy>CRS</identifiedBy>
          </item>
        </relationshipDetails>
        <congress>116</congress>
        <number>123</number>
        <latestTitle>Expressing support for designation of February 12, 2019, as "Darwin Day" and recognizing the importance of science in the betterment of humanity.</latestTitle>
      </item>
    </relatedBills>
    <notes />
    <committees>
      <billCommittees>
        <item>
          <type>Standing</type>
          <name>Commerce, Science, and Transportation Committee</name>
          <activities>
            <item>
              <date>2019-02-11T21:18:57Z</date>
              <name>Referred to</name>
            </item>
          </activities>
          <subcommittees />
          <systemCode>sscm00</systemCode>
          <chamber>Senate</chamber>
        </item>
      </billCommittees>
    </committees>
    <summaries>
      <billSummaries>
        <item>
          <text><![CDATA[<p>This resolution supports the designation of Darwin Day. </p> <p>Also, the resolution recognizes Charles Darwin as a worthy symbol on which to celebrate the achievements of reason, science, and the advancement of human knowledge. </p>]]></text>
          <actionDate>2019-02-11</actionDate>
          <actionDesc>Introduced in Senate</actionDesc>
          <name>Introduced in Senate</name>
          <lastSummaryUpdateDate>2019-06-18T15:50:39Z</lastSummaryUpdateDate>
          <versionCode>00</versionCode>
          <updateDate>2019-02-11T05:00:00Z</updateDate>
        </item>
      </billSummaries>
    </summaries>
    <version>1.0.0</version>
    <originChamber>Senate</originChamber>
    <congress>116</congress>
    <latestAction>
      <actionDate>2019-02-11</actionDate>
      <text>Referred to the Committee on Commerce, Science, and Transportation. (text: CR S1168)</text>
      <links />
    </latestAction>
    <actions>
      <actionByCounts>
        <senate>2</senate>
      </actionByCounts>
      <item>
        <actionDate>2019-02-11</actionDate>
        <committee>
          <name>Commerce, Science, and Transportation Committee</name>
          <systemCode>sscm00</systemCode>
        </committee>
        <links>
          <link>
            <url>https://www.congress.gov/congressional-record/volume-165/senate-section/page/S1168</url>
            <name>S1168</name>
          </link>
        </links>
        <sourceSystem>
          <code>0</code>
          <name>Senate</name>
        </sourceSystem>
        <text>Referred to the Committee on Commerce, Science, and Transportation. (text: CR S1168)</text>
        <type>IntroReferral</type>
      </item>
      <item>
        <actionDate>2019-02-11</actionDate>
        <committee />
        <type>IntroReferral</type>
        <actionCode>10000</actionCode>
        <links />
        <sourceSystem>
          <code>9</code>
          <name>Library of Congress</name>
        </sourceSystem>
        <text>Introduced in Senate</text>
      </item>
      <actionTypeCounts>
        <referredToCommittee>1</referredToCommittee>
        <introducedInSenate>1</introducedInSenate>
      </actionTypeCounts>
    </actions>
    <createDate>2019-02-12T05:25:14Z</createDate>
    <titles>
      <item>
        <chamberName />
        <title>A resolution expressing support for the designation of February 12, 2019, as "Darwin Day" and recognizing the importance of science in the betterment of humanity.</title>
        <parentTitleType />
        <titleType>Official Title as Introduced</titleType>
        <chamberCode />
      </item>
      <item>
        <chamberName />
        <title>A resolution expressing support for the designation of February 12, 2019, as "Darwin Day" and recognizing the importance of science in the betterment of humanity.</title>
        <parentTitleType />
        <titleType>Display Title</titleType>
        <chamberCode />
      </item>
    </titles>
    <laws />
    <introducedDate>2019-02-11</introducedDate>
    <calendarNumbers />
    <recordedVotes />
    <textVersions>
      <item>
        <date>2019-02-11T05:00:00Z</date>
        <type>Introduced in Senate</type>
        <formats>
          <item>
            <url>https://www.govinfo.gov/content/pkg/BILLS-116sres63is/xml/BILLS-116sres63is.xml</url>
          </item>
        </formats>
      </item>
    </textVersions>
    <cosponsors>
      <item>
        <firstName>Christopher</firstName>
        <isOriginalCosponsor>True</isOriginalCosponsor>
        <middleName />
        <fullName>Sen. Murphy, Christopher [D-CT]</fullName>
        <lastName>Murphy</lastName>
        <identifiers>
          <bioguideId>M001169</bioguideId>
          <lisID>1837</lisID>
          <gpoId>7870</gpoId>
        </identifiers>
        <sponsorshipWithdrawnDate />
        <state>CT</state>
        <bioguideId>M001169</bioguideId>
        <party>D</party>
        <sponsorshipDate>2019-02-11</sponsorshipDate>
      </item>
      <item>
        <firstName>Sheldon</firstName>
        <isOriginalCosponsor>True</isOriginalCosponsor>
        <middleName />
        <fullName>Sen. Whitehouse, Sheldon [D-RI]</fullName>
        <lastName>Whitehouse</lastName>
        <identifiers>
          <bioguideId>W000802</bioguideId>
          <lisID>1823</lisID>
          <gpoId>8264</gpoId>
        </identifiers>
        <sponsorshipWithdrawnDate />
        <state>RI</state>
        <bioguideId>W000802</bioguideId>
        <party>D</party>
        <sponsorshipDate>2019-02-11</sponsorshipDate>
      </item>
    </cosponsors>
    <amendments />
    <billNumber>63</billNumber>
    <updateDate>2019-11-15T21:55:24Z</updateDate>
    <cboCostEstimates />
    <title>A resolution expressing support for the designation of February 12, 2019, as "Darwin Day" and recognizing the importance of science in the betterment of humanity.</title>
    <committeeReports />
    <policyArea>
      <name>Science, Technology, Communications</name>
    </policyArea>
    <sponsors>
      <item>
        <party>D</party>
        <lastName>Blumenthal</lastName>
        <firstName>Richard</firstName>
        <state>CT</state>
        <fullName>Sen. Blumenthal, Richard [D-CT]</fullName>
        <identifiers>
          <lisID>2076</lisID>
          <gpoId>8332</gpoId>
          <bioguideId>B001277</bioguideId>
        </identifiers>
        <middleName />
        <bioguideId>B001277</bioguideId>
        <byRequestType />
      </item>
    </sponsors>
    <billType>SRES</billType>
  </bill>
  <dublinCore xmlns:dc="http://purl.org/dc/elements/1.1/">
    <dc:format>text/xml</dc:format>
    <dc:language>EN</dc:language>
    <dc:rights>Pursuant to Title 17 Section 105 of the United States Code, this file is not subject to copyright protection and is in the public domain.</dc:rights>
    <dc:contributor>Congressional Research Service, Library of Congress</dc:contributor>
    <dc:description>This file contains bill summaries and statuses for federal legislation. A bill summary describes the most significant provisions of a piece of legislation and details the effects the legislative text may have on current law and federal programs. Bill summaries are authored by the Congressional Research Service (CRS) of the Library of Congress. As stated in Public Law 91-510 (2 USC 166 (d)(6)), one of the duties of CRS is "to prepare summaries and digests of bills and resolutions of a public general nature introduced in the Senate or House of Representatives". For more information, refer to the User Guide that accompanies this file.</dc:description>
  </dublinCore>
</billStatus>

