<?xml version="1.0" encoding="UTF-8"?>
<billStatus>
  <bill>
    <notes />
    <laws />
    <committees>
      <billCommittees>
        <item>
          <activities>
            <item>
              <date>2019-06-13T19:20:05Z</date>
              <name>Referred to</name>
            </item>
          </activities>
          <chamber>Senate</chamber>
          <name>Energy and Natural Resources Committee</name>
          <subcommittees />
          <systemCode>sseg00</systemCode>
          <type>Standing</type>
        </item>
      </billCommittees>
    </committees>
    <titles>
      <item>
        <titleType>Official Title as Introduced</titleType>
        <chamberCode />
        <title>A resolution expressing the sense of the Senate that the Department of the Interior has broken a commitment to the Blackfeet Tribe to defend the cancellation of all leases in the Badger-Two Medicine area and urging the Department of the Interior to work closely with the Blackfeet Tribe to defend the Badger-Two Medicine area from oil and gas development.</title>
        <chamberName />
        <parentTitleType />
      </item>
      <item>
        <titleType>Display Title</titleType>
        <chamberCode />
        <title>A resolution expressing the sense of the Senate that the Department of the Interior has broken a commitment to the Blackfeet Tribe to defend the cancellation of all leases in the Badger-Two Medicine area and urging the Department of the Interior to work closely with the Blackfeet Tribe to defend the Badger-Two Medicine area from oil and gas development.</title>
        <chamberName />
        <parentTitleType />
      </item>
    </titles>
    <relatedBills />
    <textVersions>
      <item>
        <type>Introduced in Senate</type>
        <date>2019-06-13T04:00:00Z</date>
        <formats>
          <item>
            <url>https://www.govinfo.gov/content/pkg/BILLS-116sres250is/xml/BILLS-116sres250is.xml</url>
          </item>
        </formats>
      </item>
    </textVersions>
    <recordedVotes />
    <introducedDate>2019-06-13</introducedDate>
    <updateDate>2019-11-05T13:35:02Z</updateDate>
    <cboCostEstimates />
    <title>A resolution expressing the sense of the Senate that the Department of the Interior has broken a commitment to the Blackfeet Tribe to defend the cancellation of all leases in the Badger-Two Medicine area and urging the Department of the Interior to work closely with the Blackfeet Tribe to defend the Badger-Two Medicine area from oil and gas development.</title>
    <amendments />
    <originChamber>Senate</originChamber>
    <actions>
      <actionTypeCounts>
        <referredToCommittee>1</referredToCommittee>
        <introducedInSenate>1</introducedInSenate>
      </actionTypeCounts>
      <item>
        <actionDate>2019-06-13</actionDate>
        <committee>
          <systemCode>sseg00</systemCode>
          <name>Energy and Natural Resources Committee</name>
        </committee>
        <links>
          <link>
            <url>https://www.congress.gov/congressional-record/volume-165/senate-section/page/S3483</url>
            <name>S3483</name>
          </link>
        </links>
        <sourceSystem>
          <code>0</code>
          <name>Senate</name>
        </sourceSystem>
        <text>Referred to the Committee on Energy and Natural Resources. (text: CR S3483)</text>
        <type>IntroReferral</type>
      </item>
      <item>
        <text>Introduced in Senate</text>
        <committee />
        <links />
        <type>IntroReferral</type>
        <actionCode>10000</actionCode>
        <actionDate>2019-06-13</actionDate>
        <sourceSystem>
          <code>9</code>
          <name>Library of Congress</name>
        </sourceSystem>
      </item>
      <actionByCounts>
        <senate>2</senate>
      </actionByCounts>
    </actions>
    <sponsors>
      <item>
        <fullName>Sen. Tester, Jon [D-MT]</fullName>
        <firstName>Jon</firstName>
        <identifiers>
          <bioguideId>T000464</bioguideId>
          <lisID>1829</lisID>
          <gpoId>8258</gpoId>
        </identifiers>
        <bioguideId>T000464</bioguideId>
        <middleName />
        <lastName>Tester</lastName>
        <party>D</party>
        <byRequestType />
        <state>MT</state>
      </item>
    </sponsors>
    <billType>SRES</billType>
    <createDate>2019-06-14T04:57:13Z</createDate>
    <cosponsors />
    <subjects>
      <billSubjects>
        <legislativeSubjects>
          <item>
            <name>Environmental assessment, monitoring, research</name>
          </item>
          <item>
            <name>Federal-Indian relations</name>
          </item>
          <item>
            <name>Historic sites and heritage areas</name>
          </item>
          <item>
            <name>Indian lands and resources rights</name>
          </item>
          <item>
            <name>Montana</name>
          </item>
          <item>
            <name>Oil and gas</name>
          </item>
        </legislativeSubjects>
        <policyArea>
          <name>Native Americans</name>
        </policyArea>
      </billSubjects>
    </subjects>
    <congress>116</congress>
    <policyArea>
      <name>Native Americans</name>
    </policyArea>
    <summaries>
      <billSummaries />
    </summaries>
    <billNumber>250</billNumber>
    <calendarNumbers />
    <version>1.0.0</version>
    <committeeReports />
    <latestAction>
      <text>Referred to the Committee on Energy and Natural Resources. (text: CR S3483)</text>
      <links />
      <actionDate>2019-06-13</actionDate>
    </latestAction>
  </bill>
  <dublinCore xmlns:dc="http://purl.org/dc/elements/1.1/">
    <dc:format>text/xml</dc:format>
    <dc:language>EN</dc:language>
    <dc:rights>Pursuant to Title 17 Section 105 of the United States Code, this file is not subject to copyright protection and is in the public domain.</dc:rights>
    <dc:contributor>Congressional Research Service, Library of Congress</dc:contributor>
    <dc:description>This file contains bill summaries and statuses for federal legislation. A bill summary describes the most significant provisions of a piece of legislation and details the effects the legislative text may have on current law and federal programs. Bill summaries are authored by the Congressional Research Service (CRS) of the Library of Congress. As stated in Public Law 91-510 (2 USC 166 (d)(6)), one of the duties of CRS is "to prepare summaries and digests of bills and resolutions of a public general nature introduced in the Senate or House of Representatives". For more information, refer to the User Guide that accompanies this file.</dc:description>
  </dublinCore>
</billStatus>

