<?xml version="1.0" encoding="UTF-8"?>
<billStatus>
  <bill>
    <policyArea>
      <name>Congress</name>
    </policyArea>
    <relatedBills>
      <item>
        <type>HRES</type>
        <number>107</number>
        <congress>116</congress>
        <latestAction>
          <actionDate>2019-10-29</actionDate>
          <actionTime>17:39:26</actionTime>
          <text>The title of the measure was amended. Agreed to without objection.</text>
        </latestAction>
        <relationshipDetails>
          <item>
            <type>Related bill</type>
            <identifiedBy>CRS</identifiedBy>
          </item>
        </relationshipDetails>
        <latestTitle>SFC Sean Cooley and SPC Christopher Horton Congressional Gold Star Family Fellowship Program Act</latestTitle>
      </item>
      <item>
        <type>HRES</type>
        <number>82</number>
        <congress>116</congress>
        <latestAction>
          <actionDate>2019-01-28</actionDate>
          <text>Referred to the House Committee on House Administration.</text>
        </latestAction>
        <relationshipDetails>
          <item>
            <type>Related bill</type>
            <identifiedBy>CRS</identifiedBy>
          </item>
        </relationshipDetails>
        <latestTitle>Establishing the Congressional Gold Star Fellowship Program for the placement in offices of Members of the House of Representatives of children, spouses, and siblings of members of the Armed Forces who are hostile casualties or who have died from a training-related injury.</latestTitle>
      </item>
    </relatedBills>
    <introducedDate>2019-03-06</introducedDate>
    <committeeReports />
    <amendments />
    <textVersions>
      <item>
        <formats>
          <item>
            <url>https://www.govinfo.gov/content/pkg/BILLS-116sres98is/xml/BILLS-116sres98is.xml</url>
          </item>
        </formats>
        <date>2019-03-06T05:00:00Z</date>
        <type>Introduced in Senate</type>
      </item>
    </textVersions>
    <cboCostEstimates />
    <subjects>
      <billSubjects>
        <policyArea>
          <name>Congress</name>
        </policyArea>
        <legislativeSubjects>
          <item>
            <name>Congressional officers and employees</name>
          </item>
          <item>
            <name>Congressional operations and organization</name>
          </item>
          <item>
            <name>Members of Congress</name>
          </item>
          <item>
            <name>Military personnel and dependents</name>
          </item>
          <item>
            <name>Senate</name>
          </item>
        </legislativeSubjects>
      </billSubjects>
    </subjects>
    <laws />
    <calendarNumbers />
    <notes />
    <actions>
      <actionByCounts>
        <senate>2</senate>
      </actionByCounts>
      <item>
        <actionDate>2019-03-06</actionDate>
        <committee>
          <name>Rules and Administration Committee</name>
          <systemCode>ssra00</systemCode>
        </committee>
        <links />
        <sourceSystem>
          <code>0</code>
          <name>Senate</name>
        </sourceSystem>
        <text>Referred to the Committee on Rules and Administration.</text>
        <type>IntroReferral</type>
      </item>
      <item>
        <actionDate>2019-03-06</actionDate>
        <committee />
        <type>IntroReferral</type>
        <actionCode>10000</actionCode>
        <links />
        <sourceSystem>
          <code>9</code>
          <name>Library of Congress</name>
        </sourceSystem>
        <text>Introduced in Senate</text>
      </item>
      <actionTypeCounts>
        <referredToCommittee>1</referredToCommittee>
        <introducedInSenate>1</introducedInSenate>
      </actionTypeCounts>
    </actions>
    <originChamber>Senate</originChamber>
    <committees>
      <billCommittees>
        <item>
          <type>Standing</type>
          <subcommittees />
          <systemCode>ssra00</systemCode>
          <name>Rules and Administration Committee</name>
          <chamber>Senate</chamber>
          <activities>
            <item>
              <name>Referred to</name>
              <date>2019-03-06T23:28:02Z</date>
            </item>
          </activities>
        </item>
      </billCommittees>
    </committees>
    <titles>
      <item>
        <titleType>(Extracted from GPO) Short Titles as Introduced</titleType>
        <chamberCode />
        <title>SFC Sean Cooley and SPC Christopher Horton Congressional Gold Star Family Fellowship Program Resolution</title>
        <parentTitleType />
        <chamberName />
      </item>
      <item>
        <titleType>Official Title as Introduced</titleType>
        <chamberCode />
        <title>A resolution establishing the Congressional Gold Star Family Fellowship Program for the placement in offices of Senators of children, spouses, and siblings of members of the Armed Forces who are hostile casualties or who have died from a training-related injury.</title>
        <parentTitleType />
        <chamberName />
      </item>
      <item>
        <titleType>Short Titles as Introduced</titleType>
        <chamberCode />
        <title>SFC Sean Cooley and SPC Christopher Horton Congressional Gold Star Family Fellowship Program Resolution</title>
        <parentTitleType />
        <chamberName />
      </item>
      <item>
        <titleType>Display Title</titleType>
        <chamberCode />
        <title>SFC Sean Cooley and SPC Christopher Horton Congressional Gold Star Family Fellowship Program Resolution</title>
        <parentTitleType />
        <chamberName />
      </item>
    </titles>
    <summaries>
      <billSummaries />
    </summaries>
    <recordedVotes />
    <title>SFC Sean Cooley and SPC Christopher Horton Congressional Gold Star Family Fellowship Program Resolution</title>
    <sponsors>
      <item>
        <party>R</party>
        <state>TN</state>
        <identifiers>
          <bioguideId>B001243</bioguideId>
          <lisID>1748</lisID>
          <gpoId>8154</gpoId>
        </identifiers>
        <middleName />
        <byRequestType />
        <bioguideId>B001243</bioguideId>
        <firstName>Marsha</firstName>
        <fullName>Sen. Blackburn, Marsha [R-TN]</fullName>
        <lastName>Blackburn</lastName>
      </item>
    </sponsors>
    <cosponsors>
      <item>
        <party>D</party>
        <state>MI</state>
        <identifiers>
          <lisID>1929</lisID>
          <gpoId>7994</gpoId>
          <bioguideId>P000595</bioguideId>
        </identifiers>
        <middleName>C.</middleName>
        <sponsorshipWithdrawnDate />
        <bioguideId>P000595</bioguideId>
        <isOriginalCosponsor>False</isOriginalCosponsor>
        <firstName>Gary</firstName>
        <fullName>Sen. Peters, Gary C. [D-MI]</fullName>
        <sponsorshipDate>2019-04-02</sponsorshipDate>
        <lastName>Peters</lastName>
      </item>
      <item>
        <party>D</party>
        <state>AZ</state>
        <identifiers>
          <lisID>2099</lisID>
          <gpoId />
          <bioguideId>S001191</bioguideId>
        </identifiers>
        <middleName />
        <sponsorshipWithdrawnDate />
        <bioguideId>S001191</bioguideId>
        <isOriginalCosponsor>False</isOriginalCosponsor>
        <firstName>Kyrsten</firstName>
        <fullName>Sen. Sinema, Kyrsten [D-AZ]</fullName>
        <sponsorshipDate>2019-04-04</sponsorshipDate>
        <lastName>Sinema</lastName>
      </item>
      <item>
        <party>R</party>
        <state>ND</state>
        <identifiers>
          <lisID>2144</lisID>
          <gpoId />
          <bioguideId>C001096</bioguideId>
        </identifiers>
        <middleName />
        <sponsorshipWithdrawnDate />
        <bioguideId>C001096</bioguideId>
        <isOriginalCosponsor>False</isOriginalCosponsor>
        <firstName>Kevin</firstName>
        <fullName>Sen. Cramer, Kevin [R-ND]</fullName>
        <sponsorshipDate>2019-04-29</sponsorshipDate>
        <lastName>Cramer</lastName>
      </item>
      <item>
        <party>D</party>
        <state>MT</state>
        <identifiers>
          <bioguideId>T000464</bioguideId>
          <lisID>1829</lisID>
          <gpoId>8258</gpoId>
        </identifiers>
        <middleName />
        <sponsorshipWithdrawnDate />
        <bioguideId>T000464</bioguideId>
        <isOriginalCosponsor>False</isOriginalCosponsor>
        <firstName>Jon</firstName>
        <fullName>Sen. Tester, Jon [D-MT]</fullName>
        <sponsorshipDate>2019-04-29</sponsorshipDate>
        <lastName>Tester</lastName>
      </item>
      <item>
        <party>R</party>
        <state>AZ</state>
        <identifiers>
          <bioguideId>M001197</bioguideId>
          <gpoId />
          <lisID>2225</lisID>
        </identifiers>
        <middleName />
        <sponsorshipWithdrawnDate />
        <bioguideId>M001197</bioguideId>
        <isOriginalCosponsor>False</isOriginalCosponsor>
        <firstName>Martha</firstName>
        <fullName>Sen. McSally, Martha [R-AZ]</fullName>
        <sponsorshipDate>2019-05-08</sponsorshipDate>
        <lastName>McSally</lastName>
      </item>
      <item>
        <party>R</party>
        <state>IA</state>
        <identifiers>
          <bioguideId>E000295</bioguideId>
          <lisID>2283</lisID>
          <gpoId />
        </identifiers>
        <middleName />
        <sponsorshipWithdrawnDate />
        <bioguideId>E000295</bioguideId>
        <isOriginalCosponsor>False</isOriginalCosponsor>
        <firstName>Joni</firstName>
        <fullName>Sen. Ernst, Joni  [R-IA]</fullName>
        <sponsorshipDate>2019-07-09</sponsorshipDate>
        <lastName>Ernst</lastName>
      </item>
      <item>
        <party>D</party>
        <state>IL</state>
        <identifiers>
          <lisID>2123</lisID>
          <gpoId />
          <bioguideId>D000622</bioguideId>
        </identifiers>
        <middleName />
        <sponsorshipWithdrawnDate />
        <bioguideId>D000622</bioguideId>
        <isOriginalCosponsor>False</isOriginalCosponsor>
        <firstName>Tammy</firstName>
        <fullName>Sen. Duckworth, Tammy [D-IL]</fullName>
        <sponsorshipDate>2019-09-26</sponsorshipDate>
        <lastName>Duckworth</lastName>
      </item>
      <item>
        <party>D</party>
        <state>MA</state>
        <identifiers>
          <bioguideId>W000817</bioguideId>
          <gpoId />
          <lisID>2182</lisID>
        </identifiers>
        <middleName>A.</middleName>
        <sponsorshipWithdrawnDate />
        <bioguideId>W000817</bioguideId>
        <isOriginalCosponsor>False</isOriginalCosponsor>
        <firstName>Elizabeth</firstName>
        <fullName>Sen. Warren, Elizabeth [D-MA]</fullName>
        <sponsorshipDate>2019-10-15</sponsorshipDate>
        <lastName>Warren</lastName>
      </item>
      <item>
        <party>D</party>
        <state>DE</state>
        <identifiers>
          <lisID>1984</lisID>
          <gpoId>8297</gpoId>
          <bioguideId>C001088</bioguideId>
        </identifiers>
        <middleName>A.</middleName>
        <sponsorshipWithdrawnDate />
        <bioguideId>C001088</bioguideId>
        <isOriginalCosponsor>False</isOriginalCosponsor>
        <firstName>Christopher</firstName>
        <fullName>Sen. Coons, Christopher A. [D-DE]</fullName>
        <sponsorshipDate>2019-11-05</sponsorshipDate>
        <lastName>Coons</lastName>
      </item>
      <item>
        <party>R</party>
        <state>KS</state>
        <identifiers>
          <bioguideId>M000934</bioguideId>
          <lisID>1507</lisID>
          <gpoId>8307</gpoId>
        </identifiers>
        <middleName />
        <sponsorshipWithdrawnDate />
        <bioguideId>M000934</bioguideId>
        <isOriginalCosponsor>False</isOriginalCosponsor>
        <firstName>Jerry</firstName>
        <fullName>Sen. Moran, Jerry [R-KS]</fullName>
        <sponsorshipDate>2019-11-05</sponsorshipDate>
        <lastName>Moran</lastName>
      </item>
      <item>
        <party>R</party>
        <state>TX</state>
        <identifiers>
          <lisID>1692</lisID>
          <gpoId>8295</gpoId>
          <bioguideId>C001056</bioguideId>
        </identifiers>
        <middleName />
        <sponsorshipWithdrawnDate />
        <bioguideId>C001056</bioguideId>
        <isOriginalCosponsor>False</isOriginalCosponsor>
        <firstName>John</firstName>
        <fullName>Sen. Cornyn, John [R-TX]</fullName>
        <sponsorshipDate>2019-11-05</sponsorshipDate>
        <lastName>Cornyn</lastName>
      </item>
      <item>
        <party>R</party>
        <state>SC</state>
        <identifiers>
          <bioguideId>G000359</bioguideId>
          <gpoId>8335</gpoId>
          <lisID>452</lisID>
        </identifiers>
        <middleName>O.</middleName>
        <sponsorshipWithdrawnDate />
        <bioguideId>G000359</bioguideId>
        <isOriginalCosponsor>False</isOriginalCosponsor>
        <firstName>LINDSEY</firstName>
        <fullName>Sen. Graham, Lindsey [R-SC]</fullName>
        <sponsorshipDate>2019-11-06</sponsorshipDate>
        <lastName>GRAHAM</lastName>
      </item>
      <item>
        <party>D</party>
        <state>CA</state>
        <identifiers>
          <lisID>1332</lisID>
          <gpoId>8338</gpoId>
          <bioguideId>F000062</bioguideId>
        </identifiers>
        <middleName />
        <sponsorshipWithdrawnDate />
        <bioguideId>F000062</bioguideId>
        <isOriginalCosponsor>False</isOriginalCosponsor>
        <firstName>DIANNE</firstName>
        <fullName>Sen. Feinstein, Dianne [D-CA]</fullName>
        <sponsorshipDate>2019-11-06</sponsorshipDate>
        <lastName>FEINSTEIN</lastName>
      </item>
      <item>
        <party>R</party>
        <state>IN</state>
        <identifiers>
          <lisID>2462</lisID>
          <gpoId />
          <bioguideId>B001310</bioguideId>
        </identifiers>
        <middleName />
        <sponsorshipWithdrawnDate />
        <bioguideId>B001310</bioguideId>
        <isOriginalCosponsor>False</isOriginalCosponsor>
        <firstName>Mike</firstName>
        <fullName>Sen. Braun, Mike  [R-IN]</fullName>
        <sponsorshipDate>2019-11-07</sponsorshipDate>
        <lastName>Braun</lastName>
      </item>
      <item>
        <party>R</party>
        <state>MS</state>
        <identifiers>
          <lisID>1226</lisID>
          <gpoId>8263</gpoId>
          <bioguideId>W000437</bioguideId>
        </identifiers>
        <middleName>F.</middleName>
        <sponsorshipWithdrawnDate />
        <bioguideId>W000437</bioguideId>
        <isOriginalCosponsor>False</isOriginalCosponsor>
        <firstName>ROGER</firstName>
        <fullName>Sen. Wicker, Roger F. [R-MS]</fullName>
        <sponsorshipDate>2019-11-07</sponsorshipDate>
        <lastName>WICKER</lastName>
      </item>
      <item>
        <party>I</party>
        <state>ME</state>
        <identifiers>
          <lisID>2185</lisID>
          <gpoId />
          <bioguideId>K000383</bioguideId>
        </identifiers>
        <middleName />
        <sponsorshipWithdrawnDate />
        <bioguideId>K000383</bioguideId>
        <isOriginalCosponsor>False</isOriginalCosponsor>
        <firstName>Angus</firstName>
        <fullName>Sen. King, Angus S., Jr. [I-ME]</fullName>
        <sponsorshipDate>2019-11-07</sponsorshipDate>
        <lastName>King</lastName>
      </item>
      <item>
        <party>D</party>
        <state>AL</state>
        <identifiers>
          <bioguideId>J000300</bioguideId>
          <gpoId />
          <lisID>2364</lisID>
        </identifiers>
        <middleName />
        <sponsorshipWithdrawnDate />
        <bioguideId>J000300</bioguideId>
        <isOriginalCosponsor>False</isOriginalCosponsor>
        <firstName>Doug</firstName>
        <fullName>Sen. Jones, Doug  [D-AL]</fullName>
        <sponsorshipDate>2019-11-12</sponsorshipDate>
        <lastName>Jones</lastName>
      </item>
      <item>
        <party>R</party>
        <state>NC</state>
        <identifiers>
          <bioguideId>T000476</bioguideId>
          <gpoId />
          <lisID>2291</lisID>
        </identifiers>
        <middleName>Roland</middleName>
        <sponsorshipWithdrawnDate />
        <bioguideId>T000476</bioguideId>
        <isOriginalCosponsor>False</isOriginalCosponsor>
        <firstName>Thomas</firstName>
        <fullName>Sen. Tillis, Thom [R-NC]</fullName>
        <sponsorshipDate>2019-11-14</sponsorshipDate>
        <lastName>Tillis</lastName>
      </item>
      <item>
        <party>R</party>
        <state>CO</state>
        <identifiers>
          <lisID>1998</lisID>
          <gpoId>7862</gpoId>
          <bioguideId>G000562</bioguideId>
        </identifiers>
        <middleName />
        <sponsorshipWithdrawnDate />
        <bioguideId>G000562</bioguideId>
        <isOriginalCosponsor>False</isOriginalCosponsor>
        <firstName>Cory</firstName>
        <fullName>Sen. Gardner, Cory [R-CO]</fullName>
        <sponsorshipDate>2019-11-14</sponsorshipDate>
        <lastName>Gardner</lastName>
      </item>
      <item>
        <party>R</party>
        <state>FL</state>
        <identifiers>
          <lisID>2084</lisID>
          <gpoId>8242</gpoId>
          <bioguideId>R000595</bioguideId>
        </identifiers>
        <middleName />
        <sponsorshipWithdrawnDate />
        <bioguideId>R000595</bioguideId>
        <isOriginalCosponsor>False</isOriginalCosponsor>
        <firstName>Marco</firstName>
        <fullName>Sen. Rubio, Marco [R-FL]</fullName>
        <sponsorshipDate>2019-11-14</sponsorshipDate>
        <lastName>Rubio</lastName>
      </item>
      <item>
        <party>D</party>
        <state>NY</state>
        <identifiers>
          <lisID>1866</lisID>
          <gpoId>8336</gpoId>
          <bioguideId>G000555</bioguideId>
        </identifiers>
        <middleName>E.</middleName>
        <sponsorshipWithdrawnDate />
        <bioguideId>G000555</bioguideId>
        <isOriginalCosponsor>False</isOriginalCosponsor>
        <firstName>Kirsten</firstName>
        <fullName>Sen. Gillibrand, Kirsten E. [D-NY]</fullName>
        <sponsorshipDate>2019-11-18</sponsorshipDate>
        <lastName>Gillibrand</lastName>
      </item>
      <item>
        <party>D</party>
        <state>CT</state>
        <identifiers>
          <lisID>2076</lisID>
          <gpoId>8332</gpoId>
          <bioguideId>B001277</bioguideId>
        </identifiers>
        <middleName />
        <sponsorshipWithdrawnDate />
        <bioguideId>B001277</bioguideId>
        <isOriginalCosponsor>False</isOriginalCosponsor>
        <firstName>Richard</firstName>
        <fullName>Sen. Blumenthal, Richard [D-CT]</fullName>
        <sponsorshipDate>2019-11-19</sponsorshipDate>
        <lastName>Blumenthal</lastName>
      </item>
      <item>
        <party>R</party>
        <state>FL</state>
        <identifiers>
          <lisID>2470</lisID>
          <gpoId />
          <bioguideId>S001217</bioguideId>
        </identifiers>
        <middleName />
        <sponsorshipWithdrawnDate />
        <bioguideId>S001217</bioguideId>
        <isOriginalCosponsor>False</isOriginalCosponsor>
        <firstName>Rick</firstName>
        <fullName>Sen. Scott, Rick  [R-FL]</fullName>
        <sponsorshipDate>2019-11-20</sponsorshipDate>
        <lastName>Scott</lastName>
      </item>
    </cosponsors>
    <billNumber>98</billNumber>
    <congress>116</congress>
    <latestAction>
      <links />
      <actionDate>2019-03-06</actionDate>
      <text>Referred to the Committee on Rules and Administration.</text>
    </latestAction>
    <billType>SRES</billType>
    <updateDate>2019-11-21T11:05:03Z</updateDate>
    <createDate>2019-03-07T05:42:06Z</createDate>
    <version>1.0.0</version>
  </bill>
  <dublinCore xmlns:dc="http://purl.org/dc/elements/1.1/">
    <dc:format>text/xml</dc:format>
    <dc:language>EN</dc:language>
    <dc:rights>Pursuant to Title 17 Section 105 of the United States Code, this file is not subject to copyright protection and is in the public domain.</dc:rights>
    <dc:contributor>Congressional Research Service, Library of Congress</dc:contributor>
    <dc:description>This file contains bill summaries and statuses for federal legislation. A bill summary describes the most significant provisions of a piece of legislation and details the effects the legislative text may have on current law and federal programs. Bill summaries are authored by the Congressional Research Service (CRS) of the Library of Congress. As stated in Public Law 91-510 (2 USC 166 (d)(6)), one of the duties of CRS is "to prepare summaries and digests of bills and resolutions of a public general nature introduced in the Senate or House of Representatives". For more information, refer to the User Guide that accompanies this file.</dc:description>
  </dublinCore>
</billStatus>

