<?xml version="1.0" encoding="UTF-8"?>
<billStatus>
  <bill>
    <subjects>
      <billSubjects>
        <legislativeSubjects>
          <item>
            <name>Congressional oversight</name>
          </item>
          <item>
            <name>Congressional tributes</name>
          </item>
          <item>
            <name>Crime victims</name>
          </item>
          <item>
            <name>Criminal investigation, prosecution, interrogation</name>
          </item>
          <item>
            <name>Diplomacy, foreign officials, Americans abroad</name>
          </item>
          <item>
            <name>Foreign property</name>
          </item>
          <item>
            <name>Government ethics and transparency, public corruption</name>
          </item>
          <item>
            <name>Government studies and investigations</name>
          </item>
          <item>
            <name>Human rights</name>
          </item>
          <item>
            <name>International organizations and cooperation</name>
          </item>
          <item>
            <name>Protest and dissent</name>
          </item>
          <item>
            <name>Rule of law and government transparency</name>
          </item>
          <item>
            <name>Russia</name>
          </item>
          <item>
            <name>Sanctions</name>
          </item>
          <item>
            <name>Sovereignty, recognition, national governance and status</name>
          </item>
          <item>
            <name>Violent crime</name>
          </item>
          <item>
            <name>Visas and passports</name>
          </item>
        </legislativeSubjects>
        <policyArea>
          <name>International Affairs</name>
        </policyArea>
      </billSubjects>
    </subjects>
    <relatedBills>
      <item>
        <number>156</number>
        <congress>116</congress>
        <type>HRES</type>
        <latestAction>
          <actionTime>14:23:42</actionTime>
          <actionDate>2019-03-12</actionDate>
          <text>Motion to reconsider laid on the table Agreed to without objection.</text>
        </latestAction>
        <latestTitle>Calling for accountability and justice for the assassination of Boris Nemtsov.</latestTitle>
        <relationshipDetails>
          <item>
            <type>Related bill</type>
            <identifiedBy>CRS</identifiedBy>
          </item>
        </relationshipDetails>
      </item>
    </relatedBills>
    <notes />
    <committees>
      <billCommittees>
        <item>
          <subcommittees />
          <type>Standing</type>
          <systemCode>ssfr00</systemCode>
          <chamber>Senate</chamber>
          <name>Foreign Relations Committee</name>
          <activities>
            <item>
              <date>2019-06-03T23:09:46Z</date>
              <name>Reported by</name>
            </item>
            <item>
              <date>2019-05-22T17:45:04Z</date>
              <name>Markup by</name>
            </item>
            <item>
              <date>2019-02-27T19:46:48Z</date>
              <name>Referred to</name>
            </item>
          </activities>
        </item>
      </billCommittees>
    </committees>
    <summaries>
      <billSummaries>
        <item>
          <versionCode>00</versionCode>
          <actionDesc>Introduced in Senate</actionDesc>
          <updateDate>2019-02-27T05:00:00Z</updateDate>
          <name>Introduced in Senate</name>
          <lastSummaryUpdateDate>2019-04-01T18:56:06Z</lastSummaryUpdateDate>
          <actionDate>2019-02-27</actionDate>
          <text><![CDATA[<p>This resolution commemorates the life of Russian opposition leader Boris Nemtsov and his work promoting democracy and human rights, and condemns Russian President Vladimir Putin and his regime for targeting political opponents and attempting to cover up Nemtsov's assassination. It also calls on the Department of State to impose sanctions on those involved and to report to Congress on the assassination.</p>]]></text>
        </item>
        <item>
          <versionCode>25</versionCode>
          <actionDesc>Reported to Senate</actionDesc>
          <updateDate>2019-06-03T13:36:47Z</updateDate>
          <name>Reported to Senate</name>
          <lastSummaryUpdateDate>2019-06-24T20:00:06Z</lastSummaryUpdateDate>
          <actionDate>2019-06-03</actionDate>
          <text><![CDATA[<p>This resolution commemorates the life of Russian opposition leader Boris Nemtsov and his work promoting democracy and human rights, and condemns Russian President Vladimir Putin and his regime for targeting political opponents and attempting to cover up Nemtsov's assassination. It also calls on the Department of State to (1) impose sanctions on those involved; (2) report to Congress on the assassination; and (3) investigate whether Ramzan Kadyrov, the Russia-backed head of the Chechen Republic, has violated previously imposed U.S. sanctions.</p>]]></text>
        </item>
      </billSummaries>
    </summaries>
    <version>1.0.0</version>
    <originChamber>Senate</originChamber>
    <congress>116</congress>
    <latestAction>
      <actionDate>2019-06-10</actionDate>
      <text>Resolution agreed to in Senate with an amendment and an amended preamble by Unanimous Consent. (consideration: CR S3294-3296; text: CR S3295-3296)</text>
      <links />
    </latestAction>
    <actions>
      <actionByCounts>
        <senate>8</senate>
      </actionByCounts>
      <item>
        <actionDate>2019-06-10</actionDate>
        <committee />
        <links>
          <link>
            <name>S3294-3296</name>
            <url>https://www.congress.gov/congressional-record/volume-165/senate-section/page/S3294-3296</url>
          </link>
          <link>
            <name>S3295-3296</name>
            <url>https://www.congress.gov/congressional-record/volume-165/senate-section/page/S3295-3296</url>
          </link>
        </links>
        <sourceSystem>
          <name>Senate</name>
          <code>0</code>
        </sourceSystem>
        <text>Resolution agreed to in Senate with an amendment and an amended preamble by Unanimous Consent. (consideration: CR S3294-3296; text: CR S3295-3296)</text>
        <type>Floor</type>
      </item>
      <item>
        <committee />
        <type>Floor</type>
        <actionDate>2019-06-10</actionDate>
        <actionCode>17000</actionCode>
        <text>Passed/agreed to in Senate: Resolution agreed to in Senate with an amendment and an amended preamble by Unanimous Consent.(consideration: CR S3294-3296; text: CR S3295-3296)</text>
        <links>
          <link>
            <name>S3294-3296</name>
            <url>https://www.congress.gov/congressional-record/volume-165/senate-section/page/S3294-3296</url>
          </link>
          <link>
            <name>S3295-3296</name>
            <url>https://www.congress.gov/congressional-record/volume-165/senate-section/page/S3295-3296</url>
          </link>
        </links>
        <sourceSystem>
          <name>Library of Congress</name>
          <code>9</code>
        </sourceSystem>
      </item>
      <item>
        <actionDate>2019-06-03</actionDate>
        <committee />
        <links />
        <sourceSystem>
          <name>Senate</name>
          <code>0</code>
        </sourceSystem>
        <text>Placed on Senate Legislative Calendar under General Orders. Calendar No. 104.</text>
        <type>Calendars</type>
      </item>
      <item>
        <actionDate>2019-06-03</actionDate>
        <committee>
          <systemCode>ssfr00</systemCode>
          <name>Foreign Relations Committee</name>
        </committee>
        <links />
        <sourceSystem>
          <name>Senate</name>
          <code>0</code>
        </sourceSystem>
        <text>Committee on Foreign Relations. Reported by Senator Risch with an amendment in the nature of a substitute and with an amended preamble. Without written report.</text>
        <type>Committee</type>
      </item>
      <item>
        <committee>
          <systemCode>ssfr00</systemCode>
          <name>Foreign Relations Committee</name>
        </committee>
        <text>Committee on Foreign Relations. Reported by Senator Risch with an amendment in the nature of a substitute and with an amended preamble. Without written report.</text>
        <actionDate>2019-06-03</actionDate>
        <actionCode>14000</actionCode>
        <type>Committee</type>
        <links />
        <sourceSystem>
          <name>Library of Congress</name>
          <code>9</code>
        </sourceSystem>
      </item>
      <item>
        <actionDate>2019-05-22</actionDate>
        <committee>
          <systemCode>ssfr00</systemCode>
          <name>Foreign Relations Committee</name>
        </committee>
        <links />
        <sourceSystem>
          <name>Senate</name>
          <code>0</code>
        </sourceSystem>
        <text>Committee on Foreign Relations. Ordered to be reported with amendments favorably.</text>
        <type>Committee</type>
      </item>
      <item>
        <actionDate>2019-02-27</actionDate>
        <committee>
          <systemCode>ssfr00</systemCode>
          <name>Foreign Relations Committee</name>
        </committee>
        <links>
          <link>
            <name>S1543-1544</name>
            <url>https://www.congress.gov/congressional-record/volume-165/senate-section/page/S1543-1544</url>
          </link>
        </links>
        <sourceSystem>
          <name>Senate</name>
          <code>0</code>
        </sourceSystem>
        <text>Referred to the Committee on Foreign Relations. (text: CR S1543-1544)</text>
        <type>IntroReferral</type>
      </item>
      <item>
        <committee />
        <type>IntroReferral</type>
        <actionDate>2019-02-27</actionDate>
        <actionCode>10000</actionCode>
        <text>Introduced in Senate</text>
        <links />
        <sourceSystem>
          <name>Library of Congress</name>
          <code>9</code>
        </sourceSystem>
      </item>
      <actionTypeCounts>
        <agreedToInSenate>1</agreedToInSenate>
        <passedAgreedToInSenate>1</passedAgreedToInSenate>
        <reportedToSenate>2</reportedToSenate>
        <referredToCommittee>1</referredToCommittee>
        <placedOnCalendarGeneralOrders>1</placedOnCalendarGeneralOrders>
        <orderedReported>1</orderedReported>
        <introducedInSenate>1</introducedInSenate>
      </actionTypeCounts>
    </actions>
    <createDate>2019-02-28T05:40:09Z</createDate>
    <titles>
      <item>
        <title>A resolution calling for accountability and justice for the assassination of Boris Nemtsov.</title>
        <parentTitleType />
        <titleType>Official Title as Introduced</titleType>
        <chamberName />
        <chamberCode />
      </item>
      <item>
        <title>A resolution calling for accountability and justice for the assassination of Boris Nemtsov.</title>
        <parentTitleType />
        <titleType>Display Title</titleType>
        <chamberName />
        <chamberCode />
      </item>
    </titles>
    <laws />
    <introducedDate>2019-02-27</introducedDate>
    <calendarNumbers>
      <item>
        <calendar>Senate Calendar of Business</calendar>
        <number>0104</number>
      </item>
    </calendarNumbers>
    <recordedVotes />
    <textVersions>
      <item>
        <type>Agreed to Senate</type>
        <formats>
          <item>
            <url>https://www.govinfo.gov/content/pkg/BILLS-116sres81ats/xml/BILLS-116sres81ats.xml</url>
          </item>
        </formats>
        <date>2019-06-10T04:00:00Z</date>
      </item>
      <item>
        <type>Reported to Senate</type>
        <formats>
          <item>
            <url>https://www.govinfo.gov/content/pkg/BILLS-116sres81rs/xml/BILLS-116sres81rs.xml</url>
          </item>
        </formats>
        <date>2019-06-03T04:00:00Z</date>
      </item>
      <item>
        <type>Introduced in Senate</type>
        <formats>
          <item>
            <url>https://www.govinfo.gov/content/pkg/BILLS-116sres81is/xml/BILLS-116sres81is.xml</url>
          </item>
        </formats>
        <date>2019-02-27T05:00:00Z</date>
      </item>
    </textVersions>
    <cosponsors>
      <item>
        <firstName>Christopher</firstName>
        <middleName>A.</middleName>
        <isOriginalCosponsor>True</isOriginalCosponsor>
        <state>DE</state>
        <bioguideId>C001088</bioguideId>
        <identifiers>
          <lisID>1984</lisID>
          <gpoId>8297</gpoId>
          <bioguideId>C001088</bioguideId>
        </identifiers>
        <sponsorshipWithdrawnDate />
        <sponsorshipDate>2019-02-27</sponsorshipDate>
        <fullName>Sen. Coons, Christopher A. [D-DE]</fullName>
        <party>D</party>
        <lastName>Coons</lastName>
      </item>
      <item>
        <firstName>ROGER</firstName>
        <middleName>F.</middleName>
        <isOriginalCosponsor>True</isOriginalCosponsor>
        <state>MS</state>
        <bioguideId>W000437</bioguideId>
        <identifiers>
          <bioguideId>W000437</bioguideId>
          <gpoId>8263</gpoId>
          <lisID>1226</lisID>
        </identifiers>
        <sponsorshipWithdrawnDate />
        <sponsorshipDate>2019-02-27</sponsorshipDate>
        <fullName>Sen. Wicker, Roger F. [R-MS]</fullName>
        <party>R</party>
        <lastName>WICKER</lastName>
      </item>
      <item>
        <firstName>RICHARD</firstName>
        <middleName>J.</middleName>
        <isOriginalCosponsor>True</isOriginalCosponsor>
        <state>IL</state>
        <bioguideId>D000563</bioguideId>
        <identifiers>
          <bioguideId>D000563</bioguideId>
          <gpoId>8326</gpoId>
          <lisID>326</lisID>
        </identifiers>
        <sponsorshipWithdrawnDate />
        <sponsorshipDate>2019-02-27</sponsorshipDate>
        <fullName>Sen. Durbin, Richard J. [D-IL]</fullName>
        <party>D</party>
        <lastName>DURBIN</lastName>
      </item>
      <item>
        <firstName>Ron</firstName>
        <middleName />
        <isOriginalCosponsor>True</isOriginalCosponsor>
        <state>WI</state>
        <bioguideId>J000293</bioguideId>
        <identifiers>
          <lisID>2086</lisID>
          <gpoId>8355</gpoId>
          <bioguideId>J000293</bioguideId>
        </identifiers>
        <sponsorshipWithdrawnDate />
        <sponsorshipDate>2019-02-27</sponsorshipDate>
        <fullName>Sen. Johnson, Ron [R-WI]</fullName>
        <party>R</party>
        <lastName>Johnson</lastName>
      </item>
      <item>
        <firstName>Cory</firstName>
        <middleName />
        <isOriginalCosponsor>True</isOriginalCosponsor>
        <state>CO</state>
        <bioguideId>G000562</bioguideId>
        <identifiers>
          <bioguideId>G000562</bioguideId>
          <gpoId>7862</gpoId>
          <lisID>1998</lisID>
        </identifiers>
        <sponsorshipWithdrawnDate />
        <sponsorshipDate>2019-02-27</sponsorshipDate>
        <fullName>Sen. Gardner, Cory [R-CO]</fullName>
        <party>R</party>
        <lastName>Gardner</lastName>
      </item>
      <item>
        <firstName>BENJAMIN</firstName>
        <middleName>L.</middleName>
        <isOriginalCosponsor>False</isOriginalCosponsor>
        <state>MD</state>
        <bioguideId>C000141</bioguideId>
        <identifiers>
          <bioguideId>C000141</bioguideId>
          <gpoId>8287</gpoId>
          <lisID>174</lisID>
        </identifiers>
        <sponsorshipWithdrawnDate />
        <sponsorshipDate>2019-05-21</sponsorshipDate>
        <fullName>Sen. Cardin, Benjamin L. [D-MD]</fullName>
        <party>D</party>
        <lastName>CARDIN</lastName>
      </item>
    </cosponsors>
    <amendments />
    <billNumber>81</billNumber>
    <updateDate>2019-11-15T21:56:30Z</updateDate>
    <cboCostEstimates />
    <title>A resolution calling for accountability and justice for the assassination of Boris Nemtsov.</title>
    <committeeReports />
    <policyArea>
      <name>International Affairs</name>
    </policyArea>
    <sponsors>
      <item>
        <party>R</party>
        <lastName>Rubio</lastName>
        <firstName>Marco</firstName>
        <state>FL</state>
        <fullName>Sen. Rubio, Marco [R-FL]</fullName>
        <identifiers>
          <lisID>2084</lisID>
          <gpoId>8242</gpoId>
          <bioguideId>R000595</bioguideId>
        </identifiers>
        <middleName />
        <bioguideId>R000595</bioguideId>
        <byRequestType />
      </item>
    </sponsors>
    <billType>SRES</billType>
  </bill>
  <dublinCore xmlns:dc="http://purl.org/dc/elements/1.1/">
    <dc:format>text/xml</dc:format>
    <dc:language>EN</dc:language>
    <dc:rights>Pursuant to Title 17 Section 105 of the United States Code, this file is not subject to copyright protection and is in the public domain.</dc:rights>
    <dc:contributor>Congressional Research Service, Library of Congress</dc:contributor>
    <dc:description>This file contains bill summaries and statuses for federal legislation. A bill summary describes the most significant provisions of a piece of legislation and details the effects the legislative text may have on current law and federal programs. Bill summaries are authored by the Congressional Research Service (CRS) of the Library of Congress. As stated in Public Law 91-510 (2 USC 166 (d)(6)), one of the duties of CRS is "to prepare summaries and digests of bills and resolutions of a public general nature introduced in the Senate or House of Representatives". For more information, refer to the User Guide that accompanies this file.</dc:description>
  </dublinCore>
</billStatus>

