<?xml version="1.0" encoding="UTF-8"?>
<billStatus>
  <bill>
    <version>1.0.0</version>
    <titles>
      <item>
        <chamberName />
        <titleType>Official Title as Introduced</titleType>
        <parentTitleType />
        <chamberCode />
        <title>A resolution expressing support for the designation of the week of September 11 through September 17 as "Patriot Week".</title>
      </item>
      <item>
        <chamberName />
        <titleType>Display Title</titleType>
        <parentTitleType />
        <chamberCode />
        <title>A resolution expressing support for the designation of the week of September 11 through September 17 as "Patriot Week".</title>
      </item>
    </titles>
    <recordedVotes />
    <originChamber>Senate</originChamber>
    <laws />
    <createDate>2019-09-13T04:27:13Z</createDate>
    <notes />
    <summaries>
      <billSummaries />
    </summaries>
    <policyArea>
      <name>Government Operations and Politics</name>
    </policyArea>
    <updateDate>2019-10-30T16:41:29Z</updateDate>
    <committeeReports />
    <textVersions>
      <item>
        <type>Agreed to Senate</type>
        <date>2019-09-12T04:00:00Z</date>
        <formats>
          <item>
            <url>https://www.govinfo.gov/content/pkg/BILLS-116sres311ats/xml/BILLS-116sres311ats.xml</url>
          </item>
        </formats>
      </item>
    </textVersions>
    <sponsors>
      <item>
        <party>D</party>
        <middleName>C.</middleName>
        <firstName>Gary</firstName>
        <fullName>Sen. Peters, Gary C. [D-MI]</fullName>
        <state>MI</state>
        <byRequestType />
        <identifiers>
          <gpoId>7994</gpoId>
          <bioguideId>P000595</bioguideId>
          <lisID>1929</lisID>
        </identifiers>
        <lastName>Peters</lastName>
        <bioguideId>P000595</bioguideId>
      </item>
    </sponsors>
    <calendarNumbers />
    <cosponsors>
      <item>
        <firstName>John</firstName>
        <middleName>Neely</middleName>
        <sponsorshipDate>2019-09-12</sponsorshipDate>
        <lastName>Kennedy</lastName>
        <state>LA</state>
        <fullName>Sen. Kennedy, John [R-LA]</fullName>
        <party>R</party>
        <sponsorshipWithdrawnDate />
        <isOriginalCosponsor>True</isOriginalCosponsor>
        <bioguideId>K000393</bioguideId>
        <identifiers>
          <gpoId />
          <bioguideId>K000393</bioguideId>
          <lisID>2303</lisID>
        </identifiers>
      </item>
    </cosponsors>
    <congress>116</congress>
    <subjects>
      <billSubjects>
        <legislativeSubjects />
        <policyArea>
          <name>Government Operations and Politics</name>
        </policyArea>
      </billSubjects>
    </subjects>
    <latestAction>
      <text>Submitted in the Senate, considered, and agreed to without amendment and with a preamble by Unanimous Consent. (consideration: CR S5482; text: CR S5477)</text>
      <links />
      <actionDate>2019-09-12</actionDate>
    </latestAction>
    <billType>SRES</billType>
    <billNumber>311</billNumber>
    <cboCostEstimates />
    <relatedBills>
      <item>
        <latestAction>
          <text>Referred to the House Committee on Oversight and Reform.</text>
          <actionDate>2019-09-11</actionDate>
        </latestAction>
        <type>HCONRES</type>
        <relationshipDetails>
          <item>
            <identifiedBy>CRS</identifiedBy>
            <type>Related bill</type>
          </item>
        </relationshipDetails>
        <latestTitle>Supporting the designation of the week of September 11 to September 17 as "Patriot Week".</latestTitle>
        <number>61</number>
        <congress>116</congress>
      </item>
    </relatedBills>
    <committees>
      <billCommittees />
    </committees>
    <actions>
      <item>
        <actionDate>2019-09-12</actionDate>
        <committee />
        <links>
          <link>
            <name>S5477</name>
            <url>https://www.congress.gov/congressional-record/volume-165/senate-section/page/S5477</url>
          </link>
          <link>
            <name>S5482</name>
            <url>https://www.congress.gov/congressional-record/volume-165/senate-section/page/S5482</url>
          </link>
        </links>
        <sourceSystem>
          <name>Senate</name>
          <code>0</code>
        </sourceSystem>
        <text>Submitted in the Senate, considered, and agreed to without amendment and with a preamble by Unanimous Consent. (consideration: CR S5482; text: CR S5477)</text>
        <type>Floor</type>
      </item>
      <item>
        <actionCode>17000</actionCode>
        <committee />
        <sourceSystem>
          <name>Library of Congress</name>
          <code>9</code>
        </sourceSystem>
        <actionDate>2019-09-12</actionDate>
        <type>Floor</type>
        <links>
          <link>
            <name>S5477</name>
            <url>https://www.congress.gov/congressional-record/volume-165/senate-section/page/S5477</url>
          </link>
          <link>
            <name>S5482</name>
            <url>https://www.congress.gov/congressional-record/volume-165/senate-section/page/S5482</url>
          </link>
        </links>
        <text>Passed/agreed to in Senate: Submitted in the Senate, considered, and agreed to without amendment and with a preamble by Unanimous Consent.(consideration: CR S5482; text: CR S5477)</text>
      </item>
      <item>
        <actionCode>10000</actionCode>
        <committee />
        <sourceSystem>
          <name>Library of Congress</name>
          <code>9</code>
        </sourceSystem>
        <actionDate>2019-09-12</actionDate>
        <type>IntroReferral</type>
        <links />
        <text>Introduced in Senate</text>
      </item>
      <actionByCounts>
        <senate>3</senate>
      </actionByCounts>
      <actionTypeCounts>
        <passedOrAgreedToInSenateDayOf>1</passedOrAgreedToInSenateDayOf>
        <introducedInSenate>1</introducedInSenate>
        <passedAgreedToInSenate>1</passedAgreedToInSenate>
      </actionTypeCounts>
    </actions>
    <title>A resolution expressing support for the designation of the week of September 11 through September 17 as "Patriot Week".</title>
    <introducedDate>2019-09-12</introducedDate>
    <amendments />
  </bill>
  <dublinCore xmlns:dc="http://purl.org/dc/elements/1.1/">
    <dc:format>text/xml</dc:format>
    <dc:language>EN</dc:language>
    <dc:rights>Pursuant to Title 17 Section 105 of the United States Code, this file is not subject to copyright protection and is in the public domain.</dc:rights>
    <dc:contributor>Congressional Research Service, Library of Congress</dc:contributor>
    <dc:description>This file contains bill summaries and statuses for federal legislation. A bill summary describes the most significant provisions of a piece of legislation and details the effects the legislative text may have on current law and federal programs. Bill summaries are authored by the Congressional Research Service (CRS) of the Library of Congress. As stated in Public Law 91-510 (2 USC 166 (d)(6)), one of the duties of CRS is "to prepare summaries and digests of bills and resolutions of a public general nature introduced in the Senate or House of Representatives". For more information, refer to the User Guide that accompanies this file.</dc:description>
  </dublinCore>
</billStatus>

