<?xml version="1.0" encoding="UTF-8"?>
<billStatus>
  <bill>
    <billType>SRES</billType>
    <notes />
    <congress>116</congress>
    <introducedDate>2019-09-25</introducedDate>
    <cosponsors>
      <item>
        <sponsorshipDate>2019-09-25</sponsorshipDate>
        <bioguideId>C001035</bioguideId>
        <fullName>Sen. Collins, Susan M. [R-ME]</fullName>
        <party>R</party>
        <state>ME</state>
        <middleName>MARGARET</middleName>
        <identifiers>
          <bioguideId>C001035</bioguideId>
          <gpoId>8291</gpoId>
          <lisID>1541</lisID>
        </identifiers>
        <isOriginalCosponsor>True</isOriginalCosponsor>
        <sponsorshipWithdrawnDate />
        <lastName>COLLINS</lastName>
        <firstName>SUSAN</firstName>
      </item>
      <item>
        <sponsorshipDate>2019-09-25</sponsorshipDate>
        <bioguideId>T000464</bioguideId>
        <fullName>Sen. Tester, Jon [D-MT]</fullName>
        <party>D</party>
        <state>MT</state>
        <middleName />
        <identifiers>
          <bioguideId>T000464</bioguideId>
          <lisID>1829</lisID>
          <gpoId>8258</gpoId>
        </identifiers>
        <isOriginalCosponsor>True</isOriginalCosponsor>
        <sponsorshipWithdrawnDate />
        <lastName>Tester</lastName>
        <firstName>Jon</firstName>
      </item>
      <item>
        <sponsorshipDate>2019-09-25</sponsorshipDate>
        <bioguideId>C000880</bioguideId>
        <fullName>Sen. Crapo, Mike [R-ID]</fullName>
        <party>R</party>
        <state>ID</state>
        <middleName>D.</middleName>
        <identifiers>
          <bioguideId>C000880</bioguideId>
          <lisID>250</lisID>
          <gpoId>8289</gpoId>
        </identifiers>
        <isOriginalCosponsor>True</isOriginalCosponsor>
        <sponsorshipWithdrawnDate />
        <lastName>CRAPO</lastName>
        <firstName>MICHAEL</firstName>
      </item>
      <item>
        <sponsorshipDate>2019-09-25</sponsorshipDate>
        <bioguideId>M000133</bioguideId>
        <fullName>Sen. Markey, Edward J. [D-MA]</fullName>
        <party>D</party>
        <state>MA</state>
        <middleName>J.</middleName>
        <identifiers>
          <gpoId>7972</gpoId>
          <lisID>735</lisID>
          <bioguideId>M000133</bioguideId>
        </identifiers>
        <isOriginalCosponsor>True</isOriginalCosponsor>
        <sponsorshipWithdrawnDate />
        <lastName>MARKEY</lastName>
        <firstName>EDWARD</firstName>
      </item>
      <item>
        <sponsorshipDate>2019-09-25</sponsorshipDate>
        <bioguideId>R000584</bioguideId>
        <fullName>Sen. Risch, James E. [R-ID]</fullName>
        <party>R</party>
        <state>ID</state>
        <middleName>E.</middleName>
        <identifiers>
          <gpoId>8274</gpoId>
          <lisID>1896</lisID>
          <bioguideId>R000584</bioguideId>
        </identifiers>
        <isOriginalCosponsor>True</isOriginalCosponsor>
        <sponsorshipWithdrawnDate />
        <lastName>Risch</lastName>
        <firstName>James</firstName>
      </item>
      <item>
        <sponsorshipDate>2019-09-25</sponsorshipDate>
        <bioguideId>R000608</bioguideId>
        <fullName>Sen. Rosen, Jacky [D-NV]</fullName>
        <party>D</party>
        <state>NV</state>
        <middleName />
        <identifiers>
          <lisID>2339</lisID>
          <gpoId />
          <bioguideId>R000608</bioguideId>
        </identifiers>
        <isOriginalCosponsor>True</isOriginalCosponsor>
        <sponsorshipWithdrawnDate />
        <lastName>Rosen</lastName>
        <firstName>Jacklyn</firstName>
      </item>
      <item>
        <sponsorshipDate>2019-09-25</sponsorshipDate>
        <bioguideId>B001236</bioguideId>
        <fullName>Sen. Boozman, John [R-AR]</fullName>
        <party>R</party>
        <state>AR</state>
        <middleName />
        <identifiers>
          <lisID>1687</lisID>
          <gpoId>8247</gpoId>
          <bioguideId>B001236</bioguideId>
        </identifiers>
        <isOriginalCosponsor>True</isOriginalCosponsor>
        <sponsorshipWithdrawnDate />
        <lastName>Boozman</lastName>
        <firstName>John</firstName>
      </item>
      <item>
        <sponsorshipDate>2019-09-25</sponsorshipDate>
        <bioguideId>C001088</bioguideId>
        <fullName>Sen. Coons, Christopher A. [D-DE]</fullName>
        <party>D</party>
        <state>DE</state>
        <middleName>A.</middleName>
        <identifiers>
          <lisID>1984</lisID>
          <gpoId>8297</gpoId>
          <bioguideId>C001088</bioguideId>
        </identifiers>
        <isOriginalCosponsor>True</isOriginalCosponsor>
        <sponsorshipWithdrawnDate />
        <lastName>Coons</lastName>
        <firstName>Christopher</firstName>
      </item>
      <item>
        <sponsorshipDate>2019-09-25</sponsorshipDate>
        <bioguideId>M000934</bioguideId>
        <fullName>Sen. Moran, Jerry [R-KS]</fullName>
        <party>R</party>
        <state>KS</state>
        <middleName />
        <identifiers>
          <gpoId>8307</gpoId>
          <lisID>1507</lisID>
          <bioguideId>M000934</bioguideId>
        </identifiers>
        <isOriginalCosponsor>True</isOriginalCosponsor>
        <sponsorshipWithdrawnDate />
        <lastName>Moran</lastName>
        <firstName>Jerry</firstName>
      </item>
      <item>
        <sponsorshipDate>2019-09-25</sponsorshipDate>
        <bioguideId>B001267</bioguideId>
        <fullName>Sen. Bennet, Michael F. [D-CO]</fullName>
        <party>D</party>
        <state>CO</state>
        <middleName>F.</middleName>
        <identifiers>
          <bioguideId>B001267</bioguideId>
          <gpoId>8302</gpoId>
          <lisID>1965</lisID>
        </identifiers>
        <isOriginalCosponsor>True</isOriginalCosponsor>
        <sponsorshipWithdrawnDate />
        <lastName>Bennet</lastName>
        <firstName>Michael</firstName>
      </item>
      <item>
        <sponsorshipDate>2019-09-25</sponsorshipDate>
        <bioguideId>A000360</bioguideId>
        <fullName>Sen. Alexander, Lamar [R-TN]</fullName>
        <party>R</party>
        <state>TN</state>
        <middleName />
        <identifiers>
          <bioguideId>A000360</bioguideId>
          <gpoId>8304</gpoId>
          <lisID>1695</lisID>
        </identifiers>
        <isOriginalCosponsor>True</isOriginalCosponsor>
        <sponsorshipWithdrawnDate />
        <lastName>Alexander</lastName>
        <firstName>Lamar</firstName>
      </item>
    </cosponsors>
    <committees>
      <billCommittees />
    </committees>
    <actions>
      <item>
        <actionDate>2019-09-25</actionDate>
        <committee />
        <links />
        <sourceSystem>
          <code>0</code>
          <name>Senate</name>
        </sourceSystem>
        <text>Resolution agreed to in Senate without amendment by Yea-Nay Vote. 94 - 0. Record Vote Number: 304. (text: CR S5709)</text>
        <type>Floor</type>
      </item>
      <item>
        <sourceSystem>
          <code>9</code>
          <name>Library of Congress</name>
        </sourceSystem>
        <actionDate>2019-09-25</actionDate>
        <type>Floor</type>
        <links />
        <committee />
        <text>Passed/agreed to in Senate: Resolution agreed to in Senate without amendment by Yea-Nay Vote. 94 - 0. Record Vote Number: 304.(text: CR S5709)</text>
        <actionCode>17000</actionCode>
      </item>
      <item>
        <actionDate>2019-09-25</actionDate>
        <committee />
        <links />
        <sourceSystem>
          <code>0</code>
          <name>Senate</name>
        </sourceSystem>
        <text>Measure laid before Senate by unanimous consent. (consideration: CR S5681, S5692-5693)</text>
        <type>Floor</type>
      </item>
      <item>
        <actionDate>2019-09-25</actionDate>
        <committee />
        <links />
        <sourceSystem>
          <code>0</code>
          <name>Senate</name>
        </sourceSystem>
        <text>Submitted in the Senate.</text>
        <type>IntroReferral</type>
      </item>
      <item>
        <sourceSystem>
          <code>9</code>
          <name>Library of Congress</name>
        </sourceSystem>
        <actionDate>2019-09-25</actionDate>
        <type>IntroReferral</type>
        <links />
        <committee />
        <text>Introduced in Senate</text>
        <actionCode>10000</actionCode>
      </item>
      <actionByCounts>
        <senate>5</senate>
      </actionByCounts>
      <actionTypeCounts>
        <agreedToInSenate>1</agreedToInSenate>
        <passedAgreedToInSenate>1</passedAgreedToInSenate>
        <measureLaidBeforeSenate>1</measureLaidBeforeSenate>
        <introducedInSenate>2</introducedInSenate>
      </actionTypeCounts>
    </actions>
    <originChamber>Senate</originChamber>
    <summaries>
      <billSummaries />
    </summaries>
    <committeeReports />
    <laws />
    <billNumber>332</billNumber>
    <policyArea>
      <name>Congress</name>
    </policyArea>
    <sponsors>
      <item>
        <state>AL</state>
        <bioguideId>J000300</bioguideId>
        <lastName>Jones</lastName>
        <firstName>Doug</firstName>
        <middleName />
        <fullName>Sen. Jones, Doug  [D-AL]</fullName>
        <party>D</party>
        <byRequestType />
        <identifiers>
          <bioguideId>J000300</bioguideId>
          <gpoId />
          <lisID>2364</lisID>
        </identifiers>
      </item>
    </sponsors>
    <title>A resolution instructing the managers on the part of the Senate on the conference on the bill S. 1790 (116th Congress) to insist upon the provisions contained in section 630A of the House amendment (relating to the repeal of a requirement of reduction of Survivor Benefit Plan survivor annuities by amounts of dependency and indemnity compensation).</title>
    <version>1.0.0</version>
    <textVersions>
      <item>
        <formats>
          <item>
            <url>https://www.govinfo.gov/content/pkg/BILLS-116sres332ats/xml/BILLS-116sres332ats.xml</url>
          </item>
        </formats>
        <date>2019-09-25T04:00:00Z</date>
        <type>Agreed to Senate</type>
      </item>
    </textVersions>
    <recordedVotes>
      <recordedVote>
        <date>2019-09-25T20:50:32Z</date>
        <url>http://www.senate.gov/legislative/LIS/roll_call_lists/roll_call_vote_cfm.cfm?&amp;congress=116&amp;session=1&amp;vote=00304</url>
        <chamber>Senate</chamber>
        <fullActionName>AGREED TO IN SENATE</fullActionName>
        <rollNumber>304</rollNumber>
        <sessionNumber>1</sessionNumber>
        <congress>116</congress>
      </recordedVote>
    </recordedVotes>
    <subjects>
      <billSubjects>
        <policyArea>
          <name>Congress</name>
        </policyArea>
        <legislativeSubjects />
      </billSubjects>
    </subjects>
    <updateDate>2019-10-03T04:27:52Z</updateDate>
    <calendarNumbers />
    <titles>
      <item>
        <titleType>Official Title as Introduced</titleType>
        <parentTitleType />
        <chamberCode />
        <title>A resolution instructing the managers on the part of the Senate on the conference on the bill S. 1790 (116th Congress) to insist upon the provisions contained in section 630A of the House amendment (relating to the repeal of a requirement of reduction of Survivor Benefit Plan survivor annuities by amounts of dependency and indemnity compensation).</title>
        <chamberName />
      </item>
      <item>
        <titleType>Display Title</titleType>
        <parentTitleType />
        <chamberCode />
        <title>A resolution instructing the managers on the part of the Senate on the conference on the bill S. 1790 (116th Congress) to insist upon the provisions contained in section 630A of the House amendment (relating to the repeal of a requirement of reduction of Survivor Benefit Plan survivor annuities by amounts of dependency and indemnity compensation).</title>
        <chamberName />
      </item>
    </titles>
    <latestAction>
      <actionDate>2019-09-25</actionDate>
      <text>Resolution agreed to in Senate without amendment by Yea-Nay Vote. 94 - 0. Record Vote Number: 304. (text: CR S5709)</text>
      <links />
    </latestAction>
    <cboCostEstimates />
    <relatedBills />
    <amendments />
    <createDate>2019-09-26T04:27:29Z</createDate>
  </bill>
  <dublinCore xmlns:dc="http://purl.org/dc/elements/1.1/">
    <dc:format>text/xml</dc:format>
    <dc:language>EN</dc:language>
    <dc:rights>Pursuant to Title 17 Section 105 of the United States Code, this file is not subject to copyright protection and is in the public domain.</dc:rights>
    <dc:contributor>Congressional Research Service, Library of Congress</dc:contributor>
    <dc:description>This file contains bill summaries and statuses for federal legislation. A bill summary describes the most significant provisions of a piece of legislation and details the effects the legislative text may have on current law and federal programs. Bill summaries are authored by the Congressional Research Service (CRS) of the Library of Congress. As stated in Public Law 91-510 (2 USC 166 (d)(6)), one of the duties of CRS is "to prepare summaries and digests of bills and resolutions of a public general nature introduced in the Senate or House of Representatives". For more information, refer to the User Guide that accompanies this file.</dc:description>
  </dublinCore>
</billStatus>

