<?xml version="1.0" encoding="UTF-8"?>
<billStatus>
  <bill>
    <summaries>
      <billSummaries />
    </summaries>
    <congress>116</congress>
    <titles>
      <item>
        <parentTitleType />
        <chamberCode />
        <title>A resolution calling on the Government of Cameroon and armed separatist groups to respect the human rights of all Cameroonian citizens, to end all violence, and to pursue an inclusive dialogue to resolve the conflict in the Northwest and Southwest regions.</title>
        <titleType>Official Title as Introduced</titleType>
        <chamberName />
      </item>
      <item>
        <parentTitleType />
        <chamberCode />
        <title>A resolution calling on the Government of Cameroon and armed separatist groups to respect the human rights of all Cameroonian citizens, to end all violence, and to pursue an inclusive dialogue to resolve the conflict in the Northwest and Southwest regions.</title>
        <titleType>Display Title</titleType>
        <chamberName />
      </item>
    </titles>
    <billType>SRES</billType>
    <updateDate>2019-11-22T07:57:46Z</updateDate>
    <title>A resolution calling on the Government of Cameroon and armed separatist groups to respect the human rights of all Cameroonian citizens, to end all violence, and to pursue an inclusive dialogue to resolve the conflict in the Northwest and Southwest regions.</title>
    <recordedVotes />
    <committees>
      <billCommittees>
        <item>
          <type>Standing</type>
          <subcommittees />
          <systemCode>ssfr00</systemCode>
          <name>Foreign Relations Committee</name>
          <chamber>Senate</chamber>
          <activities>
            <item>
              <name>Referred to</name>
              <date>2019-07-30T21:12:35Z</date>
            </item>
          </activities>
        </item>
      </billCommittees>
    </committees>
    <actions>
      <actionTypeCounts>
        <introducedInSenate>1</introducedInSenate>
        <referredToCommittee>1</referredToCommittee>
      </actionTypeCounts>
      <item>
        <actionDate>2019-07-30</actionDate>
        <committee>
          <systemCode>ssfr00</systemCode>
          <name>Foreign Relations Committee</name>
        </committee>
        <links>
          <link>
            <url>https://www.congress.gov/congressional-record/volume-165/senate-section/page/S5201-5202</url>
            <name>S5201-5202</name>
          </link>
        </links>
        <sourceSystem>
          <code>0</code>
          <name>Senate</name>
        </sourceSystem>
        <text>Referred to the Committee on Foreign Relations. (text: CR S5201-5202)</text>
        <type>IntroReferral</type>
      </item>
      <item>
        <actionCode>10000</actionCode>
        <text>Introduced in Senate</text>
        <sourceSystem>
          <code>9</code>
          <name>Library of Congress</name>
        </sourceSystem>
        <actionDate>2019-07-30</actionDate>
        <type>IntroReferral</type>
        <links />
        <committee />
      </item>
      <actionByCounts>
        <senate>2</senate>
      </actionByCounts>
    </actions>
    <createDate>2019-07-31T05:02:46Z</createDate>
    <policyArea>
      <name>International Affairs</name>
    </policyArea>
    <originChamber>Senate</originChamber>
    <committeeReports />
    <version>1.0.0</version>
    <textVersions>
      <item>
        <date>2019-07-30T04:00:00Z</date>
        <type>Introduced in Senate</type>
        <formats>
          <item>
            <url>https://www.govinfo.gov/content/pkg/BILLS-116sres292is/xml/BILLS-116sres292is.xml</url>
          </item>
        </formats>
      </item>
    </textVersions>
    <billNumber>292</billNumber>
    <notes />
    <sponsors>
      <item>
        <firstName>BENJAMIN</firstName>
        <middleName>L.</middleName>
        <lastName>CARDIN</lastName>
        <identifiers>
          <lisID>174</lisID>
          <gpoId>8287</gpoId>
          <bioguideId>C000141</bioguideId>
        </identifiers>
        <bioguideId>C000141</bioguideId>
        <byRequestType />
        <state>MD</state>
        <fullName>Sen. Cardin, Benjamin L. [D-MD]</fullName>
        <party>D</party>
      </item>
    </sponsors>
    <calendarNumbers />
    <introducedDate>2019-07-30</introducedDate>
    <amendments />
    <subjects>
      <billSubjects>
        <legislativeSubjects />
        <policyArea>
          <name>International Affairs</name>
        </policyArea>
      </billSubjects>
    </subjects>
    <laws />
    <cosponsors>
      <item>
        <party>R</party>
        <state>IN</state>
        <identifiers>
          <lisID>2019</lisID>
          <gpoId>7948</gpoId>
          <bioguideId>Y000064</bioguideId>
        </identifiers>
        <middleName />
        <sponsorshipWithdrawnDate />
        <bioguideId>Y000064</bioguideId>
        <isOriginalCosponsor>True</isOriginalCosponsor>
        <firstName>Todd</firstName>
        <fullName>Sen. Young, Todd [R-IN]</fullName>
        <sponsorshipDate>2019-07-30</sponsorshipDate>
        <lastName>Young</lastName>
      </item>
      <item>
        <party>D</party>
        <state>IL</state>
        <identifiers>
          <lisID>326</lisID>
          <gpoId>8326</gpoId>
          <bioguideId>D000563</bioguideId>
        </identifiers>
        <middleName>J.</middleName>
        <sponsorshipWithdrawnDate />
        <bioguideId>D000563</bioguideId>
        <isOriginalCosponsor>True</isOriginalCosponsor>
        <firstName>RICHARD</firstName>
        <fullName>Sen. Durbin, Richard J. [D-IL]</fullName>
        <sponsorshipDate>2019-07-30</sponsorshipDate>
        <lastName>DURBIN</lastName>
      </item>
      <item>
        <party>R</party>
        <state>OK</state>
        <identifiers>
          <bioguideId>L000575</bioguideId>
          <gpoId>8113</gpoId>
          <lisID>2050</lisID>
        </identifiers>
        <middleName />
        <sponsorshipWithdrawnDate />
        <bioguideId>L000575</bioguideId>
        <isOriginalCosponsor>True</isOriginalCosponsor>
        <firstName>James</firstName>
        <fullName>Sen. Lankford, James [R-OK]</fullName>
        <sponsorshipDate>2019-07-30</sponsorshipDate>
        <lastName>Lankford</lastName>
      </item>
      <item>
        <party>D</party>
        <state>MD</state>
        <identifiers>
          <lisID>1729</lisID>
          <gpoId>7983</gpoId>
          <bioguideId>V000128</bioguideId>
        </identifiers>
        <middleName />
        <sponsorshipWithdrawnDate />
        <bioguideId>V000128</bioguideId>
        <isOriginalCosponsor>True</isOriginalCosponsor>
        <firstName>Chris</firstName>
        <fullName>Sen. Van Hollen, Chris [D-MD]</fullName>
        <sponsorshipDate>2019-07-30</sponsorshipDate>
        <lastName>Van Hollen</lastName>
      </item>
      <item>
        <party>D</party>
        <state>MA</state>
        <identifiers>
          <bioguideId>M000133</bioguideId>
          <lisID>735</lisID>
          <gpoId>7972</gpoId>
        </identifiers>
        <middleName>J.</middleName>
        <sponsorshipWithdrawnDate />
        <bioguideId>M000133</bioguideId>
        <isOriginalCosponsor>True</isOriginalCosponsor>
        <firstName>EDWARD</firstName>
        <fullName>Sen. Markey, Edward J. [D-MA]</fullName>
        <sponsorshipDate>2019-07-30</sponsorshipDate>
        <lastName>MARKEY</lastName>
      </item>
      <item>
        <party>D</party>
        <state>DE</state>
        <identifiers>
          <bioguideId>C001088</bioguideId>
          <gpoId>8297</gpoId>
          <lisID>1984</lisID>
        </identifiers>
        <middleName>A.</middleName>
        <sponsorshipWithdrawnDate />
        <bioguideId>C001088</bioguideId>
        <isOriginalCosponsor>True</isOriginalCosponsor>
        <firstName>Christopher</firstName>
        <fullName>Sen. Coons, Christopher A. [D-DE]</fullName>
        <sponsorshipDate>2019-07-30</sponsorshipDate>
        <lastName>Coons</lastName>
      </item>
      <item>
        <party>D</party>
        <state>VA</state>
        <identifiers>
          <lisID>2176</lisID>
          <gpoId />
          <bioguideId>K000384</bioguideId>
        </identifiers>
        <middleName />
        <sponsorshipWithdrawnDate />
        <bioguideId>K000384</bioguideId>
        <isOriginalCosponsor>True</isOriginalCosponsor>
        <firstName>Timothy</firstName>
        <fullName>Sen. Kaine, Tim [D-VA]</fullName>
        <sponsorshipDate>2019-07-30</sponsorshipDate>
        <lastName>Kaine</lastName>
      </item>
      <item>
        <party>D</party>
        <state>OR</state>
        <identifiers>
          <bioguideId>M001176</bioguideId>
          <gpoId>8238</gpoId>
          <lisID>1900</lisID>
        </identifiers>
        <middleName />
        <sponsorshipWithdrawnDate />
        <bioguideId>M001176</bioguideId>
        <isOriginalCosponsor>True</isOriginalCosponsor>
        <firstName>Jeff</firstName>
        <fullName>Sen. Merkley, Jeff [D-OR]</fullName>
        <sponsorshipDate>2019-07-30</sponsorshipDate>
        <lastName>Merkley</lastName>
      </item>
      <item>
        <party>D</party>
        <state>PA</state>
        <identifiers>
          <bioguideId>C001070</bioguideId>
          <gpoId>8282</gpoId>
          <lisID>1828</lisID>
        </identifiers>
        <middleName />
        <sponsorshipWithdrawnDate />
        <bioguideId>C001070</bioguideId>
        <isOriginalCosponsor>False</isOriginalCosponsor>
        <firstName>Bob</firstName>
        <fullName>Sen. Casey, Robert P., Jr. [D-PA]</fullName>
        <sponsorshipDate>2019-10-23</sponsorshipDate>
        <lastName>Casey</lastName>
      </item>
      <item>
        <party>D</party>
        <state>WI</state>
        <identifiers>
          <bioguideId>B001230</bioguideId>
          <lisID>1558</lisID>
          <gpoId>8215</gpoId>
        </identifiers>
        <middleName />
        <sponsorshipWithdrawnDate />
        <bioguideId>B001230</bioguideId>
        <isOriginalCosponsor>False</isOriginalCosponsor>
        <firstName>Tammy</firstName>
        <fullName>Sen. Baldwin, Tammy [D-WI]</fullName>
        <sponsorshipDate>2019-11-07</sponsorshipDate>
        <lastName>Baldwin</lastName>
      </item>
      <item>
        <party>D</party>
        <state>VA</state>
        <identifiers>
          <lisID>1897</lisID>
          <gpoId>8269</gpoId>
          <bioguideId>W000805</bioguideId>
        </identifiers>
        <middleName>R.</middleName>
        <sponsorshipWithdrawnDate />
        <bioguideId>W000805</bioguideId>
        <isOriginalCosponsor>False</isOriginalCosponsor>
        <firstName>Mark</firstName>
        <fullName>Sen. Warner, Mark R. [D-VA]</fullName>
        <sponsorshipDate>2019-11-21</sponsorshipDate>
        <lastName>Warner</lastName>
      </item>
    </cosponsors>
    <relatedBills />
    <cboCostEstimates />
    <latestAction>
      <text>Referred to the Committee on Foreign Relations. (text: CR S5201-5202)</text>
      <links />
      <actionDate>2019-07-30</actionDate>
    </latestAction>
  </bill>
  <dublinCore xmlns:dc="http://purl.org/dc/elements/1.1/">
    <dc:format>text/xml</dc:format>
    <dc:language>EN</dc:language>
    <dc:rights>Pursuant to Title 17 Section 105 of the United States Code, this file is not subject to copyright protection and is in the public domain.</dc:rights>
    <dc:contributor>Congressional Research Service, Library of Congress</dc:contributor>
    <dc:description>This file contains bill summaries and statuses for federal legislation. A bill summary describes the most significant provisions of a piece of legislation and details the effects the legislative text may have on current law and federal programs. Bill summaries are authored by the Congressional Research Service (CRS) of the Library of Congress. As stated in Public Law 91-510 (2 USC 166 (d)(6)), one of the duties of CRS is "to prepare summaries and digests of bills and resolutions of a public general nature introduced in the Senate or House of Representatives". For more information, refer to the User Guide that accompanies this file.</dc:description>
  </dublinCore>
</billStatus>

