<?xml version="1.0" encoding="UTF-8"?>
<billStatus>
  <bill>
    <version>1.0.0</version>
    <cboCostEstimates />
    <relatedBills />
    <amendments />
    <summaries>
      <billSummaries>
        <item>
          <versionCode>00</versionCode>
          <actionDesc>Introduced in Senate</actionDesc>
          <updateDate>2019-05-23T04:00:00Z</updateDate>
          <name>Introduced in Senate</name>
          <lastSummaryUpdateDate>2019-07-15T16:16:35Z</lastSummaryUpdateDate>
          <actionDate>2019-05-23</actionDate>
          <text><![CDATA[<p>This resolution expresses sympathy for the family and friends of the victims of the Tiananmen Square massacre and condemns the use of violence against those who speak out against the Chinese Communist Party. The resolution also calls on the Chinese government to cease its current repression of the Chinese people. It calls on the international community to address the Chinese government's continued persecution and mass surveillance of its citizens.</p>]]></text>
        </item>
        <item>
          <versionCode>55</versionCode>
          <actionDesc>Passed Senate</actionDesc>
          <updateDate>2019-06-05T11:55:12Z</updateDate>
          <name>Passed Senate</name>
          <lastSummaryUpdateDate>2019-07-15T16:58:07Z</lastSummaryUpdateDate>
          <actionDate>2019-06-05</actionDate>
          <text><![CDATA[<p>This resolution expresses sympathy for the family and friends of the victims of the Tiananmen Square massacre and condemns the use of violence against those who speak out against the Chinese Communist Party. The resolution also calls on the Chinese government to cease its current repression of the Chinese people. It calls on the international community to address the Chinese government's continued persecution and mass surveillance of its citizens.</p>]]></text>
        </item>
      </billSummaries>
    </summaries>
    <policyArea>
      <name>International Affairs</name>
    </policyArea>
    <sponsors>
      <item>
        <firstName>Cory</firstName>
        <middleName />
        <state>CO</state>
        <bioguideId>G000562</bioguideId>
        <identifiers>
          <bioguideId>G000562</bioguideId>
          <gpoId>7862</gpoId>
          <lisID>1998</lisID>
        </identifiers>
        <fullName>Sen. Gardner, Cory [R-CO]</fullName>
        <party>R</party>
        <lastName>Gardner</lastName>
        <byRequestType />
      </item>
    </sponsors>
    <notes />
    <billNumber>221</billNumber>
    <updateDate>2019-11-15T21:56:30Z</updateDate>
    <titles>
      <item>
        <title>A resolution recognizing the 30th anniversary of the Tiananmen Square massacre and condemning the intensifying repression and human rights violations by the Chinese Communist Party and the use of surveillance by Chinese authorities, and for other purposes.</title>
        <parentTitleType />
        <titleType>Official Title as Introduced</titleType>
        <chamberName />
        <chamberCode />
      </item>
      <item>
        <title>A resolution recognizing the 30th anniversary of the Tiananmen Square massacre and condemning the intensifying repression and human rights violations by the Chinese Communist Party and the use of surveillance by Chinese authorities, and for other purposes.</title>
        <parentTitleType />
        <titleType>Display Title</titleType>
        <chamberName />
        <chamberCode />
      </item>
    </titles>
    <createDate>2019-05-24T05:27:12Z</createDate>
    <title>A resolution recognizing the 30th anniversary of the Tiananmen Square massacre and condemning the intensifying repression and human rights violations by the Chinese Communist Party and the use of surveillance by Chinese authorities, and for other purposes.</title>
    <textVersions>
      <item>
        <type>Agreed to Senate</type>
        <formats>
          <item>
            <url>https://www.govinfo.gov/content/pkg/BILLS-116sres221ats/xml/BILLS-116sres221ats.xml</url>
          </item>
        </formats>
        <date>2019-06-05T04:00:00Z</date>
      </item>
      <item>
        <type>Introduced in Senate</type>
        <formats>
          <item>
            <url>https://www.govinfo.gov/content/pkg/BILLS-116sres221is/xml/BILLS-116sres221is.xml</url>
          </item>
        </formats>
        <date>2019-05-23T04:00:00Z</date>
      </item>
    </textVersions>
    <recordedVotes />
    <calendarNumbers />
    <committeeReports />
    <congress>116</congress>
    <latestAction>
      <actionDate>2019-06-05</actionDate>
      <links />
      <text>Resolution agreed to in Senate without amendment and with a preamble by Unanimous Consent. (text: CR 05/23/2019 S3114-3116)</text>
    </latestAction>
    <actions>
      <actionByCounts>
        <senate>6</senate>
      </actionByCounts>
      <item>
        <actionDate>2019-06-05</actionDate>
        <committee />
        <links>
          <link>
            <url>https://www.congress.gov/congressional-record/volume-165/senate-section/page/S3114</url>
            <name>CR 05/23/2019 S3114</name>
          </link>
        </links>
        <sourceSystem>
          <code>0</code>
          <name>Senate</name>
        </sourceSystem>
        <text>Resolution agreed to in Senate without amendment and with a preamble by Unanimous Consent. (text: CR 05/23/2019 S3114-3116)</text>
        <type>Floor</type>
      </item>
      <item>
        <actionDate>2019-06-05</actionDate>
        <committee />
        <type>Floor</type>
        <actionCode>17000</actionCode>
        <links>
          <link>
            <url>https://www.congress.gov/congressional-record/volume-165/senate-section/page/S3114</url>
            <name>CR 05/23/2019 S3114</name>
          </link>
        </links>
        <sourceSystem>
          <code>9</code>
          <name>Library of Congress</name>
        </sourceSystem>
        <text>Passed/agreed to in Senate: Resolution agreed to in Senate without amendment and with a preamble by Unanimous Consent.(text: CR 05/23/2019 S3114-3116)</text>
      </item>
      <item>
        <actionDate>2019-06-05</actionDate>
        <committee>
          <name>Foreign Relations Committee</name>
          <systemCode>ssfr00</systemCode>
        </committee>
        <links>
          <link>
            <url>https://www.congress.gov/congressional-record/volume-165/senate-section/page/S3268</url>
            <name>S3268</name>
          </link>
        </links>
        <sourceSystem>
          <code>0</code>
          <name>Senate</name>
        </sourceSystem>
        <text>Senate Committee on Foreign Relations discharged by Unanimous Consent. (consideration: CR S3268)</text>
        <type>Discharge</type>
      </item>
      <item>
        <actionDate>2019-06-05</actionDate>
        <committee>
          <name>Foreign Relations Committee</name>
          <systemCode>ssfr00</systemCode>
        </committee>
        <type>Committee</type>
        <actionCode>14500</actionCode>
        <links>
          <link>
            <url>https://www.congress.gov/congressional-record/volume-165/senate-section/page/S3268</url>
            <name>S3268</name>
          </link>
        </links>
        <sourceSystem>
          <code>9</code>
          <name>Library of Congress</name>
        </sourceSystem>
        <text>Senate Committee on Foreign Relations discharged by Unanimous Consent.(consideration: CR S3268)</text>
      </item>
      <item>
        <actionDate>2019-05-23</actionDate>
        <committee>
          <name>Foreign Relations Committee</name>
          <systemCode>ssfr00</systemCode>
        </committee>
        <links />
        <sourceSystem>
          <code>0</code>
          <name>Senate</name>
        </sourceSystem>
        <text>Referred to the Committee on Foreign Relations.</text>
        <type>IntroReferral</type>
      </item>
      <item>
        <actionDate>2019-05-23</actionDate>
        <committee />
        <type>IntroReferral</type>
        <actionCode>10000</actionCode>
        <links />
        <sourceSystem>
          <code>9</code>
          <name>Library of Congress</name>
        </sourceSystem>
        <text>Introduced in Senate</text>
      </item>
      <actionTypeCounts>
        <senateCommitteeDischarged>1</senateCommitteeDischarged>
        <referredToCommittee>1</referredToCommittee>
        <introducedInSenate>1</introducedInSenate>
        <passedAgreedToInSenate>1</passedAgreedToInSenate>
        <agreedToInSenate>1</agreedToInSenate>
        <committeeDischarged>1</committeeDischarged>
      </actionTypeCounts>
    </actions>
    <originChamber>Senate</originChamber>
    <committees>
      <billCommittees>
        <item>
          <subcommittees />
          <type>Standing</type>
          <systemCode>ssfr00</systemCode>
          <chamber>Senate</chamber>
          <name>Foreign Relations Committee</name>
          <activities>
            <item>
              <date>2019-06-05T22:18:25Z</date>
              <name>Discharged from</name>
            </item>
            <item>
              <date>2019-05-23T21:15:15Z</date>
              <name>Referred to</name>
            </item>
          </activities>
        </item>
      </billCommittees>
    </committees>
    <introducedDate>2019-05-23</introducedDate>
    <subjects>
      <billSubjects>
        <policyArea>
          <name>International Affairs</name>
        </policyArea>
        <legislativeSubjects>
          <item>
            <name>Asia</name>
          </item>
          <item>
            <name>China</name>
          </item>
          <item>
            <name>Commemorative events and holidays</name>
          </item>
          <item>
            <name>Congressional tributes</name>
          </item>
          <item>
            <name>Detention of persons</name>
          </item>
          <item>
            <name>Government studies and investigations</name>
          </item>
          <item>
            <name>Human rights</name>
          </item>
          <item>
            <name>International organizations and cooperation</name>
          </item>
          <item>
            <name>News media and reporting</name>
          </item>
          <item>
            <name>Protest and dissent</name>
          </item>
          <item>
            <name>Refugees, asylum, displaced persons</name>
          </item>
          <item>
            <name>Religion</name>
          </item>
          <item>
            <name>Rule of law and government transparency</name>
          </item>
        </legislativeSubjects>
      </billSubjects>
    </subjects>
    <cosponsors>
      <item>
        <bioguideId>M000133</bioguideId>
        <state>MA</state>
        <party>D</party>
        <fullName>Sen. Markey, Edward J. [D-MA]</fullName>
        <lastName>MARKEY</lastName>
        <sponsorshipWithdrawnDate />
        <isOriginalCosponsor>True</isOriginalCosponsor>
        <firstName>EDWARD</firstName>
        <identifiers>
          <lisID>735</lisID>
          <gpoId>7972</gpoId>
          <bioguideId>M000133</bioguideId>
        </identifiers>
        <middleName>J.</middleName>
        <sponsorshipDate>2019-05-23</sponsorshipDate>
      </item>
      <item>
        <bioguideId>R000584</bioguideId>
        <state>ID</state>
        <party>R</party>
        <fullName>Sen. Risch, James E. [R-ID]</fullName>
        <lastName>Risch</lastName>
        <sponsorshipWithdrawnDate />
        <isOriginalCosponsor>True</isOriginalCosponsor>
        <firstName>James</firstName>
        <identifiers>
          <lisID>1896</lisID>
          <gpoId>8274</gpoId>
          <bioguideId>R000584</bioguideId>
        </identifiers>
        <middleName>E.</middleName>
        <sponsorshipDate>2019-05-23</sponsorshipDate>
      </item>
      <item>
        <bioguideId>M000639</bioguideId>
        <state>NJ</state>
        <party>D</party>
        <fullName>Sen. Menendez, Robert [D-NJ]</fullName>
        <lastName>Menendez</lastName>
        <sponsorshipWithdrawnDate />
        <isOriginalCosponsor>True</isOriginalCosponsor>
        <firstName>Robert</firstName>
        <identifiers>
          <bioguideId>M000639</bioguideId>
          <lisID>791</lisID>
          <gpoId>8239</gpoId>
        </identifiers>
        <middleName />
        <sponsorshipDate>2019-05-23</sponsorshipDate>
      </item>
      <item>
        <bioguideId>T000461</bioguideId>
        <state>PA</state>
        <party>R</party>
        <fullName>Sen. Toomey, Pat [R-PA]</fullName>
        <lastName>Toomey</lastName>
        <sponsorshipWithdrawnDate />
        <isOriginalCosponsor>True</isOriginalCosponsor>
        <firstName>Pat</firstName>
        <identifiers>
          <lisID>1594</lisID>
          <gpoId />
          <bioguideId>T000461</bioguideId>
        </identifiers>
        <middleName />
        <sponsorshipDate>2019-05-23</sponsorshipDate>
      </item>
      <item>
        <bioguideId>R000595</bioguideId>
        <state>FL</state>
        <party>R</party>
        <fullName>Sen. Rubio, Marco [R-FL]</fullName>
        <lastName>Rubio</lastName>
        <sponsorshipWithdrawnDate />
        <isOriginalCosponsor>True</isOriginalCosponsor>
        <firstName>Marco</firstName>
        <identifiers>
          <lisID>2084</lisID>
          <gpoId>8242</gpoId>
          <bioguideId>R000595</bioguideId>
        </identifiers>
        <middleName />
        <sponsorshipDate>2019-05-23</sponsorshipDate>
      </item>
      <item>
        <bioguideId>V000128</bioguideId>
        <state>MD</state>
        <party>D</party>
        <fullName>Sen. Van Hollen, Chris [D-MD]</fullName>
        <lastName>Van Hollen</lastName>
        <sponsorshipWithdrawnDate />
        <isOriginalCosponsor>False</isOriginalCosponsor>
        <firstName>Chris</firstName>
        <identifiers>
          <bioguideId>V000128</bioguideId>
          <gpoId>7983</gpoId>
          <lisID>1729</lisID>
        </identifiers>
        <middleName />
        <sponsorshipDate>2019-06-04</sponsorshipDate>
      </item>
      <item>
        <bioguideId>H001089</bioguideId>
        <state>MO</state>
        <party>R</party>
        <fullName>Sen. Hawley, Josh  [R-MO]</fullName>
        <lastName>Hawley</lastName>
        <sponsorshipWithdrawnDate />
        <isOriginalCosponsor>False</isOriginalCosponsor>
        <firstName>Josh</firstName>
        <identifiers>
          <bioguideId>H001089</bioguideId>
          <lisID>2464</lisID>
          <gpoId />
        </identifiers>
        <middleName />
        <sponsorshipDate>2019-06-04</sponsorshipDate>
      </item>
      <item>
        <bioguideId>I000055</bioguideId>
        <state>GA</state>
        <party>R</party>
        <fullName>Sen. Isakson, Johnny [R-GA]</fullName>
        <lastName>Isakson</lastName>
        <sponsorshipWithdrawnDate />
        <isOriginalCosponsor>False</isOriginalCosponsor>
        <firstName>Johnny</firstName>
        <identifiers>
          <bioguideId>I000055</bioguideId>
          <lisID>1608</lisID>
          <gpoId>8323</gpoId>
        </identifiers>
        <middleName />
        <sponsorshipDate>2019-06-05</sponsorshipDate>
      </item>
    </cosponsors>
    <billType>SRES</billType>
    <laws />
  </bill>
  <dublinCore xmlns:dc="http://purl.org/dc/elements/1.1/">
    <dc:format>text/xml</dc:format>
    <dc:language>EN</dc:language>
    <dc:rights>Pursuant to Title 17 Section 105 of the United States Code, this file is not subject to copyright protection and is in the public domain.</dc:rights>
    <dc:contributor>Congressional Research Service, Library of Congress</dc:contributor>
    <dc:description>This file contains bill summaries and statuses for federal legislation. A bill summary describes the most significant provisions of a piece of legislation and details the effects the legislative text may have on current law and federal programs. Bill summaries are authored by the Congressional Research Service (CRS) of the Library of Congress. As stated in Public Law 91-510 (2 USC 166 (d)(6)), one of the duties of CRS is "to prepare summaries and digests of bills and resolutions of a public general nature introduced in the Senate or House of Representatives". For more information, refer to the User Guide that accompanies this file.</dc:description>
  </dublinCore>
</billStatus>

