<?xml version="1.0" encoding="UTF-8"?>
<billStatus>
  <bill>
    <updateDate>2019-02-27T14:27:05Z</updateDate>
    <congress>116</congress>
    <billNumber>26</billNumber>
    <cosponsors>
      <item>
        <party>D</party>
        <fullName>Sen. Booker, Cory A. [D-NJ]</fullName>
        <lastName>Booker</lastName>
        <identifiers>
          <bioguideId>B001288</bioguideId>
          <gpoId />
          <lisID>2194</lisID>
        </identifiers>
        <isOriginalCosponsor>True</isOriginalCosponsor>
        <bioguideId>B001288</bioguideId>
        <firstName>Cory</firstName>
        <sponsorshipDate>2019-01-24</sponsorshipDate>
        <middleName>A.</middleName>
        <sponsorshipWithdrawnDate />
        <state>NJ</state>
      </item>
      <item>
        <party>D</party>
        <fullName>Sen. Brown, Sherrod [D-OH]</fullName>
        <lastName>Brown</lastName>
        <identifiers>
          <bioguideId>B000944</bioguideId>
          <lisID>136</lisID>
          <gpoId>8309</gpoId>
        </identifiers>
        <isOriginalCosponsor>True</isOriginalCosponsor>
        <bioguideId>B000944</bioguideId>
        <firstName>Sherrod</firstName>
        <sponsorshipDate>2019-01-24</sponsorshipDate>
        <middleName />
        <sponsorshipWithdrawnDate />
        <state>OH</state>
      </item>
      <item>
        <party>D</party>
        <fullName>Sen. Coons, Christopher A. [D-DE]</fullName>
        <lastName>Coons</lastName>
        <identifiers>
          <gpoId>8297</gpoId>
          <bioguideId>C001088</bioguideId>
          <lisID>1984</lisID>
        </identifiers>
        <isOriginalCosponsor>True</isOriginalCosponsor>
        <bioguideId>C001088</bioguideId>
        <firstName>Christopher</firstName>
        <sponsorshipDate>2019-01-24</sponsorshipDate>
        <middleName>A.</middleName>
        <sponsorshipWithdrawnDate />
        <state>DE</state>
      </item>
      <item>
        <party>D</party>
        <fullName>Sen. Cortez Masto, Catherine  [D-NV]</fullName>
        <lastName>Cortez Masto</lastName>
        <identifiers>
          <lisID>2299</lisID>
          <gpoId />
          <bioguideId>C001113</bioguideId>
        </identifiers>
        <isOriginalCosponsor>True</isOriginalCosponsor>
        <bioguideId>C001113</bioguideId>
        <firstName>Catherine</firstName>
        <sponsorshipDate>2019-01-24</sponsorshipDate>
        <middleName />
        <sponsorshipWithdrawnDate />
        <state>NV</state>
      </item>
      <item>
        <party>D</party>
        <fullName>Sen. Durbin, Richard J. [D-IL]</fullName>
        <lastName>DURBIN</lastName>
        <identifiers>
          <bioguideId>D000563</bioguideId>
          <gpoId>8326</gpoId>
          <lisID>326</lisID>
        </identifiers>
        <isOriginalCosponsor>True</isOriginalCosponsor>
        <bioguideId>D000563</bioguideId>
        <firstName>RICHARD</firstName>
        <sponsorshipDate>2019-01-24</sponsorshipDate>
        <middleName>J.</middleName>
        <sponsorshipWithdrawnDate />
        <state>IL</state>
      </item>
      <item>
        <party>D</party>
        <fullName>Sen. Klobuchar, Amy [D-MN]</fullName>
        <lastName>Klobuchar</lastName>
        <identifiers>
          <bioguideId>K000367</bioguideId>
          <lisID>1826</lisID>
          <gpoId>8249</gpoId>
        </identifiers>
        <isOriginalCosponsor>True</isOriginalCosponsor>
        <bioguideId>K000367</bioguideId>
        <firstName>Amy</firstName>
        <sponsorshipDate>2019-01-24</sponsorshipDate>
        <middleName />
        <sponsorshipWithdrawnDate />
        <state>MN</state>
      </item>
      <item>
        <party>D</party>
        <fullName>Sen. Murray, Patty [D-WA]</fullName>
        <lastName>MURRAY</lastName>
        <identifiers>
          <bioguideId>M001111</bioguideId>
          <gpoId>8237</gpoId>
          <lisID>1409</lisID>
        </identifiers>
        <isOriginalCosponsor>True</isOriginalCosponsor>
        <bioguideId>M001111</bioguideId>
        <firstName>PATTY</firstName>
        <sponsorshipDate>2019-01-24</sponsorshipDate>
        <middleName />
        <sponsorshipWithdrawnDate />
        <state>WA</state>
      </item>
      <item>
        <party>D</party>
        <fullName>Sen. Reed, Jack [D-RI]</fullName>
        <lastName>REED</lastName>
        <identifiers>
          <bioguideId>R000122</bioguideId>
          <gpoId>8272</gpoId>
          <lisID>949</lisID>
        </identifiers>
        <isOriginalCosponsor>True</isOriginalCosponsor>
        <bioguideId>R000122</bioguideId>
        <firstName>JOHN</firstName>
        <sponsorshipDate>2019-01-24</sponsorshipDate>
        <middleName>F.</middleName>
        <sponsorshipWithdrawnDate />
        <state>RI</state>
      </item>
      <item>
        <party>D</party>
        <fullName>Sen. Smith, Tina  [D-MN]</fullName>
        <lastName>Smith</lastName>
        <identifiers>
          <bioguideId>S001203</bioguideId>
          <lisID>2365</lisID>
          <gpoId />
        </identifiers>
        <isOriginalCosponsor>True</isOriginalCosponsor>
        <bioguideId>S001203</bioguideId>
        <firstName>Tina</firstName>
        <sponsorshipDate>2019-01-24</sponsorshipDate>
        <middleName />
        <sponsorshipWithdrawnDate />
        <state>MN</state>
      </item>
      <item>
        <party>D</party>
        <fullName>Sen. Van Hollen, Chris [D-MD]</fullName>
        <lastName>Van Hollen</lastName>
        <identifiers>
          <bioguideId>V000128</bioguideId>
          <gpoId>7983</gpoId>
          <lisID>1729</lisID>
        </identifiers>
        <isOriginalCosponsor>True</isOriginalCosponsor>
        <bioguideId>V000128</bioguideId>
        <firstName>Chris</firstName>
        <sponsorshipDate>2019-01-24</sponsorshipDate>
        <middleName />
        <sponsorshipWithdrawnDate />
        <state>MD</state>
      </item>
      <item>
        <party>D</party>
        <fullName>Sen. Whitehouse, Sheldon [D-RI]</fullName>
        <lastName>Whitehouse</lastName>
        <identifiers>
          <bioguideId>W000802</bioguideId>
          <lisID>1823</lisID>
          <gpoId>8264</gpoId>
        </identifiers>
        <isOriginalCosponsor>True</isOriginalCosponsor>
        <bioguideId>W000802</bioguideId>
        <firstName>Sheldon</firstName>
        <sponsorshipDate>2019-01-24</sponsorshipDate>
        <middleName />
        <sponsorshipWithdrawnDate />
        <state>RI</state>
      </item>
      <item>
        <party>D</party>
        <fullName>Sen. Harris, Kamala D. [D-CA]</fullName>
        <lastName>Harris</lastName>
        <identifiers>
          <bioguideId>H001075</bioguideId>
          <lisID>2301</lisID>
          <gpoId />
        </identifiers>
        <isOriginalCosponsor>True</isOriginalCosponsor>
        <bioguideId>H001075</bioguideId>
        <firstName>Kamala</firstName>
        <sponsorshipDate>2019-01-24</sponsorshipDate>
        <middleName>D.</middleName>
        <sponsorshipWithdrawnDate />
        <state>CA</state>
      </item>
      <item>
        <party>D</party>
        <fullName>Sen. Duckworth, Tammy [D-IL]</fullName>
        <lastName>Duckworth</lastName>
        <identifiers>
          <bioguideId>D000622</bioguideId>
          <gpoId />
          <lisID>2123</lisID>
        </identifiers>
        <isOriginalCosponsor>True</isOriginalCosponsor>
        <bioguideId>D000622</bioguideId>
        <firstName>Tammy</firstName>
        <sponsorshipDate>2019-01-24</sponsorshipDate>
        <middleName />
        <sponsorshipWithdrawnDate />
        <state>IL</state>
      </item>
      <item>
        <party>D</party>
        <fullName>Sen. Hirono, Mazie K. [D-HI]</fullName>
        <lastName>Hirono</lastName>
        <identifiers>
          <lisID>1844</lisID>
          <gpoId>7913</gpoId>
          <bioguideId>H001042</bioguideId>
        </identifiers>
        <isOriginalCosponsor>True</isOriginalCosponsor>
        <bioguideId>H001042</bioguideId>
        <firstName>Mazie</firstName>
        <sponsorshipDate>2019-01-24</sponsorshipDate>
        <middleName>K.</middleName>
        <sponsorshipWithdrawnDate />
        <state>HI</state>
      </item>
    </cosponsors>
    <cboCostEstimates />
    <title>A resolution designating January 25, 2019, as "Earned Income Tax Credit Awareness Day".</title>
    <recordedVotes />
    <originChamber>Senate</originChamber>
    <policyArea>
      <name>Taxation</name>
    </policyArea>
    <introducedDate>2019-01-24</introducedDate>
    <summaries>
      <billSummaries>
        <item>
          <text><![CDATA[<p>This resolution designates January 25, 2019, as Earned Income Tax Credit Awareness Day. The resolution also calls on federal, state, and local agencies; community organizations; nonprofit organizations; employers; and other partners to help increase awareness about the earned income tax credit, other refundable tax credits, and free tax filing assistance to ensure that all eligible workers have access to the full benefits of the credits.</p>]]></text>
          <lastSummaryUpdateDate>2019-01-28T17:26:30Z</lastSummaryUpdateDate>
          <actionDate>2019-01-24</actionDate>
          <actionDesc>Introduced in Senate</actionDesc>
          <updateDate>2019-01-24T05:00:00Z</updateDate>
          <versionCode>00</versionCode>
          <name>Introduced in Senate</name>
        </item>
      </billSummaries>
    </summaries>
    <notes />
    <version>1.0.0</version>
    <latestAction>
      <links />
      <actionDate>2019-01-24</actionDate>
      <text>Referred to the Committee on the Judiciary. (text: CR S590)</text>
    </latestAction>
    <calendarNumbers />
    <actions>
      <item>
        <actionDate>2019-01-24</actionDate>
        <committee>
          <systemCode>ssju00</systemCode>
          <name>Judiciary Committee</name>
        </committee>
        <links>
          <link>
            <url>https://www.congress.gov/congressional-record/volume-165/senate-section/page/S590</url>
            <name>S590</name>
          </link>
        </links>
        <sourceSystem>
          <code>0</code>
          <name>Senate</name>
        </sourceSystem>
        <text>Referred to the Committee on the Judiciary. (text: CR S590)</text>
        <type>IntroReferral</type>
      </item>
      <item>
        <actionDate>2019-01-24</actionDate>
        <links />
        <actionCode>10000</actionCode>
        <type>IntroReferral</type>
        <committee />
        <text>Introduced in Senate</text>
        <sourceSystem>
          <code>9</code>
          <name>Library of Congress</name>
        </sourceSystem>
      </item>
      <actionTypeCounts>
        <introducedInSenate>1</introducedInSenate>
        <referredToCommittee>1</referredToCommittee>
      </actionTypeCounts>
      <actionByCounts>
        <senate>2</senate>
      </actionByCounts>
    </actions>
    <committeeReports />
    <relatedBills />
    <textVersions>
      <item>
        <formats>
          <item>
            <url>https://www.govinfo.gov/content/pkg/BILLS-116sres26is/xml/BILLS-116sres26is.xml</url>
          </item>
        </formats>
        <date>2019-01-24T05:00:00Z</date>
        <type>Introduced in Senate</type>
      </item>
    </textVersions>
    <subjects>
      <billSubjects>
        <policyArea>
          <name>Taxation</name>
        </policyArea>
        <legislativeSubjects>
          <item>
            <name>Commemorative events and holidays</name>
          </item>
          <item>
            <name>Income tax credits</name>
          </item>
          <item>
            <name>Poverty and welfare assistance</name>
          </item>
          <item>
            <name>Wages and earnings</name>
          </item>
        </legislativeSubjects>
      </billSubjects>
    </subjects>
    <createDate>2019-01-25T06:10:10Z</createDate>
    <amendments />
    <billType>SRES</billType>
    <sponsors>
      <item>
        <bioguideId>B001230</bioguideId>
        <firstName>Tammy</firstName>
        <byRequestType />
        <lastName>Baldwin</lastName>
        <fullName>Sen. Baldwin, Tammy [D-WI]</fullName>
        <party>D</party>
        <state>WI</state>
        <identifiers>
          <bioguideId>B001230</bioguideId>
          <gpoId>8215</gpoId>
          <lisID>1558</lisID>
        </identifiers>
        <middleName />
      </item>
    </sponsors>
    <committees>
      <billCommittees>
        <item>
          <chamber>Senate</chamber>
          <type>Standing</type>
          <subcommittees />
          <systemCode>ssju00</systemCode>
          <activities>
            <item>
              <date>2019-01-24T19:44:21Z</date>
              <name>Referred to</name>
            </item>
          </activities>
          <name>Judiciary Committee</name>
        </item>
      </billCommittees>
    </committees>
    <titles>
      <item>
        <chamberName />
        <parentTitleType />
        <titleType>Official Title as Introduced</titleType>
        <title>A resolution designating January 25, 2019, as "Earned Income Tax Credit Awareness Day".</title>
        <chamberCode />
      </item>
      <item>
        <chamberName />
        <parentTitleType />
        <titleType>Display Title</titleType>
        <title>A resolution designating January 25, 2019, as "Earned Income Tax Credit Awareness Day".</title>
        <chamberCode />
      </item>
    </titles>
    <laws />
  </bill>
  <dublinCore xmlns:dc="http://purl.org/dc/elements/1.1/">
    <dc:format>text/xml</dc:format>
    <dc:language>EN</dc:language>
    <dc:rights>Pursuant to Title 17 Section 105 of the United States Code, this file is not subject to copyright protection and is in the public domain.</dc:rights>
    <dc:contributor>Congressional Research Service, Library of Congress</dc:contributor>
    <dc:description>This file contains bill summaries and statuses for federal legislation. A bill summary describes the most significant provisions of a piece of legislation and details the effects the legislative text may have on current law and federal programs. Bill summaries are authored by the Congressional Research Service (CRS) of the Library of Congress. As stated in Public Law 91-510 (2 USC 166 (d)(6)), one of the duties of CRS is "to prepare summaries and digests of bills and resolutions of a public general nature introduced in the Senate or House of Representatives". For more information, refer to the User Guide that accompanies this file.</dc:description>
  </dublinCore>
</billStatus>

