<?xml version="1.0" encoding="UTF-8"?>
<billStatus>
  <bill>
    <policyArea />
    <relatedBills />
    <introducedDate>2019-11-14</introducedDate>
    <committeeReports />
    <amendments />
    <textVersions />
    <cboCostEstimates />
    <subjects>
      <billSubjects>
        <legislativeSubjects />
      </billSubjects>
    </subjects>
    <laws />
    <calendarNumbers />
    <notes />
    <actions>
      <actionTypeCounts>
        <introducedInSenate>1</introducedInSenate>
        <referredToCommittee>1</referredToCommittee>
      </actionTypeCounts>
      <item>
        <actionDate>2019-11-14</actionDate>
        <committee>
          <systemCode>sscm00</systemCode>
          <name>Commerce, Science, and Transportation Committee</name>
        </committee>
        <links>
          <link>
            <url>https://www.congress.gov/congressional-record/volume-165/senate-section/page/S6610-6611</url>
            <name>S6610-6611</name>
          </link>
        </links>
        <sourceSystem>
          <code>0</code>
          <name>Senate</name>
        </sourceSystem>
        <text>Referred to the Committee on Commerce, Science, and Transportation. (text: CR S6610-6611)</text>
        <type>IntroReferral</type>
      </item>
      <item>
        <actionCode>10000</actionCode>
        <text>Introduced in Senate</text>
        <sourceSystem>
          <code>9</code>
          <name>Library of Congress</name>
        </sourceSystem>
        <actionDate>2019-11-14</actionDate>
        <type>IntroReferral</type>
        <links />
        <committee />
      </item>
      <actionByCounts>
        <senate>2</senate>
      </actionByCounts>
    </actions>
    <originChamber>Senate</originChamber>
    <committees>
      <billCommittees>
        <item>
          <subcommittees />
          <type>Standing</type>
          <systemCode>sscm00</systemCode>
          <chamber>Senate</chamber>
          <name>Commerce, Science, and Transportation Committee</name>
          <activities>
            <item>
              <date>2019-11-14T20:16:42Z</date>
              <name>Referred to</name>
            </item>
          </activities>
        </item>
      </billCommittees>
    </committees>
    <titles>
      <item>
        <title>A resolution congratulating Seattle Sounders FC on winning the 2019 Major League Soccer Cup.</title>
        <chamberCode />
        <parentTitleType />
        <titleType>Official Title as Introduced</titleType>
        <chamberName />
      </item>
      <item>
        <title>A resolution congratulating Seattle Sounders FC on winning the 2019 Major League Soccer Cup.</title>
        <chamberCode />
        <parentTitleType />
        <titleType>Display Title</titleType>
        <chamberName />
      </item>
    </titles>
    <summaries>
      <billSummaries />
    </summaries>
    <recordedVotes />
    <title>A resolution congratulating Seattle Sounders FC on winning the 2019 Major League Soccer Cup.</title>
    <sponsors>
      <item>
        <party>D</party>
        <state>WA</state>
        <identifiers>
          <lisID>172</lisID>
          <gpoId>8288</gpoId>
          <bioguideId>C000127</bioguideId>
        </identifiers>
        <middleName />
        <byRequestType />
        <bioguideId>C000127</bioguideId>
        <firstName>MARIA</firstName>
        <fullName>Sen. Cantwell, Maria [D-WA]</fullName>
        <lastName>CANTWELL</lastName>
      </item>
    </sponsors>
    <cosponsors>
      <item>
        <firstName>PATTY</firstName>
        <middleName />
        <isOriginalCosponsor>True</isOriginalCosponsor>
        <state>WA</state>
        <bioguideId>M001111</bioguideId>
        <identifiers>
          <lisID>1409</lisID>
          <gpoId>8237</gpoId>
          <bioguideId>M001111</bioguideId>
        </identifiers>
        <sponsorshipWithdrawnDate />
        <sponsorshipDate>2019-11-14</sponsorshipDate>
        <fullName>Sen. Murray, Patty [D-WA]</fullName>
        <party>D</party>
        <lastName>MURRAY</lastName>
      </item>
    </cosponsors>
    <billNumber>421</billNumber>
    <congress>116</congress>
    <latestAction>
      <links />
      <actionDate>2019-11-14</actionDate>
      <text>Referred to the Committee on Commerce, Science, and Transportation. (text: CR S6610-6611)</text>
    </latestAction>
    <billType>SRES</billType>
    <updateDate>2019-11-15T21:55:34Z</updateDate>
    <createDate>2019-11-15T05:57:34Z</createDate>
    <version>1.0.0</version>
  </bill>
  <dublinCore xmlns:dc="http://purl.org/dc/elements/1.1/">
    <dc:format>text/xml</dc:format>
    <dc:language>EN</dc:language>
    <dc:rights>Pursuant to Title 17 Section 105 of the United States Code, this file is not subject to copyright protection and is in the public domain.</dc:rights>
    <dc:contributor>Congressional Research Service, Library of Congress</dc:contributor>
    <dc:description>This file contains bill summaries and statuses for federal legislation. A bill summary describes the most significant provisions of a piece of legislation and details the effects the legislative text may have on current law and federal programs. Bill summaries are authored by the Congressional Research Service (CRS) of the Library of Congress. As stated in Public Law 91-510 (2 USC 166 (d)(6)), one of the duties of CRS is "to prepare summaries and digests of bills and resolutions of a public general nature introduced in the Senate or House of Representatives". For more information, refer to the User Guide that accompanies this file.</dc:description>
  </dublinCore>
</billStatus>

