<?xml version="1.0" encoding="UTF-8"?>
<billStatus>
  <bill>
    <version>1.0.0</version>
    <notes />
    <committeeReports />
    <policyArea>
      <name>Civil Rights and Liberties, Minority Issues</name>
    </policyArea>
    <billNumber>357</billNumber>
    <actions>
      <actionTypeCounts>
        <referredToCommittee>1</referredToCommittee>
        <introducedInSenate>1</introducedInSenate>
      </actionTypeCounts>
      <item>
        <actionDate>2019-09-26</actionDate>
        <committee>
          <systemCode>ssju00</systemCode>
          <name>Judiciary Committee</name>
        </committee>
        <links>
          <link>
            <url>https://www.congress.gov/congressional-record/volume-165/senate-section/page/S5757</url>
            <name>S5757</name>
          </link>
        </links>
        <sourceSystem>
          <code>0</code>
          <name>Senate</name>
        </sourceSystem>
        <text>Referred to the Committee on the Judiciary. (text: CR S5757)</text>
        <type>IntroReferral</type>
      </item>
      <item>
        <links />
        <actionDate>2019-09-26</actionDate>
        <text>Introduced in Senate</text>
        <type>IntroReferral</type>
        <committee />
        <sourceSystem>
          <code>9</code>
          <name>Library of Congress</name>
        </sourceSystem>
        <actionCode>10000</actionCode>
      </item>
      <actionByCounts>
        <senate>2</senate>
      </actionByCounts>
    </actions>
    <titles>
      <item>
        <title>A resolution celebrating the 150th anniversary of the birth of Mahatma Gandhi.</title>
        <chamberCode />
        <titleType>Official Title as Introduced</titleType>
        <chamberName />
        <parentTitleType />
      </item>
      <item>
        <title>A resolution celebrating the 150th anniversary of the birth of Mahatma Gandhi.</title>
        <chamberCode />
        <titleType>Display Title</titleType>
        <chamberName />
        <parentTitleType />
      </item>
    </titles>
    <congress>116</congress>
    <recordedVotes />
    <latestAction>
      <links />
      <actionDate>2019-09-26</actionDate>
      <text>Referred to the Committee on the Judiciary. (text: CR S5757)</text>
    </latestAction>
    <laws />
    <introducedDate>2019-09-26</introducedDate>
    <sponsors>
      <item>
        <byRequestType />
        <fullName>Sen. Menendez, Robert [D-NJ]</fullName>
        <identifiers>
          <bioguideId>M000639</bioguideId>
          <gpoId>8239</gpoId>
          <lisID>791</lisID>
        </identifiers>
        <bioguideId>M000639</bioguideId>
        <firstName>Robert</firstName>
        <party>D</party>
        <lastName>Menendez</lastName>
        <middleName />
        <state>NJ</state>
      </item>
    </sponsors>
    <title>A resolution celebrating the 150th anniversary of the birth of Mahatma Gandhi.</title>
    <subjects>
      <billSubjects>
        <legislativeSubjects>
          <item>
            <name>Asia</name>
          </item>
          <item>
            <name>Commemorative events and holidays</name>
          </item>
          <item>
            <name>Congressional tributes</name>
          </item>
          <item>
            <name>India</name>
          </item>
          <item>
            <name>Political movements and philosophies</name>
          </item>
          <item>
            <name>Protest and dissent</name>
          </item>
        </legislativeSubjects>
        <policyArea>
          <name>Civil Rights and Liberties, Minority Issues</name>
        </policyArea>
      </billSubjects>
    </subjects>
    <updateDate>2019-10-24T04:16:11Z</updateDate>
    <summaries>
      <billSummaries>
        <item>
          <actionDate>2019-09-26</actionDate>
          <lastSummaryUpdateDate>2019-10-16T19:26:07Z</lastSummaryUpdateDate>
          <versionCode>00</versionCode>
          <actionDesc>Introduced in Senate</actionDesc>
          <text><![CDATA[<p>This resolution celebrates the 150th anniversary of the birth of Mahatma Gandhi and honors his accomplishments and impact.</p>]]></text>
          <name>Introduced in Senate</name>
          <updateDate>2019-09-26T04:00:00Z</updateDate>
        </item>
      </billSummaries>
    </summaries>
    <textVersions>
      <item>
        <date>2019-09-26T04:00:00Z</date>
        <type>Introduced in Senate</type>
        <formats>
          <item>
            <url>https://www.govinfo.gov/content/pkg/BILLS-116sres357is/xml/BILLS-116sres357is.xml</url>
          </item>
        </formats>
      </item>
    </textVersions>
    <cboCostEstimates />
    <cosponsors>
      <item>
        <identifiers>
          <bioguideId>C001098</bioguideId>
          <gpoId />
          <lisID>2175</lisID>
        </identifiers>
        <sponsorshipWithdrawnDate />
        <fullName>Sen. Cruz, Ted [R-TX]</fullName>
        <middleName />
        <party>R</party>
        <sponsorshipDate>2019-09-26</sponsorshipDate>
        <bioguideId>C001098</bioguideId>
        <state>TX</state>
        <isOriginalCosponsor>True</isOriginalCosponsor>
        <firstName>Ted</firstName>
        <lastName>Cruz</lastName>
      </item>
      <item>
        <identifiers>
          <bioguideId>W000805</bioguideId>
          <gpoId>8269</gpoId>
          <lisID>1897</lisID>
        </identifiers>
        <sponsorshipWithdrawnDate />
        <fullName>Sen. Warner, Mark R. [D-VA]</fullName>
        <middleName>R.</middleName>
        <party>D</party>
        <sponsorshipDate>2019-09-26</sponsorshipDate>
        <bioguideId>W000805</bioguideId>
        <state>VA</state>
        <isOriginalCosponsor>True</isOriginalCosponsor>
        <firstName>Mark</firstName>
        <lastName>Warner</lastName>
      </item>
      <item>
        <identifiers>
          <bioguideId>C001056</bioguideId>
          <gpoId>8295</gpoId>
          <lisID>1692</lisID>
        </identifiers>
        <sponsorshipWithdrawnDate />
        <fullName>Sen. Cornyn, John [R-TX]</fullName>
        <middleName />
        <party>R</party>
        <sponsorshipDate>2019-09-26</sponsorshipDate>
        <bioguideId>C001056</bioguideId>
        <state>TX</state>
        <isOriginalCosponsor>True</isOriginalCosponsor>
        <firstName>John</firstName>
        <lastName>Cornyn</lastName>
      </item>
    </cosponsors>
    <billType>SRES</billType>
    <calendarNumbers />
    <relatedBills />
    <createDate>2019-09-27T04:42:29Z</createDate>
    <amendments />
    <originChamber>Senate</originChamber>
    <committees>
      <billCommittees>
        <item>
          <type>Standing</type>
          <subcommittees />
          <systemCode>ssju00</systemCode>
          <chamber>Senate</chamber>
          <name>Judiciary Committee</name>
          <activities>
            <item>
              <date>2019-09-26T20:14:08Z</date>
              <name>Referred to</name>
            </item>
          </activities>
        </item>
      </billCommittees>
    </committees>
  </bill>
  <dublinCore xmlns:dc="http://purl.org/dc/elements/1.1/">
    <dc:format>text/xml</dc:format>
    <dc:language>EN</dc:language>
    <dc:rights>Pursuant to Title 17 Section 105 of the United States Code, this file is not subject to copyright protection and is in the public domain.</dc:rights>
    <dc:contributor>Congressional Research Service, Library of Congress</dc:contributor>
    <dc:description>This file contains bill summaries and statuses for federal legislation. A bill summary describes the most significant provisions of a piece of legislation and details the effects the legislative text may have on current law and federal programs. Bill summaries are authored by the Congressional Research Service (CRS) of the Library of Congress. As stated in Public Law 91-510 (2 USC 166 (d)(6)), one of the duties of CRS is "to prepare summaries and digests of bills and resolutions of a public general nature introduced in the Senate or House of Representatives". For more information, refer to the User Guide that accompanies this file.</dc:description>
  </dublinCore>
</billStatus>

