<?xml version="1.0" encoding="UTF-8"?>
<billStatus>
  <bill>
    <policyArea>
      <name>Health</name>
    </policyArea>
    <version>1.0.0</version>
    <recordedVotes />
    <amendments />
    <relatedBills>
      <item>
        <relationshipDetails>
          <item>
            <type>Related bill</type>
            <identifiedBy>CRS</identifiedBy>
          </item>
        </relationshipDetails>
        <latestTitle>Expressing support for the designation of the week of May 6 through May 12, 2019, as National Nurses Week.</latestTitle>
        <congress>116</congress>
        <type>HRES</type>
        <number>368</number>
        <latestAction>
          <actionDate>2019-05-09</actionDate>
          <text>Referred to the House Committee on Energy and Commerce.</text>
        </latestAction>
      </item>
    </relatedBills>
    <billNumber>224</billNumber>
    <subjects>
      <billSubjects>
        <policyArea>
          <name>Health</name>
        </policyArea>
        <legislativeSubjects>
          <item>
            <name>Commemorative events and holidays</name>
          </item>
          <item>
            <name>Congressional tributes</name>
          </item>
          <item>
            <name>Health personnel</name>
          </item>
          <item>
            <name>Nursing</name>
          </item>
        </legislativeSubjects>
      </billSubjects>
    </subjects>
    <textVersions>
      <item>
        <type>Agreed to Senate</type>
        <date>2019-05-23T04:00:00Z</date>
        <formats>
          <item>
            <url>https://www.govinfo.gov/content/pkg/BILLS-116sres224ats/xml/BILLS-116sres224ats.xml</url>
          </item>
        </formats>
      </item>
    </textVersions>
    <summaries>
      <billSummaries>
        <item>
          <actionDesc>Introduced in Senate</actionDesc>
          <lastSummaryUpdateDate>2019-08-09T14:22:16Z</lastSummaryUpdateDate>
          <actionDate>2019-05-23</actionDate>
          <updateDate>2019-05-23T04:00:00Z</updateDate>
          <versionCode>00</versionCode>
          <text><![CDATA[<p> This resolution expresses support for the goals and ideals of National Nurses Week. </p> <p>It also recognizes the contributions of nurses to the U.S. health care system.</p>]]></text>
          <name>Introduced in Senate</name>
        </item>
        <item>
          <actionDesc>Passed Senate</actionDesc>
          <lastSummaryUpdateDate>2019-11-01T18:42:27Z</lastSummaryUpdateDate>
          <actionDate>2019-05-23</actionDate>
          <updateDate>2019-05-23T11:52:09Z</updateDate>
          <versionCode>55</versionCode>
          <text><![CDATA[<p>This resolution expresses support for the goals and ideals of National Nurses Week. </p> <p>It also recognizes the contributions of nurses to the U.S. health care system.</p>]]></text>
          <name>Passed Senate</name>
        </item>
      </billSummaries>
    </summaries>
    <billType>SRES</billType>
    <createDate>2019-05-24T05:27:12Z</createDate>
    <cosponsors>
      <item>
        <sponsorshipWithdrawnDate />
        <fullName>Sen. Merkley, Jeff [D-OR]</fullName>
        <lastName>Merkley</lastName>
        <bioguideId>M001176</bioguideId>
        <state>OR</state>
        <sponsorshipDate>2019-05-23</sponsorshipDate>
        <firstName>Jeff</firstName>
        <identifiers>
          <lisID>1900</lisID>
          <bioguideId>M001176</bioguideId>
          <gpoId>8238</gpoId>
        </identifiers>
        <middleName />
        <isOriginalCosponsor>True</isOriginalCosponsor>
        <party>D</party>
      </item>
    </cosponsors>
    <sponsors>
      <item>
        <bioguideId>W000437</bioguideId>
        <firstName>ROGER</firstName>
        <middleName>F.</middleName>
        <identifiers>
          <lisID>1226</lisID>
          <bioguideId>W000437</bioguideId>
          <gpoId>8263</gpoId>
        </identifiers>
        <lastName>WICKER</lastName>
        <byRequestType />
        <party>R</party>
        <state>MS</state>
        <fullName>Sen. Wicker, Roger F. [R-MS]</fullName>
      </item>
    </sponsors>
    <titles>
      <item>
        <titleType>Official Title as Introduced</titleType>
        <parentTitleType />
        <chamberName />
        <title>A resolution supporting the goals and ideals of National Nurses Week, to be observed from May 6 through May 12, 2019.</title>
        <chamberCode />
      </item>
      <item>
        <titleType>Display Title</titleType>
        <parentTitleType />
        <chamberName />
        <title>A resolution supporting the goals and ideals of National Nurses Week, to be observed from May 6 through May 12, 2019.</title>
        <chamberCode />
      </item>
    </titles>
    <title>A resolution supporting the goals and ideals of National Nurses Week, to be observed from May 6 through May 12, 2019.</title>
    <committeeReports />
    <updateDate>2019-11-06T10:59:18Z</updateDate>
    <cboCostEstimates />
    <laws />
    <notes />
    <introducedDate>2019-05-23</introducedDate>
    <congress>116</congress>
    <originChamber>Senate</originChamber>
    <latestAction>
      <actionDate>2019-05-23</actionDate>
      <links />
      <text>Submitted in the Senate, considered, and agreed to without amendment and with a preamble by Voice Vote. (consideration: CR S3127; text: CR S3117)</text>
    </latestAction>
    <actions>
      <actionTypeCounts>
        <passedOrAgreedToInSenateDayOf>1</passedOrAgreedToInSenateDayOf>
        <introducedInSenate>1</introducedInSenate>
        <passedAgreedToInSenate>1</passedAgreedToInSenate>
      </actionTypeCounts>
      <actionByCounts>
        <senate>3</senate>
      </actionByCounts>
      <item>
        <actionDate>2019-05-23</actionDate>
        <committee />
        <links>
          <link>
            <url>https://www.congress.gov/congressional-record/volume-165/senate-section/page/S3117</url>
            <name>S3117</name>
          </link>
          <link>
            <url>https://www.congress.gov/congressional-record/volume-165/senate-section/page/S3127</url>
            <name>S3127</name>
          </link>
        </links>
        <sourceSystem>
          <code>0</code>
          <name>Senate</name>
        </sourceSystem>
        <text>Submitted in the Senate, considered, and agreed to without amendment and with a preamble by Voice Vote. (consideration: CR S3127; text: CR S3117)</text>
        <type>Floor</type>
      </item>
      <item>
        <actionCode>17000</actionCode>
        <text>Passed/agreed to in Senate: Submitted in the Senate, considered, and agreed to without amendment and with a preamble by Voice Vote.(consideration: CR S3127; text: CR S3117)</text>
        <links>
          <link>
            <url>https://www.congress.gov/congressional-record/volume-165/senate-section/page/S3117</url>
            <name>S3117</name>
          </link>
          <link>
            <url>https://www.congress.gov/congressional-record/volume-165/senate-section/page/S3127</url>
            <name>S3127</name>
          </link>
        </links>
        <committee />
        <type>Floor</type>
        <sourceSystem>
          <code>9</code>
          <name>Library of Congress</name>
        </sourceSystem>
        <actionDate>2019-05-23</actionDate>
      </item>
      <item>
        <actionCode>10000</actionCode>
        <text>Introduced in Senate</text>
        <links />
        <committee />
        <type>IntroReferral</type>
        <sourceSystem>
          <code>9</code>
          <name>Library of Congress</name>
        </sourceSystem>
        <actionDate>2019-05-23</actionDate>
      </item>
    </actions>
    <committees>
      <billCommittees />
    </committees>
    <calendarNumbers />
  </bill>
  <dublinCore xmlns:dc="http://purl.org/dc/elements/1.1/">
    <dc:format>text/xml</dc:format>
    <dc:language>EN</dc:language>
    <dc:rights>Pursuant to Title 17 Section 105 of the United States Code, this file is not subject to copyright protection and is in the public domain.</dc:rights>
    <dc:contributor>Congressional Research Service, Library of Congress</dc:contributor>
    <dc:description>This file contains bill summaries and statuses for federal legislation. A bill summary describes the most significant provisions of a piece of legislation and details the effects the legislative text may have on current law and federal programs. Bill summaries are authored by the Congressional Research Service (CRS) of the Library of Congress. As stated in Public Law 91-510 (2 USC 166 (d)(6)), one of the duties of CRS is "to prepare summaries and digests of bills and resolutions of a public general nature introduced in the Senate or House of Representatives". For more information, refer to the User Guide that accompanies this file.</dc:description>
  </dublinCore>
</billStatus>

