<?xml version="1.0" encoding="UTF-8"?>
<billStatus>
  <bill>
    <subjects>
      <billSubjects>
        <legislativeSubjects />
        <policyArea>
          <name>International Affairs</name>
        </policyArea>
      </billSubjects>
    </subjects>
    <relatedBills />
    <notes />
    <committees>
      <billCommittees>
        <item>
          <type>Standing</type>
          <name>Foreign Relations Committee</name>
          <activities>
            <item>
              <date>2019-10-24T14:31:20Z</date>
              <name>Referred to</name>
            </item>
          </activities>
          <subcommittees />
          <systemCode>ssfr00</systemCode>
          <chamber>Senate</chamber>
        </item>
      </billCommittees>
    </committees>
    <summaries>
      <billSummaries />
    </summaries>
    <version>1.0.0</version>
    <originChamber>Senate</originChamber>
    <congress>116</congress>
    <latestAction>
      <actionDate>2019-10-24</actionDate>
      <text>Referred to the Committee on Foreign Relations. (text: CR S6159-6160)</text>
      <links />
    </latestAction>
    <actions>
      <actionTypeCounts>
        <introducedInSenate>1</introducedInSenate>
        <referredToCommittee>1</referredToCommittee>
      </actionTypeCounts>
      <item>
        <actionDate>2019-10-24</actionDate>
        <committee>
          <systemCode>ssfr00</systemCode>
          <name>Foreign Relations Committee</name>
        </committee>
        <links>
          <link>
            <url>https://www.congress.gov/congressional-record/volume-165/senate-section/page/S6159-6160</url>
            <name>S6159-6160</name>
          </link>
        </links>
        <sourceSystem>
          <code>0</code>
          <name>Senate</name>
        </sourceSystem>
        <text>Referred to the Committee on Foreign Relations. (text: CR S6159-6160)</text>
        <type>IntroReferral</type>
      </item>
      <item>
        <actionCode>10000</actionCode>
        <text>Introduced in Senate</text>
        <sourceSystem>
          <code>9</code>
          <name>Library of Congress</name>
        </sourceSystem>
        <actionDate>2019-10-24</actionDate>
        <type>IntroReferral</type>
        <links />
        <committee />
      </item>
      <actionByCounts>
        <senate>2</senate>
      </actionByCounts>
    </actions>
    <createDate>2019-10-25T04:42:29Z</createDate>
    <titles>
      <item>
        <title>A resolution emphasizing the importance of a career, nonpartisan Foreign Service of the United States.</title>
        <chamberCode />
        <parentTitleType />
        <titleType>Official Title as Introduced</titleType>
        <chamberName />
      </item>
      <item>
        <title>A resolution emphasizing the importance of a career, nonpartisan Foreign Service of the United States.</title>
        <chamberCode />
        <parentTitleType />
        <titleType>Display Title</titleType>
        <chamberName />
      </item>
    </titles>
    <laws />
    <introducedDate>2019-10-24</introducedDate>
    <calendarNumbers />
    <recordedVotes />
    <textVersions>
      <item>
        <formats>
          <item>
            <url>https://www.govinfo.gov/content/pkg/BILLS-116sres376is/xml/BILLS-116sres376is.xml</url>
          </item>
        </formats>
        <date>2019-10-24T04:00:00Z</date>
        <type>Introduced in Senate</type>
      </item>
    </textVersions>
    <cosponsors>
      <item>
        <party>D</party>
        <lastName>Van Hollen</lastName>
        <firstName>Chris</firstName>
        <bioguideId>V000128</bioguideId>
        <state>MD</state>
        <sponsorshipDate>2019-10-24</sponsorshipDate>
        <fullName>Sen. Van Hollen, Chris [D-MD]</fullName>
        <identifiers>
          <bioguideId>V000128</bioguideId>
          <gpoId>7983</gpoId>
          <lisID>1729</lisID>
        </identifiers>
        <middleName />
        <sponsorshipWithdrawnDate />
        <isOriginalCosponsor>True</isOriginalCosponsor>
      </item>
      <item>
        <party>D</party>
        <lastName>Coons</lastName>
        <firstName>Christopher</firstName>
        <bioguideId>C001088</bioguideId>
        <state>DE</state>
        <sponsorshipDate>2019-10-24</sponsorshipDate>
        <fullName>Sen. Coons, Christopher A. [D-DE]</fullName>
        <identifiers>
          <lisID>1984</lisID>
          <gpoId>8297</gpoId>
          <bioguideId>C001088</bioguideId>
        </identifiers>
        <middleName>A.</middleName>
        <sponsorshipWithdrawnDate />
        <isOriginalCosponsor>True</isOriginalCosponsor>
      </item>
      <item>
        <party>D</party>
        <lastName>Duckworth</lastName>
        <firstName>Tammy</firstName>
        <bioguideId>D000622</bioguideId>
        <state>IL</state>
        <sponsorshipDate>2019-10-24</sponsorshipDate>
        <fullName>Sen. Duckworth, Tammy [D-IL]</fullName>
        <identifiers>
          <lisID>2123</lisID>
          <gpoId />
          <bioguideId>D000622</bioguideId>
        </identifiers>
        <middleName />
        <sponsorshipWithdrawnDate />
        <isOriginalCosponsor>True</isOriginalCosponsor>
      </item>
      <item>
        <party>D</party>
        <lastName>FEINSTEIN</lastName>
        <firstName>DIANNE</firstName>
        <bioguideId>F000062</bioguideId>
        <state>CA</state>
        <sponsorshipDate>2019-10-24</sponsorshipDate>
        <fullName>Sen. Feinstein, Dianne [D-CA]</fullName>
        <identifiers>
          <lisID>1332</lisID>
          <gpoId>8338</gpoId>
          <bioguideId>F000062</bioguideId>
        </identifiers>
        <middleName />
        <sponsorshipWithdrawnDate />
        <isOriginalCosponsor>True</isOriginalCosponsor>
      </item>
      <item>
        <party>D</party>
        <lastName>Harris</lastName>
        <firstName>Kamala</firstName>
        <bioguideId>H001075</bioguideId>
        <state>CA</state>
        <sponsorshipDate>2019-10-24</sponsorshipDate>
        <fullName>Sen. Harris, Kamala D. [D-CA]</fullName>
        <identifiers>
          <lisID>2301</lisID>
          <gpoId />
          <bioguideId>H001075</bioguideId>
        </identifiers>
        <middleName>D.</middleName>
        <sponsorshipWithdrawnDate />
        <isOriginalCosponsor>True</isOriginalCosponsor>
      </item>
      <item>
        <party>D</party>
        <lastName>Kaine</lastName>
        <firstName>Timothy</firstName>
        <bioguideId>K000384</bioguideId>
        <state>VA</state>
        <sponsorshipDate>2019-10-24</sponsorshipDate>
        <fullName>Sen. Kaine, Tim [D-VA]</fullName>
        <identifiers>
          <lisID>2176</lisID>
          <gpoId />
          <bioguideId>K000384</bioguideId>
        </identifiers>
        <middleName />
        <sponsorshipWithdrawnDate />
        <isOriginalCosponsor>True</isOriginalCosponsor>
      </item>
      <item>
        <party>D</party>
        <lastName>REED</lastName>
        <firstName>JOHN</firstName>
        <bioguideId>R000122</bioguideId>
        <state>RI</state>
        <sponsorshipDate>2019-10-24</sponsorshipDate>
        <fullName>Sen. Reed, Jack [D-RI]</fullName>
        <identifiers>
          <bioguideId>R000122</bioguideId>
          <gpoId>8272</gpoId>
          <lisID>949</lisID>
        </identifiers>
        <middleName>F.</middleName>
        <sponsorshipWithdrawnDate />
        <isOriginalCosponsor>True</isOriginalCosponsor>
      </item>
      <item>
        <party>D</party>
        <lastName>Hirono</lastName>
        <firstName>Mazie</firstName>
        <bioguideId>H001042</bioguideId>
        <state>HI</state>
        <sponsorshipDate>2019-10-24</sponsorshipDate>
        <fullName>Sen. Hirono, Mazie K. [D-HI]</fullName>
        <identifiers>
          <bioguideId>H001042</bioguideId>
          <gpoId>7913</gpoId>
          <lisID>1844</lisID>
        </identifiers>
        <middleName>K.</middleName>
        <sponsorshipWithdrawnDate />
        <isOriginalCosponsor>True</isOriginalCosponsor>
      </item>
      <item>
        <party>D</party>
        <lastName>Blumenthal</lastName>
        <firstName>Richard</firstName>
        <bioguideId>B001277</bioguideId>
        <state>CT</state>
        <sponsorshipDate>2019-10-24</sponsorshipDate>
        <fullName>Sen. Blumenthal, Richard [D-CT]</fullName>
        <identifiers>
          <lisID>2076</lisID>
          <gpoId>8332</gpoId>
          <bioguideId>B001277</bioguideId>
        </identifiers>
        <middleName />
        <sponsorshipWithdrawnDate />
        <isOriginalCosponsor>True</isOriginalCosponsor>
      </item>
      <item>
        <party>D</party>
        <lastName>MARKEY</lastName>
        <firstName>EDWARD</firstName>
        <bioguideId>M000133</bioguideId>
        <state>MA</state>
        <sponsorshipDate>2019-10-24</sponsorshipDate>
        <fullName>Sen. Markey, Edward J. [D-MA]</fullName>
        <identifiers>
          <lisID>735</lisID>
          <gpoId>7972</gpoId>
          <bioguideId>M000133</bioguideId>
        </identifiers>
        <middleName>J.</middleName>
        <sponsorshipWithdrawnDate />
        <isOriginalCosponsor>True</isOriginalCosponsor>
      </item>
      <item>
        <party>D</party>
        <lastName>DURBIN</lastName>
        <firstName>RICHARD</firstName>
        <bioguideId>D000563</bioguideId>
        <state>IL</state>
        <sponsorshipDate>2019-10-24</sponsorshipDate>
        <fullName>Sen. Durbin, Richard J. [D-IL]</fullName>
        <identifiers>
          <bioguideId>D000563</bioguideId>
          <gpoId>8326</gpoId>
          <lisID>326</lisID>
        </identifiers>
        <middleName>J.</middleName>
        <sponsorshipWithdrawnDate />
        <isOriginalCosponsor>True</isOriginalCosponsor>
      </item>
      <item>
        <party>D</party>
        <lastName>Shaheen</lastName>
        <firstName>Jeanne</firstName>
        <bioguideId>S001181</bioguideId>
        <state>NH</state>
        <sponsorshipDate>2019-10-31</sponsorshipDate>
        <fullName>Sen. Shaheen, Jeanne [D-NH]</fullName>
        <identifiers>
          <bioguideId>S001181</bioguideId>
          <lisID>1901</lisID>
          <gpoId>8276</gpoId>
        </identifiers>
        <middleName />
        <sponsorshipWithdrawnDate />
        <isOriginalCosponsor>False</isOriginalCosponsor>
      </item>
    </cosponsors>
    <amendments />
    <billNumber>376</billNumber>
    <updateDate>2019-11-15T21:56:34Z</updateDate>
    <cboCostEstimates />
    <title>A resolution emphasizing the importance of a career, nonpartisan Foreign Service of the United States.</title>
    <committeeReports />
    <policyArea>
      <name>International Affairs</name>
    </policyArea>
    <sponsors>
      <item>
        <party>D</party>
        <lastName>Merkley</lastName>
        <firstName>Jeff</firstName>
        <state>OR</state>
        <fullName>Sen. Merkley, Jeff [D-OR]</fullName>
        <identifiers>
          <lisID>1900</lisID>
          <gpoId>8238</gpoId>
          <bioguideId>M001176</bioguideId>
        </identifiers>
        <middleName />
        <bioguideId>M001176</bioguideId>
        <byRequestType />
      </item>
    </sponsors>
    <billType>SRES</billType>
  </bill>
  <dublinCore xmlns:dc="http://purl.org/dc/elements/1.1/">
    <dc:format>text/xml</dc:format>
    <dc:language>EN</dc:language>
    <dc:rights>Pursuant to Title 17 Section 105 of the United States Code, this file is not subject to copyright protection and is in the public domain.</dc:rights>
    <dc:contributor>Congressional Research Service, Library of Congress</dc:contributor>
    <dc:description>This file contains bill summaries and statuses for federal legislation. A bill summary describes the most significant provisions of a piece of legislation and details the effects the legislative text may have on current law and federal programs. Bill summaries are authored by the Congressional Research Service (CRS) of the Library of Congress. As stated in Public Law 91-510 (2 USC 166 (d)(6)), one of the duties of CRS is "to prepare summaries and digests of bills and resolutions of a public general nature introduced in the Senate or House of Representatives". For more information, refer to the User Guide that accompanies this file.</dc:description>
  </dublinCore>
</billStatus>

