<?xml version="1.0" encoding="UTF-8"?>
<billStatus>
  <bill>
    <committeeReports />
    <version>1.0.0</version>
    <updateDate>2019-03-22T18:12:02Z</updateDate>
    <committees>
      <billCommittees />
    </committees>
    <latestAction>
      <actionDate>2019-02-28</actionDate>
      <links />
      <text>Submitted in the Senate, considered, and agreed to without amendment by Unanimous Consent. (consideration: CR S1606; text: CR S1602)</text>
    </latestAction>
    <textVersions>
      <item>
        <date>2019-02-28T05:00:00Z</date>
        <type>Agreed to Senate</type>
        <formats>
          <item>
            <url>https://www.govinfo.gov/content/pkg/BILLS-116sres86ats/xml/BILLS-116sres86ats.xml</url>
          </item>
        </formats>
      </item>
    </textVersions>
    <billNumber>86</billNumber>
    <policyArea>
      <name>Congress</name>
    </policyArea>
    <sponsors>
      <item>
        <fullName>Sen. Blunt, Roy [R-MO]</fullName>
        <firstName>Roy</firstName>
        <middleName />
        <lastName>Blunt</lastName>
        <byRequestType />
        <party>R</party>
        <bioguideId>B000575</bioguideId>
        <state>MO</state>
        <identifiers>
          <bioguideId>B000575</bioguideId>
          <gpoId>8313</gpoId>
          <lisID>1464</lisID>
        </identifiers>
      </item>
    </sponsors>
    <relatedBills />
    <titles>
      <item>
        <parentTitleType />
        <chamberCode />
        <title>A resolution providing for members on the part of the Senate of the Joint Committee on Printing and the Joint Committee of Congress on the Library.</title>
        <chamberName />
        <titleType>Official Title as Introduced</titleType>
      </item>
      <item>
        <parentTitleType />
        <chamberCode />
        <title>A resolution providing for members on the part of the Senate of the Joint Committee on Printing and the Joint Committee of Congress on the Library.</title>
        <chamberName />
        <titleType>Display Title</titleType>
      </item>
    </titles>
    <actions>
      <actionTypeCounts>
        <passedOrAgreedToInSenateDayOf>1</passedOrAgreedToInSenateDayOf>
        <passedAgreedToInSenate>1</passedAgreedToInSenate>
        <introducedInSenate>1</introducedInSenate>
      </actionTypeCounts>
      <item>
        <actionDate>2019-02-28</actionDate>
        <committee />
        <links>
          <link>
            <name>S1602</name>
            <url>https://www.congress.gov/congressional-record/volume-165/senate-section/page/S1602</url>
          </link>
          <link>
            <name>S1606</name>
            <url>https://www.congress.gov/congressional-record/volume-165/senate-section/page/S1606</url>
          </link>
        </links>
        <sourceSystem>
          <code>0</code>
          <name>Senate</name>
        </sourceSystem>
        <text>Submitted in the Senate, considered, and agreed to without amendment by Unanimous Consent. (consideration: CR S1606; text: CR S1602)</text>
        <type>Floor</type>
      </item>
      <item>
        <sourceSystem>
          <code>9</code>
          <name>Library of Congress</name>
        </sourceSystem>
        <actionCode>17000</actionCode>
        <committee />
        <type>Floor</type>
        <actionDate>2019-02-28</actionDate>
        <links>
          <link>
            <name>S1602</name>
            <url>https://www.congress.gov/congressional-record/volume-165/senate-section/page/S1602</url>
          </link>
          <link>
            <name>S1606</name>
            <url>https://www.congress.gov/congressional-record/volume-165/senate-section/page/S1606</url>
          </link>
        </links>
        <text>Passed/agreed to in Senate: Submitted in the Senate, considered, and agreed to without amendment by Unanimous Consent.(consideration: CR S1606; text: CR S1602)</text>
      </item>
      <item>
        <sourceSystem>
          <code>9</code>
          <name>Library of Congress</name>
        </sourceSystem>
        <actionCode>10000</actionCode>
        <committee />
        <type>IntroReferral</type>
        <actionDate>2019-02-28</actionDate>
        <links />
        <text>Introduced in Senate</text>
      </item>
      <actionByCounts>
        <senate>3</senate>
      </actionByCounts>
    </actions>
    <calendarNumbers />
    <title>A resolution providing for members on the part of the Senate of the Joint Committee on Printing and the Joint Committee of Congress on the Library.</title>
    <billType>SRES</billType>
    <laws />
    <introducedDate>2019-02-28</introducedDate>
    <recordedVotes />
    <subjects>
      <billSubjects>
        <legislativeSubjects>
          <item>
            <name>Congressional committees</name>
          </item>
          <item>
            <name>Joint Committee on Printing</name>
          </item>
          <item>
            <name>Joint Committee on the Library</name>
          </item>
          <item>
            <name>Members of Congress</name>
          </item>
          <item>
            <name>Senate</name>
          </item>
        </legislativeSubjects>
        <policyArea>
          <name>Congress</name>
        </policyArea>
      </billSubjects>
    </subjects>
    <notes />
    <congress>116</congress>
    <cboCostEstimates />
    <createDate>2019-03-01T05:40:08Z</createDate>
    <cosponsors />
    <amendments />
    <originChamber>Senate</originChamber>
    <summaries>
      <billSummaries>
        <item>
          <actionDesc>Introduced in Senate</actionDesc>
          <versionCode>00</versionCode>
          <updateDate>2019-02-28T05:00:00Z</updateDate>
          <text><![CDATA[<p>This resolution elects Senate members to the Joint Committee on Printing and the Joint Committee of Congress on the Library. </p>]]></text>
          <actionDate>2019-02-28</actionDate>
          <name>Introduced in Senate</name>
          <lastSummaryUpdateDate>2019-03-05T22:37:59Z</lastSummaryUpdateDate>
        </item>
        <item>
          <actionDesc>Passed Senate</actionDesc>
          <versionCode>55</versionCode>
          <updateDate>2019-02-28T13:49:36Z</updateDate>
          <text><![CDATA[<p>This resolution elects Senate members to the Joint Committee on Printing and the Joint Committee of Congress on the Library.</p>]]></text>
          <actionDate>2019-02-28</actionDate>
          <name>Passed Senate</name>
          <lastSummaryUpdateDate>2019-03-06T22:40:56Z</lastSummaryUpdateDate>
        </item>
      </billSummaries>
    </summaries>
  </bill>
  <dublinCore xmlns:dc="http://purl.org/dc/elements/1.1/">
    <dc:format>text/xml</dc:format>
    <dc:language>EN</dc:language>
    <dc:rights>Pursuant to Title 17 Section 105 of the United States Code, this file is not subject to copyright protection and is in the public domain.</dc:rights>
    <dc:contributor>Congressional Research Service, Library of Congress</dc:contributor>
    <dc:description>This file contains bill summaries and statuses for federal legislation. A bill summary describes the most significant provisions of a piece of legislation and details the effects the legislative text may have on current law and federal programs. Bill summaries are authored by the Congressional Research Service (CRS) of the Library of Congress. As stated in Public Law 91-510 (2 USC 166 (d)(6)), one of the duties of CRS is "to prepare summaries and digests of bills and resolutions of a public general nature introduced in the Senate or House of Representatives". For more information, refer to the User Guide that accompanies this file.</dc:description>
  </dublinCore>
</billStatus>

