<?xml version="1.0" encoding="UTF-8"?>
<billStatus>
  <bill>
    <policyArea>
      <name>Government Operations and Politics</name>
    </policyArea>
    <version>1.0.0</version>
    <recordedVotes />
    <amendments />
    <relatedBills />
    <billNumber>252</billNumber>
    <subjects>
      <billSubjects>
        <legislativeSubjects>
          <item>
            <name>Commemorative events and holidays</name>
          </item>
          <item>
            <name>Sovereignty, recognition, national governance and status</name>
          </item>
        </legislativeSubjects>
        <policyArea>
          <name>Government Operations and Politics</name>
        </policyArea>
      </billSubjects>
    </subjects>
    <textVersions>
      <item>
        <date>2019-09-26T04:00:00Z</date>
        <formats>
          <item>
            <url>https://www.govinfo.gov/content/pkg/BILLS-116sres252ats/xml/BILLS-116sres252ats.xml</url>
          </item>
        </formats>
        <type>Agreed to Senate</type>
      </item>
      <item>
        <date>2019-06-19T04:00:00Z</date>
        <formats>
          <item>
            <url>https://www.govinfo.gov/content/pkg/BILLS-116sres252is/xml/BILLS-116sres252is.xml</url>
          </item>
        </formats>
        <type>Introduced in Senate</type>
      </item>
    </textVersions>
    <summaries>
      <billSummaries />
    </summaries>
    <billType>SRES</billType>
    <createDate>2019-06-20T04:57:07Z</createDate>
    <cosponsors>
      <item>
        <fullName>Sen. Feinstein, Dianne [D-CA]</fullName>
        <isOriginalCosponsor>True</isOriginalCosponsor>
        <lastName>FEINSTEIN</lastName>
        <middleName />
        <state>CA</state>
        <bioguideId>F000062</bioguideId>
        <identifiers>
          <lisID>1332</lisID>
          <bioguideId>F000062</bioguideId>
          <gpoId>8338</gpoId>
        </identifiers>
        <sponsorshipDate>2019-06-19</sponsorshipDate>
        <firstName>DIANNE</firstName>
        <sponsorshipWithdrawnDate />
        <party>D</party>
      </item>
      <item>
        <fullName>Sen. Boozman, John [R-AR]</fullName>
        <isOriginalCosponsor>False</isOriginalCosponsor>
        <lastName>Boozman</lastName>
        <middleName />
        <state>AR</state>
        <bioguideId>B001236</bioguideId>
        <identifiers>
          <lisID>1687</lisID>
          <bioguideId>B001236</bioguideId>
          <gpoId>8247</gpoId>
        </identifiers>
        <sponsorshipDate>2019-06-25</sponsorshipDate>
        <firstName>John</firstName>
        <sponsorshipWithdrawnDate />
        <party>R</party>
      </item>
      <item>
        <fullName>Sen. Van Hollen, Chris [D-MD]</fullName>
        <isOriginalCosponsor>False</isOriginalCosponsor>
        <lastName>Van Hollen</lastName>
        <middleName />
        <state>MD</state>
        <bioguideId>V000128</bioguideId>
        <identifiers>
          <lisID>1729</lisID>
          <gpoId>7983</gpoId>
          <bioguideId>V000128</bioguideId>
        </identifiers>
        <sponsorshipDate>2019-06-26</sponsorshipDate>
        <firstName>Chris</firstName>
        <sponsorshipWithdrawnDate />
        <party>D</party>
      </item>
      <item>
        <fullName>Sen. Reed, Jack [D-RI]</fullName>
        <isOriginalCosponsor>False</isOriginalCosponsor>
        <lastName>REED</lastName>
        <middleName>F.</middleName>
        <state>RI</state>
        <bioguideId>R000122</bioguideId>
        <identifiers>
          <lisID>949</lisID>
          <gpoId>8272</gpoId>
          <bioguideId>R000122</bioguideId>
        </identifiers>
        <sponsorshipDate>2019-06-26</sponsorshipDate>
        <firstName>JOHN</firstName>
        <sponsorshipWithdrawnDate />
        <party>D</party>
      </item>
      <item>
        <fullName>Sen. Casey, Robert P., Jr. [D-PA]</fullName>
        <isOriginalCosponsor>False</isOriginalCosponsor>
        <lastName>Casey</lastName>
        <middleName />
        <state>PA</state>
        <bioguideId>C001070</bioguideId>
        <identifiers>
          <lisID>1828</lisID>
          <bioguideId>C001070</bioguideId>
          <gpoId>8282</gpoId>
        </identifiers>
        <sponsorshipDate>2019-06-26</sponsorshipDate>
        <firstName>Bob</firstName>
        <sponsorshipWithdrawnDate />
        <party>D</party>
      </item>
      <item>
        <fullName>Sen. Blumenthal, Richard [D-CT]</fullName>
        <isOriginalCosponsor>False</isOriginalCosponsor>
        <lastName>Blumenthal</lastName>
        <middleName />
        <state>CT</state>
        <bioguideId>B001277</bioguideId>
        <identifiers>
          <lisID>2076</lisID>
          <bioguideId>B001277</bioguideId>
          <gpoId>8332</gpoId>
        </identifiers>
        <sponsorshipDate>2019-06-27</sponsorshipDate>
        <firstName>Richard</firstName>
        <sponsorshipWithdrawnDate />
        <party>D</party>
      </item>
      <item>
        <fullName>Sen. Hassan, Margaret Wood [D-NH]</fullName>
        <isOriginalCosponsor>False</isOriginalCosponsor>
        <lastName>Hassan</lastName>
        <middleName>Wood</middleName>
        <state>NH</state>
        <bioguideId>H001076</bioguideId>
        <identifiers>
          <lisID>2302</lisID>
          <gpoId />
          <bioguideId>H001076</bioguideId>
        </identifiers>
        <sponsorshipDate>2019-06-27</sponsorshipDate>
        <firstName>Margaret</firstName>
        <sponsorshipWithdrawnDate />
        <party>D</party>
      </item>
      <item>
        <fullName>Sen. Rubio, Marco [R-FL]</fullName>
        <isOriginalCosponsor>False</isOriginalCosponsor>
        <lastName>Rubio</lastName>
        <middleName />
        <state>FL</state>
        <bioguideId>R000595</bioguideId>
        <identifiers>
          <lisID>2084</lisID>
          <bioguideId>R000595</bioguideId>
          <gpoId>8242</gpoId>
        </identifiers>
        <sponsorshipDate>2019-07-08</sponsorshipDate>
        <firstName>Marco</firstName>
        <sponsorshipWithdrawnDate />
        <party>R</party>
      </item>
      <item>
        <fullName>Sen. Blunt, Roy [R-MO]</fullName>
        <isOriginalCosponsor>False</isOriginalCosponsor>
        <lastName>Blunt</lastName>
        <middleName />
        <state>MO</state>
        <bioguideId>B000575</bioguideId>
        <identifiers>
          <lisID>1464</lisID>
          <bioguideId>B000575</bioguideId>
          <gpoId>8313</gpoId>
        </identifiers>
        <sponsorshipDate>2019-07-10</sponsorshipDate>
        <firstName>Roy</firstName>
        <sponsorshipWithdrawnDate />
        <party>R</party>
      </item>
      <item>
        <fullName>Sen. Durbin, Richard J. [D-IL]</fullName>
        <isOriginalCosponsor>False</isOriginalCosponsor>
        <lastName>DURBIN</lastName>
        <middleName>J.</middleName>
        <state>IL</state>
        <bioguideId>D000563</bioguideId>
        <identifiers>
          <lisID>326</lisID>
          <bioguideId>D000563</bioguideId>
          <gpoId>8326</gpoId>
        </identifiers>
        <sponsorshipDate>2019-07-15</sponsorshipDate>
        <firstName>RICHARD</firstName>
        <sponsorshipWithdrawnDate />
        <party>D</party>
      </item>
      <item>
        <fullName>Sen. Baldwin, Tammy [D-WI]</fullName>
        <isOriginalCosponsor>False</isOriginalCosponsor>
        <lastName>Baldwin</lastName>
        <middleName />
        <state>WI</state>
        <bioguideId>B001230</bioguideId>
        <identifiers>
          <lisID>1558</lisID>
          <gpoId>8215</gpoId>
          <bioguideId>B001230</bioguideId>
        </identifiers>
        <sponsorshipDate>2019-07-15</sponsorshipDate>
        <firstName>Tammy</firstName>
        <sponsorshipWithdrawnDate />
        <party>D</party>
      </item>
      <item>
        <fullName>Sen. Menendez, Robert [D-NJ]</fullName>
        <isOriginalCosponsor>False</isOriginalCosponsor>
        <lastName>Menendez</lastName>
        <middleName />
        <state>NJ</state>
        <bioguideId>M000639</bioguideId>
        <identifiers>
          <lisID>791</lisID>
          <bioguideId>M000639</bioguideId>
          <gpoId>8239</gpoId>
        </identifiers>
        <sponsorshipDate>2019-07-15</sponsorshipDate>
        <firstName>Robert</firstName>
        <sponsorshipWithdrawnDate />
        <party>D</party>
      </item>
      <item>
        <fullName>Sen. Cantwell, Maria [D-WA]</fullName>
        <isOriginalCosponsor>False</isOriginalCosponsor>
        <lastName>CANTWELL</lastName>
        <middleName />
        <state>WA</state>
        <bioguideId>C000127</bioguideId>
        <identifiers>
          <bioguideId>C000127</bioguideId>
          <lisID>172</lisID>
          <gpoId>8288</gpoId>
        </identifiers>
        <sponsorshipDate>2019-07-15</sponsorshipDate>
        <firstName>MARIA</firstName>
        <sponsorshipWithdrawnDate />
        <party>D</party>
      </item>
      <item>
        <fullName>Sen. Cardin, Benjamin L. [D-MD]</fullName>
        <isOriginalCosponsor>False</isOriginalCosponsor>
        <lastName>CARDIN</lastName>
        <middleName>L.</middleName>
        <state>MD</state>
        <bioguideId>C000141</bioguideId>
        <identifiers>
          <lisID>174</lisID>
          <gpoId>8287</gpoId>
          <bioguideId>C000141</bioguideId>
        </identifiers>
        <sponsorshipDate>2019-07-16</sponsorshipDate>
        <firstName>BENJAMIN</firstName>
        <sponsorshipWithdrawnDate />
        <party>D</party>
      </item>
      <item>
        <fullName>Sen. Smith, Tina  [D-MN]</fullName>
        <isOriginalCosponsor>False</isOriginalCosponsor>
        <lastName>Smith</lastName>
        <middleName />
        <state>MN</state>
        <bioguideId>S001203</bioguideId>
        <identifiers>
          <lisID>2365</lisID>
          <gpoId />
          <bioguideId>S001203</bioguideId>
        </identifiers>
        <sponsorshipDate>2019-07-16</sponsorshipDate>
        <firstName>Tina</firstName>
        <sponsorshipWithdrawnDate />
        <party>D</party>
      </item>
      <item>
        <fullName>Sen. Klobuchar, Amy [D-MN]</fullName>
        <isOriginalCosponsor>False</isOriginalCosponsor>
        <lastName>Klobuchar</lastName>
        <middleName />
        <state>MN</state>
        <bioguideId>K000367</bioguideId>
        <identifiers>
          <bioguideId>K000367</bioguideId>
          <lisID>1826</lisID>
          <gpoId>8249</gpoId>
        </identifiers>
        <sponsorshipDate>2019-07-16</sponsorshipDate>
        <firstName>Amy</firstName>
        <sponsorshipWithdrawnDate />
        <party>D</party>
      </item>
      <item>
        <fullName>Sen. Udall, Tom [D-NM]</fullName>
        <isOriginalCosponsor>False</isOriginalCosponsor>
        <lastName>UDALL</lastName>
        <middleName />
        <state>NM</state>
        <bioguideId>U000039</bioguideId>
        <identifiers>
          <lisID>1567</lisID>
          <bioguideId>U000039</bioguideId>
          <gpoId>8260</gpoId>
        </identifiers>
        <sponsorshipDate>2019-07-16</sponsorshipDate>
        <firstName>TOM</firstName>
        <sponsorshipWithdrawnDate />
        <party>D</party>
      </item>
      <item>
        <fullName>Sen. Markey, Edward J. [D-MA]</fullName>
        <isOriginalCosponsor>False</isOriginalCosponsor>
        <lastName>MARKEY</lastName>
        <middleName>J.</middleName>
        <state>MA</state>
        <bioguideId>M000133</bioguideId>
        <identifiers>
          <lisID>735</lisID>
          <bioguideId>M000133</bioguideId>
          <gpoId>7972</gpoId>
        </identifiers>
        <sponsorshipDate>2019-07-16</sponsorshipDate>
        <firstName>EDWARD</firstName>
        <sponsorshipWithdrawnDate />
        <party>D</party>
      </item>
      <item>
        <fullName>Sen. Grassley, Chuck [R-IA]</fullName>
        <isOriginalCosponsor>False</isOriginalCosponsor>
        <lastName>GRASSLEY</lastName>
        <middleName>ERNEST</middleName>
        <state>IA</state>
        <bioguideId>G000386</bioguideId>
        <identifiers>
          <bioguideId>G000386</bioguideId>
          <lisID>457</lisID>
          <gpoId>8316</gpoId>
        </identifiers>
        <sponsorshipDate>2019-07-18</sponsorshipDate>
        <firstName>CHARLES</firstName>
        <sponsorshipWithdrawnDate />
        <party>R</party>
      </item>
      <item>
        <fullName>Sen. Enzi, Michael B. [R-WY]</fullName>
        <isOriginalCosponsor>False</isOriginalCosponsor>
        <lastName>ENZI</lastName>
        <middleName>B.</middleName>
        <state>WY</state>
        <bioguideId>E000285</bioguideId>
        <identifiers>
          <lisID>1542</lisID>
          <bioguideId>E000285</bioguideId>
          <gpoId>8328</gpoId>
        </identifiers>
        <sponsorshipDate>2019-07-18</sponsorshipDate>
        <firstName>MICHAEL</firstName>
        <sponsorshipWithdrawnDate />
        <party>R</party>
      </item>
      <item>
        <fullName>Sen. Scott, Rick  [R-FL]</fullName>
        <isOriginalCosponsor>False</isOriginalCosponsor>
        <lastName>Scott</lastName>
        <middleName />
        <state>FL</state>
        <bioguideId>S001217</bioguideId>
        <identifiers>
          <bioguideId>S001217</bioguideId>
          <lisID>2470</lisID>
          <gpoId />
        </identifiers>
        <sponsorshipDate>2019-07-22</sponsorshipDate>
        <firstName>Rick</firstName>
        <sponsorshipWithdrawnDate />
        <party>R</party>
      </item>
      <item>
        <fullName>Sen. Gardner, Cory [R-CO]</fullName>
        <isOriginalCosponsor>False</isOriginalCosponsor>
        <lastName>Gardner</lastName>
        <middleName />
        <state>CO</state>
        <bioguideId>G000562</bioguideId>
        <identifiers>
          <lisID>1998</lisID>
          <bioguideId>G000562</bioguideId>
          <gpoId>7862</gpoId>
        </identifiers>
        <sponsorshipDate>2019-07-22</sponsorshipDate>
        <firstName>Cory</firstName>
        <sponsorshipWithdrawnDate />
        <party>R</party>
      </item>
      <item>
        <fullName>Sen. Wicker, Roger F. [R-MS]</fullName>
        <isOriginalCosponsor>False</isOriginalCosponsor>
        <lastName>WICKER</lastName>
        <middleName>F.</middleName>
        <state>MS</state>
        <bioguideId>W000437</bioguideId>
        <identifiers>
          <lisID>1226</lisID>
          <gpoId>8263</gpoId>
          <bioguideId>W000437</bioguideId>
        </identifiers>
        <sponsorshipDate>2019-07-23</sponsorshipDate>
        <firstName>ROGER</firstName>
        <sponsorshipWithdrawnDate />
        <party>R</party>
      </item>
      <item>
        <fullName>Sen. Bennet, Michael F. [D-CO]</fullName>
        <isOriginalCosponsor>False</isOriginalCosponsor>
        <lastName>Bennet</lastName>
        <middleName>F.</middleName>
        <state>CO</state>
        <bioguideId>B001267</bioguideId>
        <identifiers>
          <lisID>1965</lisID>
          <gpoId>8302</gpoId>
          <bioguideId>B001267</bioguideId>
        </identifiers>
        <sponsorshipDate>2019-07-24</sponsorshipDate>
        <firstName>Michael</firstName>
        <sponsorshipWithdrawnDate />
        <party>D</party>
      </item>
      <item>
        <fullName>Sen. Sullivan, Dan  [R-AK]</fullName>
        <isOriginalCosponsor>False</isOriginalCosponsor>
        <lastName>Sullivan</lastName>
        <middleName />
        <state>AK</state>
        <bioguideId>S001198</bioguideId>
        <identifiers>
          <lisID>2290</lisID>
          <bioguideId>S001198</bioguideId>
          <gpoId />
        </identifiers>
        <sponsorshipDate>2019-07-25</sponsorshipDate>
        <firstName>Dan</firstName>
        <sponsorshipWithdrawnDate />
        <party>R</party>
      </item>
      <item>
        <fullName>Sen. Scott, Tim [R-SC]</fullName>
        <isOriginalCosponsor>False</isOriginalCosponsor>
        <lastName>Scott</lastName>
        <middleName />
        <state>SC</state>
        <bioguideId>S001184</bioguideId>
        <identifiers>
          <bioguideId>S001184</bioguideId>
          <lisID>2056</lisID>
          <gpoId>8141</gpoId>
        </identifiers>
        <sponsorshipDate>2019-07-29</sponsorshipDate>
        <firstName>Tim</firstName>
        <sponsorshipWithdrawnDate />
        <party>R</party>
      </item>
      <item>
        <fullName>Sen. Hirono, Mazie K. [D-HI]</fullName>
        <isOriginalCosponsor>False</isOriginalCosponsor>
        <lastName>Hirono</lastName>
        <middleName>K.</middleName>
        <state>HI</state>
        <bioguideId>H001042</bioguideId>
        <identifiers>
          <lisID>1844</lisID>
          <gpoId>7913</gpoId>
          <bioguideId>H001042</bioguideId>
        </identifiers>
        <sponsorshipDate>2019-07-30</sponsorshipDate>
        <firstName>Mazie</firstName>
        <sponsorshipWithdrawnDate />
        <party>D</party>
      </item>
      <item>
        <fullName>Sen. Wyden, Ron [D-OR]</fullName>
        <isOriginalCosponsor>False</isOriginalCosponsor>
        <lastName>WYDEN</lastName>
        <middleName />
        <state>OR</state>
        <bioguideId>W000779</bioguideId>
        <identifiers>
          <lisID>1247</lisID>
          <bioguideId>W000779</bioguideId>
          <gpoId>8265</gpoId>
        </identifiers>
        <sponsorshipDate>2019-07-30</sponsorshipDate>
        <firstName>RON</firstName>
        <sponsorshipWithdrawnDate />
        <party>D</party>
      </item>
      <item>
        <fullName>Sen. Murphy, Christopher [D-CT]</fullName>
        <isOriginalCosponsor>False</isOriginalCosponsor>
        <lastName>Murphy</lastName>
        <middleName />
        <state>CT</state>
        <bioguideId>M001169</bioguideId>
        <identifiers>
          <lisID>1837</lisID>
          <gpoId>7870</gpoId>
          <bioguideId>M001169</bioguideId>
        </identifiers>
        <sponsorshipDate>2019-07-30</sponsorshipDate>
        <firstName>Christopher</firstName>
        <sponsorshipWithdrawnDate />
        <party>D</party>
      </item>
      <item>
        <fullName>Sen. Whitehouse, Sheldon [D-RI]</fullName>
        <isOriginalCosponsor>False</isOriginalCosponsor>
        <lastName>Whitehouse</lastName>
        <middleName />
        <state>RI</state>
        <bioguideId>W000802</bioguideId>
        <identifiers>
          <lisID>1823</lisID>
          <bioguideId>W000802</bioguideId>
          <gpoId>8264</gpoId>
        </identifiers>
        <sponsorshipDate>2019-07-30</sponsorshipDate>
        <firstName>Sheldon</firstName>
        <sponsorshipWithdrawnDate />
        <party>D</party>
      </item>
      <item>
        <fullName>Sen. Shaheen, Jeanne [D-NH]</fullName>
        <isOriginalCosponsor>False</isOriginalCosponsor>
        <lastName>Shaheen</lastName>
        <middleName />
        <state>NH</state>
        <bioguideId>S001181</bioguideId>
        <identifiers>
          <lisID>1901</lisID>
          <bioguideId>S001181</bioguideId>
          <gpoId>8276</gpoId>
        </identifiers>
        <sponsorshipDate>2019-07-30</sponsorshipDate>
        <firstName>Jeanne</firstName>
        <sponsorshipWithdrawnDate />
        <party>D</party>
      </item>
      <item>
        <fullName>Sen. King, Angus S., Jr. [I-ME]</fullName>
        <isOriginalCosponsor>False</isOriginalCosponsor>
        <lastName>King</lastName>
        <middleName />
        <state>ME</state>
        <bioguideId>K000383</bioguideId>
        <identifiers>
          <bioguideId>K000383</bioguideId>
          <lisID>2185</lisID>
          <gpoId />
        </identifiers>
        <sponsorshipDate>2019-07-30</sponsorshipDate>
        <firstName>Angus</firstName>
        <sponsorshipWithdrawnDate />
        <party>I</party>
      </item>
      <item>
        <fullName>Sen. Merkley, Jeff [D-OR]</fullName>
        <isOriginalCosponsor>False</isOriginalCosponsor>
        <lastName>Merkley</lastName>
        <middleName />
        <state>OR</state>
        <bioguideId>M001176</bioguideId>
        <identifiers>
          <lisID>1900</lisID>
          <bioguideId>M001176</bioguideId>
          <gpoId>8238</gpoId>
        </identifiers>
        <sponsorshipDate>2019-07-30</sponsorshipDate>
        <firstName>Jeff</firstName>
        <sponsorshipWithdrawnDate />
        <party>D</party>
      </item>
      <item>
        <fullName>Sen. Kaine, Tim [D-VA]</fullName>
        <isOriginalCosponsor>False</isOriginalCosponsor>
        <lastName>Kaine</lastName>
        <middleName />
        <state>VA</state>
        <bioguideId>K000384</bioguideId>
        <identifiers>
          <lisID>2176</lisID>
          <bioguideId>K000384</bioguideId>
          <gpoId />
        </identifiers>
        <sponsorshipDate>2019-07-30</sponsorshipDate>
        <firstName>Timothy</firstName>
        <sponsorshipWithdrawnDate />
        <party>D</party>
      </item>
      <item>
        <fullName>Sen. Booker, Cory A. [D-NJ]</fullName>
        <isOriginalCosponsor>False</isOriginalCosponsor>
        <lastName>Booker</lastName>
        <middleName>A.</middleName>
        <state>NJ</state>
        <bioguideId>B001288</bioguideId>
        <identifiers>
          <lisID>2194</lisID>
          <bioguideId>B001288</bioguideId>
          <gpoId />
        </identifiers>
        <sponsorshipDate>2019-07-30</sponsorshipDate>
        <firstName>Cory</firstName>
        <sponsorshipWithdrawnDate />
        <party>D</party>
      </item>
      <item>
        <fullName>Sen. Barrasso, John [R-WY]</fullName>
        <isOriginalCosponsor>False</isOriginalCosponsor>
        <lastName>Barrasso</lastName>
        <middleName />
        <state>WY</state>
        <bioguideId>B001261</bioguideId>
        <identifiers>
          <bioguideId>B001261</bioguideId>
          <lisID>1881</lisID>
          <gpoId>8300</gpoId>
        </identifiers>
        <sponsorshipDate>2019-07-30</sponsorshipDate>
        <firstName>John</firstName>
        <sponsorshipWithdrawnDate />
        <party>R</party>
      </item>
      <item>
        <fullName>Sen. Collins, Susan M. [R-ME]</fullName>
        <isOriginalCosponsor>False</isOriginalCosponsor>
        <lastName>COLLINS</lastName>
        <middleName>MARGARET</middleName>
        <state>ME</state>
        <bioguideId>C001035</bioguideId>
        <identifiers>
          <lisID>1541</lisID>
          <bioguideId>C001035</bioguideId>
          <gpoId>8291</gpoId>
        </identifiers>
        <sponsorshipDate>2019-07-31</sponsorshipDate>
        <firstName>SUSAN</firstName>
        <sponsorshipWithdrawnDate />
        <party>R</party>
      </item>
      <item>
        <fullName>Sen. Kennedy, John [R-LA]</fullName>
        <isOriginalCosponsor>False</isOriginalCosponsor>
        <lastName>Kennedy</lastName>
        <middleName>Neely</middleName>
        <state>LA</state>
        <bioguideId>K000393</bioguideId>
        <identifiers>
          <lisID>2303</lisID>
          <bioguideId>K000393</bioguideId>
          <gpoId />
        </identifiers>
        <sponsorshipDate>2019-07-31</sponsorshipDate>
        <firstName>John</firstName>
        <sponsorshipWithdrawnDate />
        <party>R</party>
      </item>
      <item>
        <fullName>Sen. Tester, Jon [D-MT]</fullName>
        <isOriginalCosponsor>False</isOriginalCosponsor>
        <lastName>Tester</lastName>
        <middleName />
        <state>MT</state>
        <bioguideId>T000464</bioguideId>
        <identifiers>
          <bioguideId>T000464</bioguideId>
          <lisID>1829</lisID>
          <gpoId>8258</gpoId>
        </identifiers>
        <sponsorshipDate>2019-08-01</sponsorshipDate>
        <firstName>Jon</firstName>
        <sponsorshipWithdrawnDate />
        <party>D</party>
      </item>
      <item>
        <fullName>Sen. Warren, Elizabeth [D-MA]</fullName>
        <isOriginalCosponsor>False</isOriginalCosponsor>
        <lastName>Warren</lastName>
        <middleName>A.</middleName>
        <state>MA</state>
        <bioguideId>W000817</bioguideId>
        <identifiers>
          <lisID>2182</lisID>
          <bioguideId>W000817</bioguideId>
          <gpoId />
        </identifiers>
        <sponsorshipDate>2019-08-01</sponsorshipDate>
        <firstName>Elizabeth</firstName>
        <sponsorshipWithdrawnDate />
        <party>D</party>
      </item>
      <item>
        <fullName>Sen. Schumer, Charles E. [D-NY]</fullName>
        <isOriginalCosponsor>False</isOriginalCosponsor>
        <lastName>SCHUMER</lastName>
        <middleName>E.</middleName>
        <state>NY</state>
        <bioguideId>S000148</bioguideId>
        <identifiers>
          <lisID>1036</lisID>
          <bioguideId>S000148</bioguideId>
          <gpoId>8279</gpoId>
        </identifiers>
        <sponsorshipDate>2019-09-09</sponsorshipDate>
        <firstName>CHARLES</firstName>
        <sponsorshipWithdrawnDate />
        <party>D</party>
      </item>
      <item>
        <fullName>Sen. Leahy, Patrick J. [D-VT]</fullName>
        <isOriginalCosponsor>False</isOriginalCosponsor>
        <lastName>LEAHY</lastName>
        <middleName>JOSEPH</middleName>
        <state>VT</state>
        <bioguideId>L000174</bioguideId>
        <identifiers>
          <lisID>1383</lisID>
          <gpoId>8244</gpoId>
          <bioguideId>L000174</bioguideId>
        </identifiers>
        <sponsorshipDate>2019-09-10</sponsorshipDate>
        <firstName>PATRICK</firstName>
        <sponsorshipWithdrawnDate />
        <party>D</party>
      </item>
      <item>
        <fullName>Sen. Inhofe, James M. [R-OK]</fullName>
        <isOriginalCosponsor>False</isOriginalCosponsor>
        <lastName>INHOFE</lastName>
        <middleName />
        <state>OK</state>
        <bioguideId>I000024</bioguideId>
        <identifiers>
          <lisID>583</lisID>
          <bioguideId>I000024</bioguideId>
          <gpoId>8322</gpoId>
        </identifiers>
        <sponsorshipDate>2019-09-11</sponsorshipDate>
        <firstName>JIM</firstName>
        <sponsorshipWithdrawnDate />
        <party>R</party>
      </item>
      <item>
        <fullName>Sen. Capito, Shelley Moore [R-WV]</fullName>
        <isOriginalCosponsor>False</isOriginalCosponsor>
        <lastName>CAPITO</lastName>
        <middleName>MOORE</middleName>
        <state>WV</state>
        <bioguideId>C001047</bioguideId>
        <identifiers>
          <lisID>1676</lisID>
          <gpoId>8223</gpoId>
          <bioguideId>C001047</bioguideId>
        </identifiers>
        <sponsorshipDate>2019-09-11</sponsorshipDate>
        <firstName>SHELLEY</firstName>
        <sponsorshipWithdrawnDate />
        <party>R</party>
      </item>
      <item>
        <fullName>Sen. Blackburn, Marsha [R-TN]</fullName>
        <isOriginalCosponsor>False</isOriginalCosponsor>
        <lastName>Blackburn</lastName>
        <middleName />
        <state>TN</state>
        <bioguideId>B001243</bioguideId>
        <identifiers>
          <lisID>1748</lisID>
          <bioguideId>B001243</bioguideId>
          <gpoId>8154</gpoId>
        </identifiers>
        <sponsorshipDate>2019-09-11</sponsorshipDate>
        <firstName>Marsha</firstName>
        <sponsorshipWithdrawnDate />
        <party>R</party>
      </item>
      <item>
        <fullName>Sen. McSally, Martha [R-AZ]</fullName>
        <isOriginalCosponsor>False</isOriginalCosponsor>
        <lastName>McSally</lastName>
        <middleName />
        <state>AZ</state>
        <bioguideId>M001197</bioguideId>
        <identifiers>
          <bioguideId>M001197</bioguideId>
          <lisID>2225</lisID>
          <gpoId />
        </identifiers>
        <sponsorshipDate>2019-09-11</sponsorshipDate>
        <firstName>Martha</firstName>
        <sponsorshipWithdrawnDate />
        <party>R</party>
      </item>
      <item>
        <fullName>Sen. Harris, Kamala D. [D-CA]</fullName>
        <isOriginalCosponsor>False</isOriginalCosponsor>
        <lastName>Harris</lastName>
        <middleName>D.</middleName>
        <state>CA</state>
        <bioguideId>H001075</bioguideId>
        <identifiers>
          <bioguideId>H001075</bioguideId>
          <lisID>2301</lisID>
          <gpoId />
        </identifiers>
        <sponsorshipDate>2019-09-12</sponsorshipDate>
        <firstName>Kamala</firstName>
        <sponsorshipWithdrawnDate />
        <party>D</party>
      </item>
      <item>
        <fullName>Sen. Hawley, Josh  [R-MO]</fullName>
        <isOriginalCosponsor>False</isOriginalCosponsor>
        <lastName>Hawley</lastName>
        <middleName />
        <state>MO</state>
        <bioguideId>H001089</bioguideId>
        <identifiers>
          <lisID>2464</lisID>
          <bioguideId>H001089</bioguideId>
          <gpoId />
        </identifiers>
        <sponsorshipDate>2019-09-12</sponsorshipDate>
        <firstName>Josh</firstName>
        <sponsorshipWithdrawnDate />
        <party>R</party>
      </item>
      <item>
        <fullName>Sen. Peters, Gary C. [D-MI]</fullName>
        <isOriginalCosponsor>False</isOriginalCosponsor>
        <lastName>Peters</lastName>
        <middleName>C.</middleName>
        <state>MI</state>
        <bioguideId>P000595</bioguideId>
        <identifiers>
          <lisID>1929</lisID>
          <bioguideId>P000595</bioguideId>
          <gpoId>7994</gpoId>
        </identifiers>
        <sponsorshipDate>2019-09-12</sponsorshipDate>
        <firstName>Gary</firstName>
        <sponsorshipWithdrawnDate />
        <party>D</party>
      </item>
      <item>
        <fullName>Sen. Duckworth, Tammy [D-IL]</fullName>
        <isOriginalCosponsor>False</isOriginalCosponsor>
        <lastName>Duckworth</lastName>
        <middleName />
        <state>IL</state>
        <bioguideId>D000622</bioguideId>
        <identifiers>
          <lisID>2123</lisID>
          <bioguideId>D000622</bioguideId>
          <gpoId />
        </identifiers>
        <sponsorshipDate>2019-09-12</sponsorshipDate>
        <firstName>Tammy</firstName>
        <sponsorshipWithdrawnDate />
        <party>D</party>
      </item>
      <item>
        <fullName>Sen. Alexander, Lamar [R-TN]</fullName>
        <isOriginalCosponsor>False</isOriginalCosponsor>
        <lastName>Alexander</lastName>
        <middleName />
        <state>TN</state>
        <bioguideId>A000360</bioguideId>
        <identifiers>
          <lisID>1695</lisID>
          <bioguideId>A000360</bioguideId>
          <gpoId>8304</gpoId>
        </identifiers>
        <sponsorshipDate>2019-09-17</sponsorshipDate>
        <firstName>Lamar</firstName>
        <sponsorshipWithdrawnDate />
        <party>R</party>
      </item>
      <item>
        <fullName>Sen. Braun, Mike  [R-IN]</fullName>
        <isOriginalCosponsor>False</isOriginalCosponsor>
        <lastName>Braun</lastName>
        <middleName />
        <state>IN</state>
        <bioguideId>B001310</bioguideId>
        <identifiers>
          <lisID>2462</lisID>
          <bioguideId>B001310</bioguideId>
          <gpoId />
        </identifiers>
        <sponsorshipDate>2019-09-17</sponsorshipDate>
        <firstName>Mike</firstName>
        <sponsorshipWithdrawnDate />
        <party>R</party>
      </item>
      <item>
        <fullName>Sen. Cotton, Tom [R-AR]</fullName>
        <isOriginalCosponsor>False</isOriginalCosponsor>
        <lastName>Cotton</lastName>
        <middleName />
        <state>AR</state>
        <bioguideId>C001095</bioguideId>
        <identifiers>
          <lisID>2098</lisID>
          <gpoId />
          <bioguideId>C001095</bioguideId>
        </identifiers>
        <sponsorshipDate>2019-09-17</sponsorshipDate>
        <firstName>Tom</firstName>
        <sponsorshipWithdrawnDate />
        <party>R</party>
      </item>
      <item>
        <fullName>Sen. Brown, Sherrod [D-OH]</fullName>
        <isOriginalCosponsor>False</isOriginalCosponsor>
        <lastName>Brown</lastName>
        <middleName />
        <state>OH</state>
        <bioguideId>B000944</bioguideId>
        <identifiers>
          <bioguideId>B000944</bioguideId>
          <lisID>136</lisID>
          <gpoId>8309</gpoId>
        </identifiers>
        <sponsorshipDate>2019-09-23</sponsorshipDate>
        <firstName>Sherrod</firstName>
        <sponsorshipWithdrawnDate />
        <party>D</party>
      </item>
      <item>
        <fullName>Sen. Carper, Thomas R. [D-DE]</fullName>
        <isOriginalCosponsor>False</isOriginalCosponsor>
        <lastName>CARPER</lastName>
        <middleName>R.</middleName>
        <state>DE</state>
        <bioguideId>C000174</bioguideId>
        <identifiers>
          <lisID>179</lisID>
          <gpoId>8283</gpoId>
          <bioguideId>C000174</bioguideId>
        </identifiers>
        <sponsorshipDate>2019-09-23</sponsorshipDate>
        <firstName>THOMAS</firstName>
        <sponsorshipWithdrawnDate />
        <party>D</party>
      </item>
      <item>
        <fullName>Sen. Isakson, Johnny [R-GA]</fullName>
        <isOriginalCosponsor>False</isOriginalCosponsor>
        <lastName>Isakson</lastName>
        <middleName />
        <state>GA</state>
        <bioguideId>I000055</bioguideId>
        <identifiers>
          <lisID>1608</lisID>
          <bioguideId>I000055</bioguideId>
          <gpoId>8323</gpoId>
        </identifiers>
        <sponsorshipDate>2019-09-25</sponsorshipDate>
        <firstName>Johnny</firstName>
        <sponsorshipWithdrawnDate />
        <party>R</party>
      </item>
      <item>
        <fullName>Sen. Coons, Christopher A. [D-DE]</fullName>
        <isOriginalCosponsor>False</isOriginalCosponsor>
        <lastName>Coons</lastName>
        <middleName>A.</middleName>
        <state>DE</state>
        <bioguideId>C001088</bioguideId>
        <identifiers>
          <lisID>1984</lisID>
          <bioguideId>C001088</bioguideId>
          <gpoId>8297</gpoId>
        </identifiers>
        <sponsorshipDate>2019-09-25</sponsorshipDate>
        <firstName>Christopher</firstName>
        <sponsorshipWithdrawnDate />
        <party>D</party>
      </item>
      <item>
        <fullName>Sen. Jones, Doug  [D-AL]</fullName>
        <isOriginalCosponsor>False</isOriginalCosponsor>
        <lastName>Jones</lastName>
        <middleName />
        <state>AL</state>
        <bioguideId>J000300</bioguideId>
        <identifiers>
          <lisID>2364</lisID>
          <bioguideId>J000300</bioguideId>
          <gpoId />
        </identifiers>
        <sponsorshipDate>2019-09-25</sponsorshipDate>
        <firstName>Doug</firstName>
        <sponsorshipWithdrawnDate />
        <party>D</party>
      </item>
    </cosponsors>
    <sponsors>
      <item>
        <bioguideId>G000359</bioguideId>
        <firstName>LINDSEY</firstName>
        <middleName>O.</middleName>
        <identifiers>
          <lisID>452</lisID>
          <gpoId>8335</gpoId>
          <bioguideId>G000359</bioguideId>
        </identifiers>
        <lastName>GRAHAM</lastName>
        <byRequestType />
        <party>R</party>
        <state>SC</state>
        <fullName>Sen. Graham, Lindsey [R-SC]</fullName>
      </item>
    </sponsors>
    <titles>
      <item>
        <titleType>Official Title as Introduced</titleType>
        <parentTitleType />
        <chamberName />
        <title>A resolution designating September 2019 as National Democracy Month as a time to reflect on the contributions of the system of government of the United States to a more free and stable world.</title>
        <chamberCode />
      </item>
      <item>
        <titleType>Display Title</titleType>
        <parentTitleType />
        <chamberName />
        <title>A resolution designating September 2019 as National Democracy Month as a time to reflect on the contributions of the system of government of the United States to a more free and stable world.</title>
        <chamberCode />
      </item>
    </titles>
    <title>A resolution designating September 2019 as National Democracy Month as a time to reflect on the contributions of the system of government of the United States to a more free and stable world.</title>
    <committeeReports />
    <updateDate>2019-11-05T13:35:02Z</updateDate>
    <cboCostEstimates />
    <laws />
    <notes />
    <introducedDate>2019-06-19</introducedDate>
    <congress>116</congress>
    <originChamber>Senate</originChamber>
    <latestAction>
      <actionDate>2019-09-26</actionDate>
      <links />
      <text>Resolution agreed to in Senate without amendment and with a preamble by Unanimous Consent. (text: 06/19/2019 CR S3849-3850)</text>
    </latestAction>
    <actions>
      <actionTypeCounts>
        <committeeDischarged>1</committeeDischarged>
        <agreedToInSenate>1</agreedToInSenate>
        <introducedInSenate>1</introducedInSenate>
        <referredToCommittee>1</referredToCommittee>
        <passedAgreedToInSenate>1</passedAgreedToInSenate>
        <senateCommitteeDischarged>1</senateCommitteeDischarged>
      </actionTypeCounts>
      <item>
        <actionDate>2019-09-26</actionDate>
        <committee />
        <links>
          <link>
            <url>https://www.congress.gov/congressional-record/volume-165/senate-section/page/S3849-3850</url>
            <name>S3849-3850</name>
          </link>
        </links>
        <sourceSystem>
          <code>0</code>
          <name>Senate</name>
        </sourceSystem>
        <text>Resolution agreed to in Senate without amendment and with a preamble by Unanimous Consent. (text: 06/19/2019 CR S3849-3850)</text>
        <type>Floor</type>
      </item>
      <item>
        <text>Passed/agreed to in Senate: Resolution agreed to in Senate without amendment and with a preamble by Unanimous Consent.(text: 06/19/2019 CR S3849-3850)</text>
        <committee />
        <links>
          <link>
            <url>https://www.congress.gov/congressional-record/volume-165/senate-section/page/S3849-3850</url>
            <name>S3849-3850</name>
          </link>
        </links>
        <type>Floor</type>
        <actionCode>17000</actionCode>
        <actionDate>2019-09-26</actionDate>
        <sourceSystem>
          <code>9</code>
          <name>Library of Congress</name>
        </sourceSystem>
      </item>
      <item>
        <actionDate>2019-09-26</actionDate>
        <committee>
          <systemCode>ssju00</systemCode>
          <name>Judiciary Committee</name>
        </committee>
        <links>
          <link>
            <url>https://www.congress.gov/congressional-record/volume-165/senate-section/page/S5759-5760</url>
            <name>S5759-5760</name>
          </link>
        </links>
        <sourceSystem>
          <code>0</code>
          <name>Senate</name>
        </sourceSystem>
        <text>Senate Committee on the Judiciary discharged by Unanimous Consent. (consideration: CR S5759-5760)</text>
        <type>Discharge</type>
      </item>
      <item>
        <text>Senate Committee on the Judiciary discharged by Unanimous Consent.(consideration: CR S5759-5760)</text>
        <committee>
          <systemCode>ssju00</systemCode>
          <name>Judiciary Committee</name>
        </committee>
        <links>
          <link>
            <url>https://www.congress.gov/congressional-record/volume-165/senate-section/page/S5759-5760</url>
            <name>S5759-5760</name>
          </link>
        </links>
        <type>Committee</type>
        <actionCode>14500</actionCode>
        <sourceSystem>
          <code>9</code>
          <name>Library of Congress</name>
        </sourceSystem>
        <actionDate>2019-09-26</actionDate>
      </item>
      <item>
        <actionDate>2019-06-19</actionDate>
        <committee>
          <systemCode>ssju00</systemCode>
          <name>Judiciary Committee</name>
        </committee>
        <links />
        <sourceSystem>
          <code>0</code>
          <name>Senate</name>
        </sourceSystem>
        <text>Referred to the Committee on the Judiciary.</text>
        <type>IntroReferral</type>
      </item>
      <item>
        <text>Introduced in Senate</text>
        <committee />
        <links />
        <type>IntroReferral</type>
        <actionCode>10000</actionCode>
        <actionDate>2019-06-19</actionDate>
        <sourceSystem>
          <code>9</code>
          <name>Library of Congress</name>
        </sourceSystem>
      </item>
      <actionByCounts>
        <senate>6</senate>
      </actionByCounts>
    </actions>
    <committees>
      <billCommittees>
        <item>
          <activities>
            <item>
              <date>2019-09-26T20:44:34Z</date>
              <name>Discharged from</name>
            </item>
            <item>
              <date>2019-06-19T19:36:49Z</date>
              <name>Referred to</name>
            </item>
          </activities>
          <type>Standing</type>
          <systemCode>ssju00</systemCode>
          <chamber>Senate</chamber>
          <name>Judiciary Committee</name>
          <subcommittees />
        </item>
      </billCommittees>
    </committees>
    <calendarNumbers />
  </bill>
  <dublinCore xmlns:dc="http://purl.org/dc/elements/1.1/">
    <dc:format>text/xml</dc:format>
    <dc:language>EN</dc:language>
    <dc:rights>Pursuant to Title 17 Section 105 of the United States Code, this file is not subject to copyright protection and is in the public domain.</dc:rights>
    <dc:contributor>Congressional Research Service, Library of Congress</dc:contributor>
    <dc:description>This file contains bill summaries and statuses for federal legislation. A bill summary describes the most significant provisions of a piece of legislation and details the effects the legislative text may have on current law and federal programs. Bill summaries are authored by the Congressional Research Service (CRS) of the Library of Congress. As stated in Public Law 91-510 (2 USC 166 (d)(6)), one of the duties of CRS is "to prepare summaries and digests of bills and resolutions of a public general nature introduced in the Senate or House of Representatives". For more information, refer to the User Guide that accompanies this file.</dc:description>
  </dublinCore>
</billStatus>

