<?xml version="1.0" encoding="UTF-8"?>
<billStatus>
  <bill>
    <amendments />
    <recordedVotes />
    <cosponsors>
      <item>
        <bioguideId>A000360</bioguideId>
        <state>TN</state>
        <fullName>Sen. Alexander, Lamar [R-TN]</fullName>
        <isOriginalCosponsor>True</isOriginalCosponsor>
        <firstName>Lamar</firstName>
        <identifiers>
          <bioguideId>A000360</bioguideId>
          <gpoId>8304</gpoId>
          <lisID>1695</lisID>
        </identifiers>
        <sponsorshipWithdrawnDate />
        <middleName />
        <lastName>Alexander</lastName>
        <sponsorshipDate>2019-05-07</sponsorshipDate>
        <party>R</party>
      </item>
      <item>
        <bioguideId>B001288</bioguideId>
        <state>NJ</state>
        <fullName>Sen. Booker, Cory A. [D-NJ]</fullName>
        <isOriginalCosponsor>True</isOriginalCosponsor>
        <firstName>Cory</firstName>
        <identifiers>
          <bioguideId>B001288</bioguideId>
          <gpoId />
          <lisID>2194</lisID>
        </identifiers>
        <sponsorshipWithdrawnDate />
        <middleName>A.</middleName>
        <lastName>Booker</lastName>
        <sponsorshipDate>2019-05-07</sponsorshipDate>
        <party>D</party>
      </item>
      <item>
        <bioguideId>P000449</bioguideId>
        <state>OH</state>
        <fullName>Sen. Portman, Rob [R-OH]</fullName>
        <isOriginalCosponsor>True</isOriginalCosponsor>
        <firstName>ROB</firstName>
        <identifiers>
          <bioguideId>P000449</bioguideId>
          <gpoId>8266</gpoId>
          <lisID>924</lisID>
        </identifiers>
        <sponsorshipWithdrawnDate />
        <middleName />
        <lastName>PORTMAN</lastName>
        <sponsorshipDate>2019-05-07</sponsorshipDate>
        <party>R</party>
      </item>
      <item>
        <bioguideId>H001042</bioguideId>
        <state>HI</state>
        <fullName>Sen. Hirono, Mazie K. [D-HI]</fullName>
        <isOriginalCosponsor>True</isOriginalCosponsor>
        <firstName>Mazie</firstName>
        <identifiers>
          <gpoId>7913</gpoId>
          <lisID>1844</lisID>
          <bioguideId>H001042</bioguideId>
        </identifiers>
        <sponsorshipWithdrawnDate />
        <middleName>K.</middleName>
        <lastName>Hirono</lastName>
        <sponsorshipDate>2019-05-07</sponsorshipDate>
        <party>D</party>
      </item>
      <item>
        <bioguideId>H001046</bioguideId>
        <state>NM</state>
        <fullName>Sen. Heinrich, Martin [D-NM]</fullName>
        <isOriginalCosponsor>True</isOriginalCosponsor>
        <firstName>Martin</firstName>
        <identifiers>
          <bioguideId>H001046</bioguideId>
          <lisID>1937</lisID>
          <gpoId>8056</gpoId>
        </identifiers>
        <sponsorshipWithdrawnDate />
        <middleName />
        <lastName>Heinrich</lastName>
        <sponsorshipDate>2019-05-07</sponsorshipDate>
        <party>D</party>
      </item>
    </cosponsors>
    <notes />
    <latestAction>
      <text>Submitted in the Senate, considered, and agreed to without amendment and with a preamble by Unanimous Consent. (consideration: CR S2701; text: CR S2700)</text>
      <links />
      <actionDate>2019-05-07</actionDate>
    </latestAction>
    <introducedDate>2019-05-07</introducedDate>
    <committees>
      <billCommittees />
    </committees>
    <summaries>
      <billSummaries>
        <item>
          <lastSummaryUpdateDate>2019-05-14T15:33:09Z</lastSummaryUpdateDate>
          <actionDate>2019-05-07</actionDate>
          <updateDate>2019-05-07T04:00:00Z</updateDate>
          <actionDesc>Introduced in Senate</actionDesc>
          <versionCode>00</versionCode>
          <name>Introduced in Senate</name>
          <text><![CDATA[<p>This resolution designates May 18, 2019, as Kids to Parks Day.</p> <p>The resolution recognizes the importance of outdoor recreation and the preservation of open spaces to the health and education of young people of the United States. </p>]]></text>
        </item>
        <item>
          <lastSummaryUpdateDate>2019-05-31T15:31:23Z</lastSummaryUpdateDate>
          <actionDate>2019-05-07</actionDate>
          <updateDate>2019-05-07T12:47:38Z</updateDate>
          <actionDesc>Passed Senate</actionDesc>
          <versionCode>55</versionCode>
          <name>Passed Senate</name>
          <text><![CDATA[<p>This resolution designates May 18, 2019, as Kids to Parks Day.</p> <p>The resolution recognizes the importance of outdoor recreation and the preservation of open spaces to the health and education of young people of the United States. </p>]]></text>
        </item>
      </billSummaries>
    </summaries>
    <titles>
      <item>
        <chamberCode />
        <titleType>Official Title as Introduced</titleType>
        <parentTitleType />
        <chamberName />
        <title>A resolution designating May 18, 2019, as "Kids to Parks Day".</title>
      </item>
      <item>
        <chamberCode />
        <titleType>Display Title</titleType>
        <parentTitleType />
        <chamberName />
        <title>A resolution designating May 18, 2019, as "Kids to Parks Day".</title>
      </item>
    </titles>
    <createDate>2019-05-08T04:42:07Z</createDate>
    <calendarNumbers />
    <committeeReports />
    <cboCostEstimates />
    <updateDate>2019-06-11T09:19:28Z</updateDate>
    <congress>116</congress>
    <billNumber>193</billNumber>
    <version>1.0.0</version>
    <relatedBills />
    <billType>SRES</billType>
    <subjects>
      <billSubjects>
        <legislativeSubjects>
          <item>
            <name>Child health</name>
          </item>
          <item>
            <name>Commemorative events and holidays</name>
          </item>
          <item>
            <name>Land use and conservation</name>
          </item>
          <item>
            <name>Outdoor recreation</name>
          </item>
          <item>
            <name>Parks, recreation areas, trails</name>
          </item>
        </legislativeSubjects>
        <policyArea>
          <name>Public Lands and Natural Resources</name>
        </policyArea>
      </billSubjects>
    </subjects>
    <actions>
      <actionByCounts>
        <senate>3</senate>
      </actionByCounts>
      <item>
        <actionDate>2019-05-07</actionDate>
        <committee />
        <links>
          <link>
            <url>https://www.congress.gov/congressional-record/volume-165/senate-section/page/S2700</url>
            <name>S2700</name>
          </link>
          <link>
            <url>https://www.congress.gov/congressional-record/volume-165/senate-section/page/S2701</url>
            <name>S2701</name>
          </link>
        </links>
        <sourceSystem>
          <code>0</code>
          <name>Senate</name>
        </sourceSystem>
        <text>Submitted in the Senate, considered, and agreed to without amendment and with a preamble by Unanimous Consent. (consideration: CR S2701; text: CR S2700)</text>
        <type>Floor</type>
      </item>
      <item>
        <sourceSystem>
          <code>9</code>
          <name>Library of Congress</name>
        </sourceSystem>
        <actionDate>2019-05-07</actionDate>
        <text>Passed/agreed to in Senate: Submitted in the Senate, considered, and agreed to without amendment and with a preamble by Unanimous Consent.(consideration: CR S2701; text: CR S2700)</text>
        <actionCode>17000</actionCode>
        <committee />
        <type>Floor</type>
        <links>
          <link>
            <url>https://www.congress.gov/congressional-record/volume-165/senate-section/page/S2700</url>
            <name>S2700</name>
          </link>
          <link>
            <url>https://www.congress.gov/congressional-record/volume-165/senate-section/page/S2701</url>
            <name>S2701</name>
          </link>
        </links>
      </item>
      <item>
        <sourceSystem>
          <code>9</code>
          <name>Library of Congress</name>
        </sourceSystem>
        <actionDate>2019-05-07</actionDate>
        <text>Introduced in Senate</text>
        <actionCode>10000</actionCode>
        <committee />
        <type>IntroReferral</type>
        <links />
      </item>
      <actionTypeCounts>
        <passedOrAgreedToInSenateDayOf>1</passedOrAgreedToInSenateDayOf>
        <introducedInSenate>1</introducedInSenate>
        <passedAgreedToInSenate>1</passedAgreedToInSenate>
      </actionTypeCounts>
    </actions>
    <originChamber>Senate</originChamber>
    <textVersions>
      <item>
        <date>2019-05-07T04:00:00Z</date>
        <formats>
          <item>
            <url>https://www.govinfo.gov/content/pkg/BILLS-116sres193ats/xml/BILLS-116sres193ats.xml</url>
          </item>
        </formats>
        <type>Agreed to Senate</type>
      </item>
    </textVersions>
    <sponsors>
      <item>
        <firstName>RON</firstName>
        <lastName>WYDEN</lastName>
        <byRequestType />
        <identifiers>
          <bioguideId>W000779</bioguideId>
          <gpoId>8265</gpoId>
          <lisID>1247</lisID>
        </identifiers>
        <fullName>Sen. Wyden, Ron [D-OR]</fullName>
        <state>OR</state>
        <bioguideId>W000779</bioguideId>
        <party>D</party>
        <middleName />
      </item>
    </sponsors>
    <policyArea>
      <name>Public Lands and Natural Resources</name>
    </policyArea>
    <laws />
    <title>A resolution designating May 18, 2019, as "Kids to Parks Day".</title>
  </bill>
  <dublinCore xmlns:dc="http://purl.org/dc/elements/1.1/">
    <dc:format>text/xml</dc:format>
    <dc:language>EN</dc:language>
    <dc:rights>Pursuant to Title 17 Section 105 of the United States Code, this file is not subject to copyright protection and is in the public domain.</dc:rights>
    <dc:contributor>Congressional Research Service, Library of Congress</dc:contributor>
    <dc:description>This file contains bill summaries and statuses for federal legislation. A bill summary describes the most significant provisions of a piece of legislation and details the effects the legislative text may have on current law and federal programs. Bill summaries are authored by the Congressional Research Service (CRS) of the Library of Congress. As stated in Public Law 91-510 (2 USC 166 (d)(6)), one of the duties of CRS is "to prepare summaries and digests of bills and resolutions of a public general nature introduced in the Senate or House of Representatives". For more information, refer to the User Guide that accompanies this file.</dc:description>
  </dublinCore>
</billStatus>

