<?xml version="1.0" encoding="UTF-8"?>
<billStatus>
  <bill>
    <policyArea>
      <name>Education</name>
    </policyArea>
    <version>1.0.0</version>
    <recordedVotes />
    <amendments />
    <relatedBills>
      <item>
        <latestTitle>Calling on Congress, schools, and State and local educational agencies to recognize the significant educational implications of dyslexia that must be addressed, and supporting the designation of October 2019 as "National Dyslexia Awareness Month".</latestTitle>
        <relationshipDetails>
          <item>
            <identifiedBy>CRS</identifiedBy>
            <type>Related bill</type>
          </item>
        </relationshipDetails>
        <latestAction>
          <text>Referred to the House Committee on Education and Labor.</text>
          <actionDate>2019-10-23</actionDate>
        </latestAction>
        <type>HRES</type>
        <congress>116</congress>
        <number>653</number>
      </item>
    </relatedBills>
    <billNumber>389</billNumber>
    <subjects>
      <billSubjects>
        <legislativeSubjects />
        <policyArea>
          <name>Education</name>
        </policyArea>
      </billSubjects>
    </subjects>
    <textVersions>
      <item>
        <type>Agreed to Senate</type>
        <date>2019-10-30T04:00:00Z</date>
        <formats>
          <item>
            <url>https://www.govinfo.gov/content/pkg/BILLS-116sres389ats/xml/BILLS-116sres389ats.xml</url>
          </item>
        </formats>
      </item>
    </textVersions>
    <summaries>
      <billSummaries />
    </summaries>
    <billType>SRES</billType>
    <createDate>2019-10-31T04:42:29Z</createDate>
    <cosponsors>
      <item>
        <bioguideId>B001236</bioguideId>
        <firstName>John</firstName>
        <middleName />
        <party>R</party>
        <lastName>Boozman</lastName>
        <sponsorshipWithdrawnDate />
        <identifiers>
          <bioguideId>B001236</bioguideId>
          <lisID>1687</lisID>
          <gpoId>8247</gpoId>
        </identifiers>
        <sponsorshipDate>2019-10-30</sponsorshipDate>
        <isOriginalCosponsor>True</isOriginalCosponsor>
        <state>AR</state>
        <fullName>Sen. Boozman, John [R-AR]</fullName>
      </item>
      <item>
        <bioguideId>G000359</bioguideId>
        <firstName>LINDSEY</firstName>
        <middleName>O.</middleName>
        <party>R</party>
        <lastName>GRAHAM</lastName>
        <sponsorshipWithdrawnDate />
        <identifiers>
          <lisID>452</lisID>
          <bioguideId>G000359</bioguideId>
          <gpoId>8335</gpoId>
        </identifiers>
        <sponsorshipDate>2019-10-30</sponsorshipDate>
        <isOriginalCosponsor>True</isOriginalCosponsor>
        <state>SC</state>
        <fullName>Sen. Graham, Lindsey [R-SC]</fullName>
      </item>
      <item>
        <bioguideId>C001047</bioguideId>
        <firstName>SHELLEY</firstName>
        <middleName>MOORE</middleName>
        <party>R</party>
        <lastName>CAPITO</lastName>
        <sponsorshipWithdrawnDate />
        <identifiers>
          <lisID>1676</lisID>
          <bioguideId>C001047</bioguideId>
          <gpoId>8223</gpoId>
        </identifiers>
        <sponsorshipDate>2019-10-30</sponsorshipDate>
        <isOriginalCosponsor>True</isOriginalCosponsor>
        <state>WV</state>
        <fullName>Sen. Capito, Shelley Moore [R-WV]</fullName>
      </item>
      <item>
        <bioguideId>M001169</bioguideId>
        <firstName>Christopher</firstName>
        <middleName />
        <party>D</party>
        <lastName>Murphy</lastName>
        <sponsorshipWithdrawnDate />
        <identifiers>
          <lisID>1837</lisID>
          <bioguideId>M001169</bioguideId>
          <gpoId>7870</gpoId>
        </identifiers>
        <sponsorshipDate>2019-10-30</sponsorshipDate>
        <isOriginalCosponsor>True</isOriginalCosponsor>
        <state>CT</state>
        <fullName>Sen. Murphy, Christopher [D-CT]</fullName>
      </item>
      <item>
        <bioguideId>W000817</bioguideId>
        <firstName>Elizabeth</firstName>
        <middleName>A.</middleName>
        <party>D</party>
        <lastName>Warren</lastName>
        <sponsorshipWithdrawnDate />
        <identifiers>
          <lisID>2182</lisID>
          <bioguideId>W000817</bioguideId>
          <gpoId />
        </identifiers>
        <sponsorshipDate>2019-10-30</sponsorshipDate>
        <isOriginalCosponsor>True</isOriginalCosponsor>
        <state>MA</state>
        <fullName>Sen. Warren, Elizabeth [D-MA]</fullName>
      </item>
      <item>
        <bioguideId>K000383</bioguideId>
        <firstName>Angus</firstName>
        <middleName />
        <party>I</party>
        <lastName>King</lastName>
        <sponsorshipWithdrawnDate />
        <identifiers>
          <lisID>2185</lisID>
          <gpoId />
          <bioguideId>K000383</bioguideId>
        </identifiers>
        <sponsorshipDate>2019-10-30</sponsorshipDate>
        <isOriginalCosponsor>True</isOriginalCosponsor>
        <state>ME</state>
        <fullName>Sen. King, Angus S., Jr. [I-ME]</fullName>
      </item>
    </cosponsors>
    <sponsors>
      <item>
        <bioguideId>C001075</bioguideId>
        <firstName>Bill</firstName>
        <middleName />
        <identifiers>
          <lisID>1925</lisID>
          <gpoId>7964</gpoId>
          <bioguideId>C001075</bioguideId>
        </identifiers>
        <lastName>Cassidy</lastName>
        <byRequestType />
        <party>R</party>
        <state>LA</state>
        <fullName>Sen. Cassidy, Bill [R-LA]</fullName>
      </item>
    </sponsors>
    <titles>
      <item>
        <titleType>Official Title as Introduced</titleType>
        <parentTitleType />
        <chamberName />
        <title>A resolution calling on Congress, schools, and State and local educational agencies to recognize the significant educational implications of dyslexia that must be addressed, and designating October 2019 as "National Dyslexia Awareness Month".</title>
        <chamberCode />
      </item>
      <item>
        <titleType>Display Title</titleType>
        <parentTitleType />
        <chamberName />
        <title>A resolution calling on Congress, schools, and State and local educational agencies to recognize the significant educational implications of dyslexia that must be addressed, and designating October 2019 as "National Dyslexia Awareness Month".</title>
        <chamberCode />
      </item>
    </titles>
    <title>A resolution calling on Congress, schools, and State and local educational agencies to recognize the significant educational implications of dyslexia that must be addressed, and designating October 2019 as "National Dyslexia Awareness Month".</title>
    <committeeReports />
    <updateDate>2019-11-06T10:59:48Z</updateDate>
    <cboCostEstimates />
    <laws />
    <notes />
    <introducedDate>2019-10-30</introducedDate>
    <congress>116</congress>
    <originChamber>Senate</originChamber>
    <latestAction>
      <actionDate>2019-10-30</actionDate>
      <links />
      <text>Submitted in the Senate, considered, and agreed to without amendment and with a preamble by Voice Vote. (consideration: CR S6307; text: CR S6305)</text>
    </latestAction>
    <actions>
      <actionTypeCounts>
        <passedOrAgreedToInSenateDayOf>1</passedOrAgreedToInSenateDayOf>
        <introducedInSenate>1</introducedInSenate>
        <passedAgreedToInSenate>1</passedAgreedToInSenate>
      </actionTypeCounts>
      <actionByCounts>
        <senate>3</senate>
      </actionByCounts>
      <item>
        <actionDate>2019-10-30</actionDate>
        <committee />
        <links>
          <link>
            <url>https://www.congress.gov/congressional-record/volume-165/senate-section/page/S6305</url>
            <name>S6305</name>
          </link>
          <link>
            <url>https://www.congress.gov/congressional-record/volume-165/senate-section/page/S6307</url>
            <name>S6307</name>
          </link>
        </links>
        <sourceSystem>
          <code>0</code>
          <name>Senate</name>
        </sourceSystem>
        <text>Submitted in the Senate, considered, and agreed to without amendment and with a preamble by Voice Vote. (consideration: CR S6307; text: CR S6305)</text>
        <type>Floor</type>
      </item>
      <item>
        <actionCode>17000</actionCode>
        <text>Passed/agreed to in Senate: Submitted in the Senate, considered, and agreed to without amendment and with a preamble by Voice Vote.(consideration: CR S6307; text: CR S6305)</text>
        <links>
          <link>
            <url>https://www.congress.gov/congressional-record/volume-165/senate-section/page/S6305</url>
            <name>S6305</name>
          </link>
          <link>
            <url>https://www.congress.gov/congressional-record/volume-165/senate-section/page/S6307</url>
            <name>S6307</name>
          </link>
        </links>
        <committee />
        <type>Floor</type>
        <sourceSystem>
          <code>9</code>
          <name>Library of Congress</name>
        </sourceSystem>
        <actionDate>2019-10-30</actionDate>
      </item>
      <item>
        <actionCode>10000</actionCode>
        <text>Introduced in Senate</text>
        <links />
        <committee />
        <type>IntroReferral</type>
        <sourceSystem>
          <code>9</code>
          <name>Library of Congress</name>
        </sourceSystem>
        <actionDate>2019-10-30</actionDate>
      </item>
    </actions>
    <committees>
      <billCommittees />
    </committees>
    <calendarNumbers />
  </bill>
  <dublinCore xmlns:dc="http://purl.org/dc/elements/1.1/">
    <dc:format>text/xml</dc:format>
    <dc:language>EN</dc:language>
    <dc:rights>Pursuant to Title 17 Section 105 of the United States Code, this file is not subject to copyright protection and is in the public domain.</dc:rights>
    <dc:contributor>Congressional Research Service, Library of Congress</dc:contributor>
    <dc:description>This file contains bill summaries and statuses for federal legislation. A bill summary describes the most significant provisions of a piece of legislation and details the effects the legislative text may have on current law and federal programs. Bill summaries are authored by the Congressional Research Service (CRS) of the Library of Congress. As stated in Public Law 91-510 (2 USC 166 (d)(6)), one of the duties of CRS is "to prepare summaries and digests of bills and resolutions of a public general nature introduced in the Senate or House of Representatives". For more information, refer to the User Guide that accompanies this file.</dc:description>
  </dublinCore>
</billStatus>

