<?xml version="1.0" encoding="UTF-8"?>
<billStatus>
  <bill>
    <summaries>
      <billSummaries>
        <item>
          <actionDesc>Introduced in Senate</actionDesc>
          <name>Introduced in Senate</name>
          <versionCode>00</versionCode>
          <updateDate>2019-03-12T04:00:00Z</updateDate>
          <actionDate>2019-03-12</actionDate>
          <lastSummaryUpdateDate>2019-04-08T15:29:06Z</lastSummaryUpdateDate>
          <text><![CDATA[<p> This resolution commemorates the 75th anniversary of the United Negro College Fund. It also celebrates the fund's successes in supporting Historically Black Colleges and Universities as well as underrepresented students.</p>]]></text>
        </item>
      </billSummaries>
    </summaries>
    <cboCostEstimates />
    <committeeReports />
    <committees>
      <billCommittees />
    </committees>
    <relatedBills />
    <originChamber>Senate</originChamber>
    <actions>
      <actionTypeCounts>
        <passedAgreedToInSenate>1</passedAgreedToInSenate>
        <introducedInSenate>1</introducedInSenate>
        <passedOrAgreedToInSenateDayOf>1</passedOrAgreedToInSenateDayOf>
      </actionTypeCounts>
      <item>
        <actionDate>2019-03-12</actionDate>
        <committee />
        <links>
          <link>
            <name>S1798</name>
            <url>https://www.congress.gov/congressional-record/volume-165/senate-section/page/S1798</url>
          </link>
          <link>
            <name>S1799</name>
            <url>https://www.congress.gov/congressional-record/volume-165/senate-section/page/S1799</url>
          </link>
        </links>
        <sourceSystem>
          <code>0</code>
          <name>Senate</name>
        </sourceSystem>
        <text>Submitted in the Senate, considered, and agreed to without amendment and with a preamble by Unanimous Consent. (consideration: CR S1799; text: CR S1798)</text>
        <type>Floor</type>
      </item>
      <item>
        <actionCode>17000</actionCode>
        <links>
          <link>
            <name>S1798</name>
            <url>https://www.congress.gov/congressional-record/volume-165/senate-section/page/S1798</url>
          </link>
          <link>
            <name>S1799</name>
            <url>https://www.congress.gov/congressional-record/volume-165/senate-section/page/S1799</url>
          </link>
        </links>
        <text>Passed/agreed to in Senate: Submitted in the Senate, considered, and agreed to without amendment and with a preamble by Unanimous Consent.(consideration: CR S1799; text: CR S1798)</text>
        <type>Floor</type>
        <sourceSystem>
          <code>9</code>
          <name>Library of Congress</name>
        </sourceSystem>
        <actionDate>2019-03-12</actionDate>
        <committee />
      </item>
      <item>
        <actionCode>10000</actionCode>
        <links />
        <text>Introduced in Senate</text>
        <type>IntroReferral</type>
        <sourceSystem>
          <code>9</code>
          <name>Library of Congress</name>
        </sourceSystem>
        <actionDate>2019-03-12</actionDate>
        <committee />
      </item>
      <actionByCounts>
        <senate>3</senate>
      </actionByCounts>
    </actions>
    <subjects>
      <billSubjects>
        <legislativeSubjects>
          <item>
            <name>Commemorative events and holidays</name>
          </item>
          <item>
            <name>Higher education</name>
          </item>
          <item>
            <name>Minority education</name>
          </item>
          <item>
            <name>Social work, volunteer service, charitable organizations</name>
          </item>
          <item>
            <name>Student aid and college costs</name>
          </item>
        </legislativeSubjects>
        <policyArea>
          <name>Education</name>
        </policyArea>
      </billSubjects>
    </subjects>
    <sponsors>
      <item>
        <middleName />
        <fullName>Sen. Scott, Tim [R-SC]</fullName>
        <byRequestType />
        <lastName>Scott</lastName>
        <identifiers>
          <bioguideId>S001184</bioguideId>
          <lisID>2056</lisID>
          <gpoId>8141</gpoId>
        </identifiers>
        <bioguideId>S001184</bioguideId>
        <party>R</party>
        <state>SC</state>
        <firstName>Tim</firstName>
      </item>
    </sponsors>
    <recordedVotes />
    <calendarNumbers />
    <createDate>2019-03-13T04:27:06Z</createDate>
    <amendments />
    <textVersions>
      <item>
        <type>Agreed to Senate</type>
        <formats>
          <item>
            <url>https://www.govinfo.gov/content/pkg/BILLS-116sres106ats/xml/BILLS-116sres106ats.xml</url>
          </item>
        </formats>
        <date>2019-03-12T04:00:00Z</date>
      </item>
    </textVersions>
    <cosponsors>
      <item>
        <identifiers>
          <bioguideId>J000300</bioguideId>
          <lisID>2364</lisID>
          <gpoId />
        </identifiers>
        <firstName>Doug</firstName>
        <lastName>Jones</lastName>
        <fullName>Sen. Jones, Doug  [D-AL]</fullName>
        <bioguideId>J000300</bioguideId>
        <sponsorshipWithdrawnDate />
        <middleName />
        <sponsorshipDate>2019-03-12</sponsorshipDate>
        <isOriginalCosponsor>True</isOriginalCosponsor>
        <state>AL</state>
        <party>D</party>
      </item>
      <item>
        <identifiers>
          <bioguideId>C001075</bioguideId>
          <lisID>1925</lisID>
          <gpoId>7964</gpoId>
        </identifiers>
        <firstName>Bill</firstName>
        <lastName>Cassidy</lastName>
        <fullName>Sen. Cassidy, Bill [R-LA]</fullName>
        <bioguideId>C001075</bioguideId>
        <sponsorshipWithdrawnDate />
        <middleName />
        <sponsorshipDate>2019-03-12</sponsorshipDate>
        <isOriginalCosponsor>True</isOriginalCosponsor>
        <state>LA</state>
        <party>R</party>
      </item>
      <item>
        <identifiers>
          <gpoId>8309</gpoId>
          <lisID>136</lisID>
          <bioguideId>B000944</bioguideId>
        </identifiers>
        <firstName>Sherrod</firstName>
        <lastName>Brown</lastName>
        <fullName>Sen. Brown, Sherrod [D-OH]</fullName>
        <bioguideId>B000944</bioguideId>
        <sponsorshipWithdrawnDate />
        <middleName />
        <sponsorshipDate>2019-03-12</sponsorshipDate>
        <isOriginalCosponsor>True</isOriginalCosponsor>
        <state>OH</state>
        <party>D</party>
      </item>
      <item>
        <identifiers>
          <bioguideId>B001236</bioguideId>
          <lisID>1687</lisID>
          <gpoId>8247</gpoId>
        </identifiers>
        <firstName>John</firstName>
        <lastName>Boozman</lastName>
        <fullName>Sen. Boozman, John [R-AR]</fullName>
        <bioguideId>B001236</bioguideId>
        <sponsorshipWithdrawnDate />
        <middleName />
        <sponsorshipDate>2019-03-12</sponsorshipDate>
        <isOriginalCosponsor>True</isOriginalCosponsor>
        <state>AR</state>
        <party>R</party>
      </item>
      <item>
        <identifiers>
          <lisID>2176</lisID>
          <bioguideId>K000384</bioguideId>
          <gpoId />
        </identifiers>
        <firstName>Timothy</firstName>
        <lastName>Kaine</lastName>
        <fullName>Sen. Kaine, Tim [D-VA]</fullName>
        <bioguideId>K000384</bioguideId>
        <sponsorshipWithdrawnDate />
        <middleName />
        <sponsorshipDate>2019-03-12</sponsorshipDate>
        <isOriginalCosponsor>True</isOriginalCosponsor>
        <state>VA</state>
        <party>D</party>
      </item>
      <item>
        <identifiers>
          <lisID>1608</lisID>
          <bioguideId>I000055</bioguideId>
          <gpoId>8323</gpoId>
        </identifiers>
        <firstName>Johnny</firstName>
        <lastName>Isakson</lastName>
        <fullName>Sen. Isakson, Johnny [R-GA]</fullName>
        <bioguideId>I000055</bioguideId>
        <sponsorshipWithdrawnDate />
        <middleName />
        <sponsorshipDate>2019-03-12</sponsorshipDate>
        <isOriginalCosponsor>True</isOriginalCosponsor>
        <state>GA</state>
        <party>R</party>
      </item>
      <item>
        <identifiers>
          <bioguideId>S000033</bioguideId>
          <lisID>1010</lisID>
          <gpoId>8270</gpoId>
        </identifiers>
        <firstName>Bernard</firstName>
        <lastName>Sanders</lastName>
        <fullName>Sen. Sanders, Bernard [I-VT]</fullName>
        <bioguideId>S000033</bioguideId>
        <sponsorshipWithdrawnDate />
        <middleName />
        <sponsorshipDate>2019-03-12</sponsorshipDate>
        <isOriginalCosponsor>True</isOriginalCosponsor>
        <state>VT</state>
        <party>I</party>
      </item>
      <item>
        <identifiers>
          <lisID>1748</lisID>
          <bioguideId>B001243</bioguideId>
          <gpoId>8154</gpoId>
        </identifiers>
        <firstName>Marsha</firstName>
        <lastName>Blackburn</lastName>
        <fullName>Sen. Blackburn, Marsha [R-TN]</fullName>
        <bioguideId>B001243</bioguideId>
        <sponsorshipWithdrawnDate />
        <middleName />
        <sponsorshipDate>2019-03-12</sponsorshipDate>
        <isOriginalCosponsor>True</isOriginalCosponsor>
        <state>TN</state>
        <party>R</party>
      </item>
      <item>
        <identifiers>
          <bioguideId>V000128</bioguideId>
          <lisID>1729</lisID>
          <gpoId>7983</gpoId>
        </identifiers>
        <firstName>Chris</firstName>
        <lastName>Van Hollen</lastName>
        <fullName>Sen. Van Hollen, Chris [D-MD]</fullName>
        <bioguideId>V000128</bioguideId>
        <sponsorshipWithdrawnDate />
        <middleName />
        <sponsorshipDate>2019-03-12</sponsorshipDate>
        <isOriginalCosponsor>True</isOriginalCosponsor>
        <state>MD</state>
        <party>D</party>
      </item>
      <item>
        <identifiers>
          <gpoId />
          <lisID>2366</lisID>
          <bioguideId>H001079</bioguideId>
        </identifiers>
        <firstName>Cindy</firstName>
        <lastName>Hyde-Smith</lastName>
        <fullName>Sen. Hyde-Smith, Cindy [R-MS]</fullName>
        <bioguideId>H001079</bioguideId>
        <sponsorshipWithdrawnDate />
        <middleName />
        <sponsorshipDate>2019-03-12</sponsorshipDate>
        <isOriginalCosponsor>True</isOriginalCosponsor>
        <state>MS</state>
        <party>R</party>
      </item>
      <item>
        <identifiers>
          <lisID>2301</lisID>
          <bioguideId>H001075</bioguideId>
          <gpoId />
        </identifiers>
        <firstName>Kamala</firstName>
        <lastName>Harris</lastName>
        <fullName>Sen. Harris, Kamala D. [D-CA]</fullName>
        <bioguideId>H001075</bioguideId>
        <sponsorshipWithdrawnDate />
        <middleName>D.</middleName>
        <sponsorshipDate>2019-03-12</sponsorshipDate>
        <isOriginalCosponsor>True</isOriginalCosponsor>
        <state>CA</state>
        <party>D</party>
      </item>
      <item>
        <identifiers>
          <gpoId />
          <bioguideId>T000476</bioguideId>
          <lisID>2291</lisID>
        </identifiers>
        <firstName>Thomas</firstName>
        <lastName>Tillis</lastName>
        <fullName>Sen. Tillis, Thom [R-NC]</fullName>
        <bioguideId>T000476</bioguideId>
        <sponsorshipWithdrawnDate />
        <middleName>Roland</middleName>
        <sponsorshipDate>2019-03-12</sponsorshipDate>
        <isOriginalCosponsor>True</isOriginalCosponsor>
        <state>NC</state>
        <party>R</party>
      </item>
      <item>
        <identifiers>
          <gpoId>8297</gpoId>
          <lisID>1984</lisID>
          <bioguideId>C001088</bioguideId>
        </identifiers>
        <firstName>Christopher</firstName>
        <lastName>Coons</lastName>
        <fullName>Sen. Coons, Christopher A. [D-DE]</fullName>
        <bioguideId>C001088</bioguideId>
        <sponsorshipWithdrawnDate />
        <middleName>A.</middleName>
        <sponsorshipDate>2019-03-12</sponsorshipDate>
        <isOriginalCosponsor>True</isOriginalCosponsor>
        <state>DE</state>
        <party>D</party>
      </item>
      <item>
        <identifiers>
          <bioguideId>W000437</bioguideId>
          <lisID>1226</lisID>
          <gpoId>8263</gpoId>
        </identifiers>
        <firstName>ROGER</firstName>
        <lastName>WICKER</lastName>
        <fullName>Sen. Wicker, Roger F. [R-MS]</fullName>
        <bioguideId>W000437</bioguideId>
        <sponsorshipWithdrawnDate />
        <middleName>F.</middleName>
        <sponsorshipDate>2019-03-12</sponsorshipDate>
        <isOriginalCosponsor>True</isOriginalCosponsor>
        <state>MS</state>
        <party>R</party>
      </item>
      <item>
        <identifiers>
          <gpoId>8249</gpoId>
          <lisID>1826</lisID>
          <bioguideId>K000367</bioguideId>
        </identifiers>
        <firstName>Amy</firstName>
        <lastName>Klobuchar</lastName>
        <fullName>Sen. Klobuchar, Amy [D-MN]</fullName>
        <bioguideId>K000367</bioguideId>
        <sponsorshipWithdrawnDate />
        <middleName />
        <sponsorshipDate>2019-03-12</sponsorshipDate>
        <isOriginalCosponsor>True</isOriginalCosponsor>
        <state>MN</state>
        <party>D</party>
      </item>
      <item>
        <identifiers>
          <gpoId />
          <lisID>2286</lisID>
          <bioguideId>P000612</bioguideId>
        </identifiers>
        <firstName>David</firstName>
        <lastName>Perdue</lastName>
        <fullName>Sen. Perdue, David [R-GA]</fullName>
        <bioguideId>P000612</bioguideId>
        <sponsorshipWithdrawnDate />
        <middleName>Alfred</middleName>
        <sponsorshipDate>2019-03-12</sponsorshipDate>
        <isOriginalCosponsor>True</isOriginalCosponsor>
        <state>GA</state>
        <party>R</party>
      </item>
      <item>
        <identifiers>
          <gpoId />
          <bioguideId>B001288</bioguideId>
          <lisID>2194</lisID>
        </identifiers>
        <firstName>Cory</firstName>
        <lastName>Booker</lastName>
        <fullName>Sen. Booker, Cory A. [D-NJ]</fullName>
        <bioguideId>B001288</bioguideId>
        <sponsorshipWithdrawnDate />
        <middleName>A.</middleName>
        <sponsorshipDate>2019-03-12</sponsorshipDate>
        <isOriginalCosponsor>True</isOriginalCosponsor>
        <state>NJ</state>
        <party>D</party>
      </item>
      <item>
        <identifiers>
          <gpoId>8242</gpoId>
          <bioguideId>R000595</bioguideId>
          <lisID>2084</lisID>
        </identifiers>
        <firstName>Marco</firstName>
        <lastName>Rubio</lastName>
        <fullName>Sen. Rubio, Marco [R-FL]</fullName>
        <bioguideId>R000595</bioguideId>
        <sponsorshipWithdrawnDate />
        <middleName />
        <sponsorshipDate>2019-03-12</sponsorshipDate>
        <isOriginalCosponsor>True</isOriginalCosponsor>
        <state>FL</state>
        <party>R</party>
      </item>
      <item>
        <identifiers>
          <lisID>1036</lisID>
          <gpoId>8279</gpoId>
          <bioguideId>S000148</bioguideId>
        </identifiers>
        <firstName>CHARLES</firstName>
        <lastName>SCHUMER</lastName>
        <fullName>Sen. Schumer, Charles E. [D-NY]</fullName>
        <bioguideId>S000148</bioguideId>
        <sponsorshipWithdrawnDate />
        <middleName>E.</middleName>
        <sponsorshipDate>2019-03-12</sponsorshipDate>
        <isOriginalCosponsor>True</isOriginalCosponsor>
        <state>NY</state>
        <party>D</party>
      </item>
      <item>
        <identifiers>
          <gpoId />
          <bioguideId>S001217</bioguideId>
          <lisID>2470</lisID>
        </identifiers>
        <firstName>Rick</firstName>
        <lastName>Scott</lastName>
        <fullName>Sen. Scott, Rick  [R-FL]</fullName>
        <bioguideId>S001217</bioguideId>
        <sponsorshipWithdrawnDate />
        <middleName />
        <sponsorshipDate>2019-03-12</sponsorshipDate>
        <isOriginalCosponsor>True</isOriginalCosponsor>
        <state>FL</state>
        <party>R</party>
      </item>
      <item>
        <identifiers>
          <lisID>179</lisID>
          <bioguideId>C000174</bioguideId>
          <gpoId>8283</gpoId>
        </identifiers>
        <firstName>THOMAS</firstName>
        <lastName>CARPER</lastName>
        <fullName>Sen. Carper, Thomas R. [D-DE]</fullName>
        <bioguideId>C000174</bioguideId>
        <sponsorshipWithdrawnDate />
        <middleName>R.</middleName>
        <sponsorshipDate>2019-03-12</sponsorshipDate>
        <isOriginalCosponsor>True</isOriginalCosponsor>
        <state>DE</state>
        <party>D</party>
      </item>
      <item>
        <identifiers>
          <lisID>2098</lisID>
          <gpoId />
          <bioguideId>C001095</bioguideId>
        </identifiers>
        <firstName>Tom</firstName>
        <lastName>Cotton</lastName>
        <fullName>Sen. Cotton, Tom [R-AR]</fullName>
        <bioguideId>C001095</bioguideId>
        <sponsorshipWithdrawnDate />
        <middleName />
        <sponsorshipDate>2019-03-12</sponsorshipDate>
        <isOriginalCosponsor>True</isOriginalCosponsor>
        <state>AR</state>
        <party>R</party>
      </item>
      <item>
        <identifiers>
          <bioguideId>D000563</bioguideId>
          <lisID>326</lisID>
          <gpoId>8326</gpoId>
        </identifiers>
        <firstName>RICHARD</firstName>
        <lastName>DURBIN</lastName>
        <fullName>Sen. Durbin, Richard J. [D-IL]</fullName>
        <bioguideId>D000563</bioguideId>
        <sponsorshipWithdrawnDate />
        <middleName>J.</middleName>
        <sponsorshipDate>2019-03-12</sponsorshipDate>
        <isOriginalCosponsor>True</isOriginalCosponsor>
        <state>IL</state>
        <party>D</party>
      </item>
      <item>
        <identifiers>
          <gpoId>8237</gpoId>
          <bioguideId>M001111</bioguideId>
          <lisID>1409</lisID>
        </identifiers>
        <firstName>PATTY</firstName>
        <lastName>MURRAY</lastName>
        <fullName>Sen. Murray, Patty [D-WA]</fullName>
        <bioguideId>M001111</bioguideId>
        <sponsorshipWithdrawnDate />
        <middleName />
        <sponsorshipDate>2019-03-12</sponsorshipDate>
        <isOriginalCosponsor>True</isOriginalCosponsor>
        <state>WA</state>
        <party>D</party>
      </item>
      <item>
        <identifiers>
          <lisID>2182</lisID>
          <bioguideId>W000817</bioguideId>
          <gpoId />
        </identifiers>
        <firstName>Elizabeth</firstName>
        <lastName>Warren</lastName>
        <fullName>Sen. Warren, Elizabeth [D-MA]</fullName>
        <bioguideId>W000817</bioguideId>
        <sponsorshipWithdrawnDate />
        <middleName>A.</middleName>
        <sponsorshipDate>2019-03-12</sponsorshipDate>
        <isOriginalCosponsor>True</isOriginalCosponsor>
        <state>MA</state>
        <party>D</party>
      </item>
    </cosponsors>
    <notes />
    <congress>116</congress>
    <policyArea>
      <name>Education</name>
    </policyArea>
    <introducedDate>2019-03-12</introducedDate>
    <title>A resolution commemorating the 75th anniversary of the United Negro College Fund.</title>
    <titles>
      <item>
        <chamberName />
        <chamberCode />
        <parentTitleType />
        <titleType>Official Title as Introduced</titleType>
        <title>A resolution commemorating the 75th anniversary of the United Negro College Fund.</title>
      </item>
      <item>
        <chamberName />
        <chamberCode />
        <parentTitleType />
        <titleType>Display Title</titleType>
        <title>A resolution commemorating the 75th anniversary of the United Negro College Fund.</title>
      </item>
    </titles>
    <billNumber>106</billNumber>
    <laws />
    <updateDate>2019-04-11T04:57:32Z</updateDate>
    <billType>SRES</billType>
    <version>1.0.0</version>
    <latestAction>
      <links />
      <actionDate>2019-03-12</actionDate>
      <text>Submitted in the Senate, considered, and agreed to without amendment and with a preamble by Unanimous Consent. (consideration: CR S1799; text: CR S1798)</text>
    </latestAction>
  </bill>
  <dublinCore xmlns:dc="http://purl.org/dc/elements/1.1/">
    <dc:format>text/xml</dc:format>
    <dc:language>EN</dc:language>
    <dc:rights>Pursuant to Title 17 Section 105 of the United States Code, this file is not subject to copyright protection and is in the public domain.</dc:rights>
    <dc:contributor>Congressional Research Service, Library of Congress</dc:contributor>
    <dc:description>This file contains bill summaries and statuses for federal legislation. A bill summary describes the most significant provisions of a piece of legislation and details the effects the legislative text may have on current law and federal programs. Bill summaries are authored by the Congressional Research Service (CRS) of the Library of Congress. As stated in Public Law 91-510 (2 USC 166 (d)(6)), one of the duties of CRS is "to prepare summaries and digests of bills and resolutions of a public general nature introduced in the Senate or House of Representatives". For more information, refer to the User Guide that accompanies this file.</dc:description>
  </dublinCore>
</billStatus>

