<?xml version="1.0" encoding="UTF-8"?>
<billStatus>
  <bill>
    <summaries>
      <billSummaries />
    </summaries>
    <actions>
      <actionByCounts>
        <senate>2</senate>
      </actionByCounts>
      <actionTypeCounts>
        <referredToCommittee>1</referredToCommittee>
        <introducedInSenate>1</introducedInSenate>
      </actionTypeCounts>
      <item>
        <actionDate>2019-03-06</actionDate>
        <committee>
          <systemCode>ssra00</systemCode>
          <name>Rules and Administration Committee</name>
        </committee>
        <links />
        <sourceSystem>
          <code>0</code>
          <name>Senate</name>
        </sourceSystem>
        <text>Referred to the Committee on Rules and Administration.</text>
        <type>IntroReferral</type>
      </item>
      <item>
        <sourceSystem>
          <code>9</code>
          <name>Library of Congress</name>
        </sourceSystem>
        <text>Introduced in Senate</text>
        <committee />
        <actionDate>2019-03-06</actionDate>
        <type>IntroReferral</type>
        <links />
        <actionCode>10000</actionCode>
      </item>
    </actions>
    <textVersions>
      <item>
        <type>Introduced in Senate</type>
        <formats>
          <item>
            <url>https://www.govinfo.gov/content/pkg/BILLS-116sres97is/xml/BILLS-116sres97is.xml</url>
          </item>
        </formats>
        <date>2019-03-06T05:00:00Z</date>
      </item>
    </textVersions>
    <titles>
      <item>
        <chamberName />
        <chamberCode />
        <parentTitleType />
        <titleType>Official Title as Introduced</titleType>
        <title>A resolution establishing the Select Committee on the Climate Crisis.</title>
      </item>
      <item>
        <chamberName />
        <chamberCode />
        <parentTitleType />
        <titleType>Display Title</titleType>
        <title>A resolution establishing the Select Committee on the Climate Crisis.</title>
      </item>
    </titles>
    <version>1.0.0</version>
    <billType>SRES</billType>
    <updateDate>2019-04-11T15:42:27Z</updateDate>
    <calendarNumbers />
    <congress>116</congress>
    <billNumber>97</billNumber>
    <subjects>
      <billSubjects>
        <legislativeSubjects>
          <item>
            <name>Air quality</name>
          </item>
          <item>
            <name>Climate change and greenhouse gases</name>
          </item>
          <item>
            <name>Congressional committees</name>
          </item>
          <item>
            <name>Congressional operations and organization</name>
          </item>
          <item>
            <name>Senate</name>
          </item>
        </legislativeSubjects>
        <policyArea>
          <name>Congress</name>
        </policyArea>
      </billSubjects>
    </subjects>
    <notes />
    <originChamber>Senate</originChamber>
    <amendments />
    <cosponsors />
    <committees>
      <billCommittees>
        <item>
          <activities>
            <item>
              <date>2019-03-06T20:14:00Z</date>
              <name>Referred to</name>
            </item>
          </activities>
          <systemCode>ssra00</systemCode>
          <type>Standing</type>
          <name>Rules and Administration Committee</name>
          <chamber>Senate</chamber>
          <subcommittees />
        </item>
      </billCommittees>
    </committees>
    <committeeReports />
    <title>A resolution establishing the Select Committee on the Climate Crisis.</title>
    <latestAction>
      <actionDate>2019-03-06</actionDate>
      <text>Referred to the Committee on Rules and Administration.</text>
      <links />
    </latestAction>
    <createDate>2019-03-07T05:42:06Z</createDate>
    <laws />
    <cboCostEstimates />
    <sponsors>
      <item>
        <party>D</party>
        <lastName>SCHUMER</lastName>
        <bioguideId>S000148</bioguideId>
        <state>NY</state>
        <firstName>CHARLES</firstName>
        <identifiers>
          <lisID>1036</lisID>
          <gpoId>8279</gpoId>
          <bioguideId>S000148</bioguideId>
        </identifiers>
        <fullName>Sen. Schumer, Charles E. [D-NY]</fullName>
        <byRequestType />
        <middleName>E.</middleName>
      </item>
    </sponsors>
    <policyArea>
      <name>Congress</name>
    </policyArea>
    <relatedBills />
    <recordedVotes />
    <introducedDate>2019-03-06</introducedDate>
  </bill>
  <dublinCore xmlns:dc="http://purl.org/dc/elements/1.1/">
    <dc:format>text/xml</dc:format>
    <dc:language>EN</dc:language>
    <dc:rights>Pursuant to Title 17 Section 105 of the United States Code, this file is not subject to copyright protection and is in the public domain.</dc:rights>
    <dc:contributor>Congressional Research Service, Library of Congress</dc:contributor>
    <dc:description>This file contains bill summaries and statuses for federal legislation. A bill summary describes the most significant provisions of a piece of legislation and details the effects the legislative text may have on current law and federal programs. Bill summaries are authored by the Congressional Research Service (CRS) of the Library of Congress. As stated in Public Law 91-510 (2 USC 166 (d)(6)), one of the duties of CRS is "to prepare summaries and digests of bills and resolutions of a public general nature introduced in the Senate or House of Representatives". For more information, refer to the User Guide that accompanies this file.</dc:description>
  </dublinCore>
</billStatus>

