<?xml version="1.0" encoding="UTF-8"?>
<billStatus>
  <bill>
    <policyArea>
      <name>International Affairs</name>
    </policyArea>
    <relatedBills />
    <introducedDate>2019-04-11</introducedDate>
    <committeeReports />
    <amendments />
    <textVersions>
      <item>
        <formats>
          <item>
            <url>https://www.govinfo.gov/content/pkg/BILLS-116sres161is/xml/BILLS-116sres161is.xml</url>
          </item>
        </formats>
        <type>Introduced in Senate</type>
        <date>2019-04-11T04:00:00Z</date>
      </item>
    </textVersions>
    <cboCostEstimates />
    <subjects>
      <billSubjects>
        <policyArea>
          <name>International Affairs</name>
        </policyArea>
        <legislativeSubjects>
          <item>
            <name>Africa</name>
          </item>
          <item>
            <name>Child health</name>
          </item>
          <item>
            <name>Commemorative events and holidays</name>
          </item>
          <item>
            <name>Congressional tributes</name>
          </item>
          <item>
            <name>Foreign aid and international relief</name>
          </item>
          <item>
            <name>HIV/AIDS</name>
          </item>
          <item>
            <name>Health programs administration and funding</name>
          </item>
          <item>
            <name>Health promotion and preventive care</name>
          </item>
          <item>
            <name>Immunology and vaccination</name>
          </item>
          <item>
            <name>Infectious and parasitic diseases</name>
          </item>
          <item>
            <name>Public-private cooperation</name>
          </item>
          <item>
            <name>Women's health</name>
          </item>
          <item>
            <name>World health</name>
          </item>
        </legislativeSubjects>
      </billSubjects>
    </subjects>
    <laws />
    <calendarNumbers />
    <notes />
    <actions>
      <actionTypeCounts>
        <referredToCommittee>1</referredToCommittee>
        <introducedInSenate>1</introducedInSenate>
      </actionTypeCounts>
      <item>
        <actionDate>2019-04-11</actionDate>
        <committee>
          <name>Foreign Relations Committee</name>
          <systemCode>ssfr00</systemCode>
        </committee>
        <links>
          <link>
            <name>S2440-2441</name>
            <url>https://www.congress.gov/congressional-record/volume-165/senate-section/page/S2440-2441</url>
          </link>
        </links>
        <sourceSystem>
          <name>Senate</name>
          <code>0</code>
        </sourceSystem>
        <text>Referred to the Committee on Foreign Relations. (text: CR S2440-2441)</text>
        <type>IntroReferral</type>
      </item>
      <item>
        <links />
        <sourceSystem>
          <name>Library of Congress</name>
          <code>9</code>
        </sourceSystem>
        <committee />
        <actionCode>10000</actionCode>
        <text>Introduced in Senate</text>
        <actionDate>2019-04-11</actionDate>
        <type>IntroReferral</type>
      </item>
      <actionByCounts>
        <senate>2</senate>
      </actionByCounts>
    </actions>
    <originChamber>Senate</originChamber>
    <committees>
      <billCommittees>
        <item>
          <subcommittees />
          <type>Standing</type>
          <systemCode>ssfr00</systemCode>
          <chamber>Senate</chamber>
          <name>Foreign Relations Committee</name>
          <activities>
            <item>
              <date>2019-04-11T18:49:57Z</date>
              <name>Referred to</name>
            </item>
          </activities>
        </item>
      </billCommittees>
    </committees>
    <titles>
      <item>
        <titleType>Official Title as Introduced</titleType>
        <chamberCode />
        <title>A resolution supporting the goals and ideals of World Malaria Day.</title>
        <parentTitleType />
        <chamberName />
      </item>
      <item>
        <titleType>Display Title</titleType>
        <chamberCode />
        <title>A resolution supporting the goals and ideals of World Malaria Day.</title>
        <parentTitleType />
        <chamberName />
      </item>
    </titles>
    <summaries>
      <billSummaries />
    </summaries>
    <recordedVotes />
    <title>A resolution supporting the goals and ideals of World Malaria Day.</title>
    <sponsors>
      <item>
        <party>R</party>
        <state>MS</state>
        <identifiers>
          <bioguideId>W000437</bioguideId>
          <gpoId>8263</gpoId>
          <lisID>1226</lisID>
        </identifiers>
        <middleName>F.</middleName>
        <byRequestType />
        <bioguideId>W000437</bioguideId>
        <firstName>ROGER</firstName>
        <fullName>Sen. Wicker, Roger F. [R-MS]</fullName>
        <lastName>WICKER</lastName>
      </item>
    </sponsors>
    <cosponsors>
      <item>
        <party>D</party>
        <lastName>Coons</lastName>
        <firstName>Christopher</firstName>
        <bioguideId>C001088</bioguideId>
        <state>DE</state>
        <sponsorshipDate>2019-04-11</sponsorshipDate>
        <fullName>Sen. Coons, Christopher A. [D-DE]</fullName>
        <identifiers>
          <lisID>1984</lisID>
          <gpoId>8297</gpoId>
          <bioguideId>C001088</bioguideId>
        </identifiers>
        <middleName>A.</middleName>
        <sponsorshipWithdrawnDate />
        <isOriginalCosponsor>True</isOriginalCosponsor>
      </item>
    </cosponsors>
    <billNumber>161</billNumber>
    <congress>116</congress>
    <latestAction>
      <links />
      <actionDate>2019-04-11</actionDate>
      <text>Referred to the Committee on Foreign Relations. (text: CR S2440-2441)</text>
    </latestAction>
    <billType>SRES</billType>
    <updateDate>2019-11-15T21:56:28Z</updateDate>
    <createDate>2019-04-12T04:57:08Z</createDate>
    <version>1.0.0</version>
  </bill>
  <dublinCore xmlns:dc="http://purl.org/dc/elements/1.1/">
    <dc:format>text/xml</dc:format>
    <dc:language>EN</dc:language>
    <dc:rights>Pursuant to Title 17 Section 105 of the United States Code, this file is not subject to copyright protection and is in the public domain.</dc:rights>
    <dc:contributor>Congressional Research Service, Library of Congress</dc:contributor>
    <dc:description>This file contains bill summaries and statuses for federal legislation. A bill summary describes the most significant provisions of a piece of legislation and details the effects the legislative text may have on current law and federal programs. Bill summaries are authored by the Congressional Research Service (CRS) of the Library of Congress. As stated in Public Law 91-510 (2 USC 166 (d)(6)), one of the duties of CRS is "to prepare summaries and digests of bills and resolutions of a public general nature introduced in the Senate or House of Representatives". For more information, refer to the User Guide that accompanies this file.</dc:description>
  </dublinCore>
</billStatus>

