<?xml version="1.0" encoding="UTF-8"?>
<billStatus>
  <bill>
    <sponsors>
      <item>
        <state>WY</state>
        <fullName>Sen. Barrasso, John [R-WY]</fullName>
        <bioguideId>B001261</bioguideId>
        <identifiers>
          <bioguideId>B001261</bioguideId>
          <lisID>1881</lisID>
          <gpoId>8300</gpoId>
        </identifiers>
        <middleName />
        <byRequestType />
        <party>R</party>
        <lastName>Barrasso</lastName>
        <firstName>John</firstName>
      </item>
    </sponsors>
    <version>1.0.0</version>
    <billNumber>41</billNumber>
    <textVersions>
      <item>
        <type>Introduced in Senate</type>
        <date>2019-02-05T05:00:00Z</date>
        <formats>
          <item>
            <url>https://www.govinfo.gov/content/pkg/BILLS-116sres41is/xml/BILLS-116sres41is.xml</url>
          </item>
        </formats>
      </item>
    </textVersions>
    <policyArea>
      <name>Congress</name>
    </policyArea>
    <subjects>
      <billSubjects>
        <legislativeSubjects>
          <item>
            <name>Congressional committees</name>
          </item>
          <item>
            <name>Senate Committee on Environment and Public Works</name>
          </item>
        </legislativeSubjects>
        <policyArea>
          <name>Congress</name>
        </policyArea>
      </billSubjects>
    </subjects>
    <latestAction>
      <links />
      <actionDate>2019-02-05</actionDate>
      <text>Referred to the Committee on Rules and Administration. (text: CR S869-870)</text>
    </latestAction>
    <congress>116</congress>
    <committees>
      <billCommittees>
        <item>
          <chamber>Senate</chamber>
          <subcommittees />
          <systemCode>ssra00</systemCode>
          <type>Standing</type>
          <activities>
            <item>
              <name>Referred to</name>
              <date>2019-02-05T17:40:19Z</date>
            </item>
          </activities>
          <name>Rules and Administration Committee</name>
        </item>
        <item>
          <chamber>Senate</chamber>
          <subcommittees />
          <systemCode>ssev00</systemCode>
          <type>Standing</type>
          <activities>
            <item>
              <name>Reported original measure</name>
              <date>2019-02-05T17:39:39Z</date>
            </item>
          </activities>
          <name>Environment and Public Works Committee</name>
        </item>
      </billCommittees>
    </committees>
    <committeeReports />
    <cosponsors />
    <summaries>
      <billSummaries>
        <item>
          <updateDate>2019-02-05T05:00:00Z</updateDate>
          <lastSummaryUpdateDate>2019-02-15T23:11:48Z</lastSummaryUpdateDate>
          <actionDesc>Introduced in Senate</actionDesc>
          <text><![CDATA[<p>This resolution authorizes expenditures by the Senate Committee on Environment and Public Works for the 116th Congress.</p>]]></text>
          <actionDate>2019-02-05</actionDate>
          <name>Introduced in Senate</name>
          <versionCode>00</versionCode>
        </item>
        <item>
          <updateDate>2019-02-05T13:39:59Z</updateDate>
          <lastSummaryUpdateDate>2019-02-15T23:11:39Z</lastSummaryUpdateDate>
          <actionDesc>Reported to Senate</actionDesc>
          <text><![CDATA[<p>This resolution authorizes expenditures by the Senate Committee on Environment and Public Works for the 116th Congress.</p>]]></text>
          <actionDate>2019-02-05</actionDate>
          <name>Reported to Senate</name>
          <versionCode>25</versionCode>
        </item>
      </billSummaries>
    </summaries>
    <actions>
      <actionTypeCounts>
        <originalBillReported>1</originalBillReported>
        <referredToCommittee>1</referredToCommittee>
        <introducedInSenate>1</introducedInSenate>
        <reportedToSenate>1</reportedToSenate>
      </actionTypeCounts>
      <item>
        <actionDate>2019-02-05</actionDate>
        <committee>
          <systemCode>ssra00</systemCode>
          <name>Rules and Administration Committee</name>
        </committee>
        <links>
          <link>
            <name>S869-870</name>
            <url>https://www.congress.gov/congressional-record/volume-165/senate-section/page/S869-870</url>
          </link>
        </links>
        <sourceSystem>
          <code>0</code>
          <name>Senate</name>
        </sourceSystem>
        <text>Referred to the Committee on Rules and Administration. (text: CR S869-870)</text>
        <type>IntroReferral</type>
      </item>
      <item>
        <actionDate>2019-02-05</actionDate>
        <committee>
          <systemCode>ssev00</systemCode>
          <name>Environment and Public Works Committee</name>
        </committee>
        <links />
        <sourceSystem>
          <code>0</code>
          <name>Senate</name>
        </sourceSystem>
        <text>Committee on Environment and Public Works. Original measure reported to Senate by Senator Barrasso. Without written report.</text>
        <type>Committee</type>
      </item>
      <item>
        <links />
        <committee>
          <systemCode>ssev00</systemCode>
          <name>Environment and Public Works Committee</name>
        </committee>
        <actionCode>14000</actionCode>
        <text>Committee on Environment and Public Works. Original measure reported to Senate by Senator Barrasso. Without written report.</text>
        <type>Committee</type>
        <actionDate>2019-02-05</actionDate>
        <sourceSystem>
          <code>9</code>
          <name>Library of Congress</name>
        </sourceSystem>
      </item>
      <item>
        <links />
        <committee />
        <actionCode>10000</actionCode>
        <text>Introduced in Senate</text>
        <type>IntroReferral</type>
        <actionDate>2019-02-05</actionDate>
        <sourceSystem>
          <code>9</code>
          <name>Library of Congress</name>
        </sourceSystem>
      </item>
      <actionByCounts>
        <senate>4</senate>
      </actionByCounts>
    </actions>
    <cboCostEstimates />
    <createDate>2019-02-06T06:10:14Z</createDate>
    <notes />
    <laws />
    <originChamber>Senate</originChamber>
    <relatedBills>
      <item>
        <latestTitle>An original resolution authorizing expenditures by the Committee on Environment and Public Works.</latestTitle>
        <type>SRES</type>
        <latestAction>
          <actionDate>2019-02-05</actionDate>
          <text>Referred to the Committee on Rules and Administration. (text: CR S871-872)</text>
        </latestAction>
        <number>46</number>
        <relationshipDetails>
          <item>
            <type>Identical bill</type>
            <identifiedBy>CRS</identifiedBy>
          </item>
        </relationshipDetails>
        <congress>116</congress>
      </item>
    </relatedBills>
    <title>An original resolution authorizing expenditures by the Committee on Environment and Public Works.</title>
    <titles>
      <item>
        <titleType>Official Title as Introduced</titleType>
        <parentTitleType />
        <chamberCode />
        <title>An original resolution authorizing expenditures by the Committee on Environment and Public Works.</title>
        <chamberName />
      </item>
      <item>
        <titleType>Display Title</titleType>
        <parentTitleType />
        <chamberCode />
        <title>An original resolution authorizing expenditures by the Committee on Environment and Public Works.</title>
        <chamberName />
      </item>
    </titles>
    <calendarNumbers />
    <updateDate>2019-04-11T15:42:25Z</updateDate>
    <recordedVotes />
    <amendments />
    <introducedDate>2019-02-05</introducedDate>
    <billType>SRES</billType>
  </bill>
  <dublinCore xmlns:dc="http://purl.org/dc/elements/1.1/">
    <dc:format>text/xml</dc:format>
    <dc:language>EN</dc:language>
    <dc:rights>Pursuant to Title 17 Section 105 of the United States Code, this file is not subject to copyright protection and is in the public domain.</dc:rights>
    <dc:contributor>Congressional Research Service, Library of Congress</dc:contributor>
    <dc:description>This file contains bill summaries and statuses for federal legislation. A bill summary describes the most significant provisions of a piece of legislation and details the effects the legislative text may have on current law and federal programs. Bill summaries are authored by the Congressional Research Service (CRS) of the Library of Congress. As stated in Public Law 91-510 (2 USC 166 (d)(6)), one of the duties of CRS is "to prepare summaries and digests of bills and resolutions of a public general nature introduced in the Senate or House of Representatives". For more information, refer to the User Guide that accompanies this file.</dc:description>
  </dublinCore>
</billStatus>

