<?xml version="1.0" encoding="UTF-8"?>
<billStatus>
  <bill>
    <updateDate>2019-04-12T04:57:36Z</updateDate>
    <subjects>
      <billSubjects>
        <legislativeSubjects>
          <item>
            <name>Europe</name>
          </item>
          <item>
            <name>Free trade and trade barriers</name>
          </item>
          <item>
            <name>Trade agreements and negotiations</name>
          </item>
          <item>
            <name>United Kingdom</name>
          </item>
        </legislativeSubjects>
        <policyArea>
          <name>Foreign Trade and International Finance</name>
        </policyArea>
      </billSubjects>
    </subjects>
    <summaries>
      <billSummaries />
    </summaries>
    <textVersions>
      <item>
        <type>Introduced in Senate</type>
        <date>2019-04-02T04:00:00Z</date>
        <formats>
          <item>
            <url>https://www.govinfo.gov/content/pkg/BILLS-116sres137is/xml/BILLS-116sres137is.xml</url>
          </item>
        </formats>
      </item>
    </textVersions>
    <cosponsors />
    <cboCostEstimates />
    <laws />
    <relatedBills />
    <titles>
      <item>
        <parentTitleType />
        <chamberName />
        <titleType>Official Title as Introduced</titleType>
        <chamberCode />
        <title>A resolution expressing the sense of the Senate that the President should work with the Government of the United Kingdom to prepare for a future free trade agreement between the United States and the United Kingdom.</title>
      </item>
      <item>
        <parentTitleType />
        <chamberName />
        <titleType>Display Title</titleType>
        <chamberCode />
        <title>A resolution expressing the sense of the Senate that the President should work with the Government of the United Kingdom to prepare for a future free trade agreement between the United States and the United Kingdom.</title>
      </item>
    </titles>
    <billNumber>137</billNumber>
    <calendarNumbers />
    <version>1.0.0</version>
    <actions>
      <actionByCounts>
        <senate>2</senate>
      </actionByCounts>
      <item>
        <actionDate>2019-04-02</actionDate>
        <committee>
          <name>Finance Committee</name>
          <systemCode>ssfi00</systemCode>
        </committee>
        <links>
          <link>
            <name>S2194</name>
            <url>https://www.congress.gov/congressional-record/volume-165/senate-section/page/S2194</url>
          </link>
        </links>
        <sourceSystem>
          <name>Senate</name>
          <code>0</code>
        </sourceSystem>
        <text>Referred to the Committee on Finance. (text: CR S2194)</text>
        <type>IntroReferral</type>
      </item>
      <item>
        <text>Introduced in Senate</text>
        <type>IntroReferral</type>
        <links />
        <actionDate>2019-04-02</actionDate>
        <sourceSystem>
          <name>Library of Congress</name>
          <code>9</code>
        </sourceSystem>
        <actionCode>10000</actionCode>
        <committee />
      </item>
      <actionTypeCounts>
        <referredToCommittee>1</referredToCommittee>
        <introducedInSenate>1</introducedInSenate>
      </actionTypeCounts>
    </actions>
    <notes />
    <policyArea>
      <name>Foreign Trade and International Finance</name>
    </policyArea>
    <createDate>2019-04-03T04:42:06Z</createDate>
    <committees>
      <billCommittees>
        <item>
          <subcommittees />
          <type>Standing</type>
          <chamber>Senate</chamber>
          <name>Finance Committee</name>
          <activities>
            <item>
              <date>2019-04-02T20:21:10Z</date>
              <name>Referred to</name>
            </item>
          </activities>
          <systemCode>ssfi00</systemCode>
        </item>
      </billCommittees>
    </committees>
    <introducedDate>2019-04-02</introducedDate>
    <latestAction>
      <links />
      <text>Referred to the Committee on Finance. (text: CR S2194)</text>
      <actionDate>2019-04-02</actionDate>
    </latestAction>
    <originChamber>Senate</originChamber>
    <title>A resolution expressing the sense of the Senate that the President should work with the Government of the United Kingdom to prepare for a future free trade agreement between the United States and the United Kingdom.</title>
    <sponsors>
      <item>
        <byRequestType />
        <party>R</party>
        <middleName />
        <bioguideId>L000577</bioguideId>
        <identifiers>
          <bioguideId>L000577</bioguideId>
          <lisID>2080</lisID>
          <gpoId>8303</gpoId>
        </identifiers>
        <lastName>Lee</lastName>
        <fullName>Sen. Lee, Mike [R-UT]</fullName>
        <state>UT</state>
        <firstName>Mike</firstName>
      </item>
    </sponsors>
    <recordedVotes />
    <amendments />
    <billType>SRES</billType>
    <committeeReports />
    <congress>116</congress>
  </bill>
  <dublinCore xmlns:dc="http://purl.org/dc/elements/1.1/">
    <dc:format>text/xml</dc:format>
    <dc:language>EN</dc:language>
    <dc:rights>Pursuant to Title 17 Section 105 of the United States Code, this file is not subject to copyright protection and is in the public domain.</dc:rights>
    <dc:contributor>Congressional Research Service, Library of Congress</dc:contributor>
    <dc:description>This file contains bill summaries and statuses for federal legislation. A bill summary describes the most significant provisions of a piece of legislation and details the effects the legislative text may have on current law and federal programs. Bill summaries are authored by the Congressional Research Service (CRS) of the Library of Congress. As stated in Public Law 91-510 (2 USC 166 (d)(6)), one of the duties of CRS is "to prepare summaries and digests of bills and resolutions of a public general nature introduced in the Senate or House of Representatives". For more information, refer to the User Guide that accompanies this file.</dc:description>
  </dublinCore>
</billStatus>

