<?xml version="1.0" encoding="UTF-8"?>
<billStatus>
  <bill>
    <amendments />
    <title>A resolution supporting the designation of March 2019 as "National Colorectal Cancer Awareness Month".</title>
    <sponsors>
      <item>
        <identifiers>
          <bioguideId>E000285</bioguideId>
          <lisID>1542</lisID>
          <gpoId>8328</gpoId>
        </identifiers>
        <firstName>MICHAEL</firstName>
        <lastName>ENZI</lastName>
        <fullName>Sen. Enzi, Michael B. [R-WY]</fullName>
        <bioguideId>E000285</bioguideId>
        <byRequestType />
        <middleName>B.</middleName>
        <state>WY</state>
        <party>R</party>
      </item>
    </sponsors>
    <notes />
    <createDate>2019-03-13T04:27:06Z</createDate>
    <committees>
      <billCommittees />
    </committees>
    <textVersions>
      <item>
        <type>Agreed to Senate</type>
        <formats>
          <item>
            <url>https://www.govinfo.gov/content/pkg/BILLS-116sres105ats/xml/BILLS-116sres105ats.xml</url>
          </item>
        </formats>
        <date>2019-03-12T04:00:00Z</date>
      </item>
    </textVersions>
    <updateDate>2019-04-11T04:57:32Z</updateDate>
    <billType>SRES</billType>
    <committeeReports />
    <originChamber>Senate</originChamber>
    <summaries>
      <billSummaries>
        <item>
          <actionDesc>Introduced in Senate</actionDesc>
          <name>Introduced in Senate</name>
          <versionCode>00</versionCode>
          <updateDate>2019-03-12T04:00:00Z</updateDate>
          <actionDate>2019-03-12</actionDate>
          <lastSummaryUpdateDate>2019-04-08T15:29:24Z</lastSummaryUpdateDate>
          <text><![CDATA[<p>This resolution expresses support for the designation of March 2019 as National Colorectal Cancer Awareness Month.</p>]]></text>
        </item>
      </billSummaries>
    </summaries>
    <actions>
      <actionTypeCounts>
        <passedAgreedToInSenate>1</passedAgreedToInSenate>
        <passedOrAgreedToInSenateDayOf>1</passedOrAgreedToInSenateDayOf>
        <introducedInSenate>1</introducedInSenate>
      </actionTypeCounts>
      <actionByCounts>
        <senate>3</senate>
      </actionByCounts>
      <item>
        <actionDate>2019-03-12</actionDate>
        <committee />
        <links>
          <link>
            <url>https://www.congress.gov/congressional-record/volume-165/senate-section/page/S1797</url>
            <name>S1797</name>
          </link>
          <link>
            <url>https://www.congress.gov/congressional-record/volume-165/senate-section/page/S1799</url>
            <name>S1799</name>
          </link>
        </links>
        <sourceSystem>
          <code>0</code>
          <name>Senate</name>
        </sourceSystem>
        <text>Submitted in the Senate, considered, and agreed to without amendment and with a preamble by Unanimous Consent. (consideration: CR S1799; text: CR S1797)</text>
        <type>Floor</type>
      </item>
      <item>
        <type>Floor</type>
        <actionCode>17000</actionCode>
        <sourceSystem>
          <code>9</code>
          <name>Library of Congress</name>
        </sourceSystem>
        <actionDate>2019-03-12</actionDate>
        <committee />
        <text>Passed/agreed to in Senate: Submitted in the Senate, considered, and agreed to without amendment and with a preamble by Unanimous Consent.(consideration: CR S1799; text: CR S1797)</text>
        <links>
          <link>
            <url>https://www.congress.gov/congressional-record/volume-165/senate-section/page/S1797</url>
            <name>S1797</name>
          </link>
          <link>
            <url>https://www.congress.gov/congressional-record/volume-165/senate-section/page/S1799</url>
            <name>S1799</name>
          </link>
        </links>
      </item>
      <item>
        <type>IntroReferral</type>
        <actionCode>10000</actionCode>
        <sourceSystem>
          <code>9</code>
          <name>Library of Congress</name>
        </sourceSystem>
        <actionDate>2019-03-12</actionDate>
        <committee />
        <text>Introduced in Senate</text>
        <links />
      </item>
    </actions>
    <cosponsors>
      <item>
        <fullName>Sen. Menendez, Robert [D-NJ]</fullName>
        <middleName />
        <bioguideId>M000639</bioguideId>
        <sponsorshipDate>2019-03-12</sponsorshipDate>
        <party>D</party>
        <lastName>Menendez</lastName>
        <firstName>Robert</firstName>
        <isOriginalCosponsor>True</isOriginalCosponsor>
        <state>NJ</state>
        <identifiers>
          <lisID>791</lisID>
          <gpoId>8239</gpoId>
          <bioguideId>M000639</bioguideId>
        </identifiers>
        <sponsorshipWithdrawnDate />
      </item>
    </cosponsors>
    <calendarNumbers />
    <introducedDate>2019-03-12</introducedDate>
    <congress>116</congress>
    <laws />
    <titles>
      <item>
        <titleType>Official Title as Introduced</titleType>
        <chamberName />
        <parentTitleType />
        <chamberCode />
        <title>A resolution supporting the designation of March 2019 as "National Colorectal Cancer Awareness Month".</title>
      </item>
      <item>
        <titleType>Display Title</titleType>
        <chamberName />
        <parentTitleType />
        <chamberCode />
        <title>A resolution supporting the designation of March 2019 as "National Colorectal Cancer Awareness Month".</title>
      </item>
    </titles>
    <billNumber>105</billNumber>
    <policyArea>
      <name>Health</name>
    </policyArea>
    <version>1.0.0</version>
    <subjects>
      <billSubjects>
        <legislativeSubjects>
          <item>
            <name>Cancer</name>
          </item>
          <item>
            <name>Commemorative events and holidays</name>
          </item>
          <item>
            <name>Digestive and metabolic diseases</name>
          </item>
          <item>
            <name>Health promotion and preventive care</name>
          </item>
        </legislativeSubjects>
        <policyArea>
          <name>Health</name>
        </policyArea>
      </billSubjects>
    </subjects>
    <latestAction>
      <links />
      <text>Submitted in the Senate, considered, and agreed to without amendment and with a preamble by Unanimous Consent. (consideration: CR S1799; text: CR S1797)</text>
      <actionDate>2019-03-12</actionDate>
    </latestAction>
    <relatedBills>
      <item>
        <relationshipDetails>
          <item>
            <identifiedBy>CRS</identifiedBy>
            <type>Related bill</type>
          </item>
        </relationshipDetails>
        <number>180</number>
        <type>HRES</type>
        <latestTitle>Supporting the designation of March 2019 as National Colorectal Cancer Awareness Month.</latestTitle>
        <latestAction>
          <text>Sponsor introductory remarks on measure. (CR H2608)</text>
          <actionDate>2019-03-08</actionDate>
        </latestAction>
        <congress>116</congress>
      </item>
    </relatedBills>
    <recordedVotes />
    <cboCostEstimates />
  </bill>
  <dublinCore xmlns:dc="http://purl.org/dc/elements/1.1/">
    <dc:format>text/xml</dc:format>
    <dc:language>EN</dc:language>
    <dc:rights>Pursuant to Title 17 Section 105 of the United States Code, this file is not subject to copyright protection and is in the public domain.</dc:rights>
    <dc:contributor>Congressional Research Service, Library of Congress</dc:contributor>
    <dc:description>This file contains bill summaries and statuses for federal legislation. A bill summary describes the most significant provisions of a piece of legislation and details the effects the legislative text may have on current law and federal programs. Bill summaries are authored by the Congressional Research Service (CRS) of the Library of Congress. As stated in Public Law 91-510 (2 USC 166 (d)(6)), one of the duties of CRS is "to prepare summaries and digests of bills and resolutions of a public general nature introduced in the Senate or House of Representatives". For more information, refer to the User Guide that accompanies this file.</dc:description>
  </dublinCore>
</billStatus>

