<?xml version="1.0" encoding="UTF-8"?>
<billStatus>
  <bill>
    <titles>
      <item>
        <title>A resolution to authorize testimony in an administrative hearing for Bryan K. Stanley before the Mississippi Division of Medicaid.</title>
        <titleType>Official Title as Introduced</titleType>
        <parentTitleType />
        <chamberCode />
        <chamberName />
      </item>
      <item>
        <title>A resolution to authorize testimony in an administrative hearing for Bryan K. Stanley before the Mississippi Division of Medicaid.</title>
        <titleType>Display Title</titleType>
        <parentTitleType />
        <chamberCode />
        <chamberName />
      </item>
    </titles>
    <amendments />
    <latestAction>
      <actionDate>2019-04-29</actionDate>
      <links />
      <text>Submitted in the Senate, considered, and agreed to without amendment and with a preamble by Unanimous Consent. (Sponsor introductory remarks on measure: CR S2489-2490; consideration: CR S2490; text: CR S2489-2490)</text>
    </latestAction>
    <createDate>2019-04-30T04:27:09Z</createDate>
    <originChamber>Senate</originChamber>
    <actions>
      <actionTypeCounts>
        <passedOrAgreedToInSenateDayOf>1</passedOrAgreedToInSenateDayOf>
        <introducedInSenate>1</introducedInSenate>
        <passedAgreedToInSenate>1</passedAgreedToInSenate>
      </actionTypeCounts>
      <item>
        <actionDate>2019-04-29</actionDate>
        <committee />
        <links>
          <link>
            <name>S2489-2490</name>
            <url>https://www.congress.gov/congressional-record/volume-165/senate-section/page/S2489-2490</url>
          </link>
          <link>
            <name>S2490</name>
            <url>https://www.congress.gov/congressional-record/volume-165/senate-section/page/S2490</url>
          </link>
        </links>
        <sourceSystem>
          <code>0</code>
          <name>Senate</name>
        </sourceSystem>
        <text>Submitted in the Senate, considered, and agreed to without amendment and with a preamble by Unanimous Consent. (Sponsor introductory remarks on measure: CR S2489-2490; consideration: CR S2490; text: CR S2489-2490)</text>
        <type>Floor</type>
      </item>
      <item>
        <text>Passed/agreed to in Senate: Submitted in the Senate, considered, and agreed to without amendment and with a preamble by Unanimous Consent.(Sponsor introductory remarks on measure: CR S2489-2490; consideration: CR S2490; text: CR S2489-2490)</text>
        <sourceSystem>
          <code>9</code>
          <name>Library of Congress</name>
        </sourceSystem>
        <actionDate>2019-04-29</actionDate>
        <actionCode>17000</actionCode>
        <links>
          <link>
            <name>S2489-2490</name>
            <url>https://www.congress.gov/congressional-record/volume-165/senate-section/page/S2489-2490</url>
          </link>
          <link>
            <name>S2490</name>
            <url>https://www.congress.gov/congressional-record/volume-165/senate-section/page/S2490</url>
          </link>
        </links>
        <committee />
        <type>Floor</type>
      </item>
      <item>
        <text>Introduced in Senate</text>
        <sourceSystem>
          <code>9</code>
          <name>Library of Congress</name>
        </sourceSystem>
        <actionDate>2019-04-29</actionDate>
        <actionCode>10000</actionCode>
        <links />
        <committee />
        <type>IntroReferral</type>
      </item>
      <actionByCounts>
        <senate>3</senate>
      </actionByCounts>
    </actions>
    <billType>SRES</billType>
    <billNumber>172</billNumber>
    <cosponsors>
      <item>
        <party>D</party>
        <sponsorshipWithdrawnDate />
        <firstName>CHARLES</firstName>
        <bioguideId>S000148</bioguideId>
        <identifiers>
          <gpoId>8279</gpoId>
          <lisID>1036</lisID>
          <bioguideId>S000148</bioguideId>
        </identifiers>
        <isOriginalCosponsor>True</isOriginalCosponsor>
        <sponsorshipDate>2019-04-29</sponsorshipDate>
        <lastName>SCHUMER</lastName>
        <middleName>E.</middleName>
        <fullName>Sen. Schumer, Charles E. [D-NY]</fullName>
        <state>NY</state>
      </item>
    </cosponsors>
    <laws />
    <version>1.0.0</version>
    <relatedBills />
    <recordedVotes />
    <textVersions>
      <item>
        <type>Agreed to Senate</type>
        <formats>
          <item>
            <url>https://www.govinfo.gov/content/pkg/BILLS-116sres172ats/xml/BILLS-116sres172ats.xml</url>
          </item>
        </formats>
        <date>2019-04-29T04:00:00Z</date>
      </item>
    </textVersions>
    <cboCostEstimates />
    <title>A resolution to authorize testimony in an administrative hearing for Bryan K. Stanley before the Mississippi Division of Medicaid.</title>
    <policyArea>
      <name>Congress</name>
    </policyArea>
    <subjects>
      <billSubjects>
        <legislativeSubjects>
          <item>
            <name>Administrative remedies</name>
          </item>
          <item>
            <name>Congressional officers and employees</name>
          </item>
          <item>
            <name>Evidence and witnesses</name>
          </item>
          <item>
            <name>Medicaid</name>
          </item>
          <item>
            <name>Mississippi</name>
          </item>
          <item>
            <name>Senate</name>
          </item>
          <item>
            <name>State and local government operations</name>
          </item>
        </legislativeSubjects>
        <policyArea>
          <name>Congress</name>
        </policyArea>
      </billSubjects>
    </subjects>
    <calendarNumbers />
    <notes />
    <committees>
      <billCommittees />
    </committees>
    <congress>116</congress>
    <introducedDate>2019-04-29</introducedDate>
    <sponsors>
      <item>
        <byRequestType />
        <state>KY</state>
        <middleName />
        <firstName>MITCH</firstName>
        <bioguideId>M000355</bioguideId>
        <fullName>Sen. McConnell, Mitch [R-KY]</fullName>
        <party>R</party>
        <lastName>MCCONNELL</lastName>
        <identifiers>
          <bioguideId>M000355</bioguideId>
          <lisID>1395</lisID>
          <gpoId>8254</gpoId>
        </identifiers>
      </item>
    </sponsors>
    <summaries>
      <billSummaries />
    </summaries>
    <committeeReports />
    <updateDate>2019-07-10T17:42:13Z</updateDate>
  </bill>
  <dublinCore xmlns:dc="http://purl.org/dc/elements/1.1/">
    <dc:format>text/xml</dc:format>
    <dc:language>EN</dc:language>
    <dc:rights>Pursuant to Title 17 Section 105 of the United States Code, this file is not subject to copyright protection and is in the public domain.</dc:rights>
    <dc:contributor>Congressional Research Service, Library of Congress</dc:contributor>
    <dc:description>This file contains bill summaries and statuses for federal legislation. A bill summary describes the most significant provisions of a piece of legislation and details the effects the legislative text may have on current law and federal programs. Bill summaries are authored by the Congressional Research Service (CRS) of the Library of Congress. As stated in Public Law 91-510 (2 USC 166 (d)(6)), one of the duties of CRS is "to prepare summaries and digests of bills and resolutions of a public general nature introduced in the Senate or House of Representatives". For more information, refer to the User Guide that accompanies this file.</dc:description>
  </dublinCore>
</billStatus>

