<?xml version="1.0" encoding="UTF-8"?>
<billStatus>
  <bill>
    <relatedBills />
    <calendarNumbers />
    <createDate>2019-05-17T04:42:06Z</createDate>
    <cosponsors>
      <item>
        <sponsorshipWithdrawnDate />
        <identifiers>
          <bioguideId>H001075</bioguideId>
          <gpoId />
          <lisID>2301</lisID>
        </identifiers>
        <sponsorshipDate>2019-05-16</sponsorshipDate>
        <isOriginalCosponsor>True</isOriginalCosponsor>
        <lastName>Harris</lastName>
        <firstName>Kamala</firstName>
        <middleName>D.</middleName>
        <fullName>Sen. Harris, Kamala D. [D-CA]</fullName>
        <party>D</party>
        <bioguideId>H001075</bioguideId>
        <state>CA</state>
      </item>
    </cosponsors>
    <originChamber>Senate</originChamber>
    <amendments />
    <committeeReports />
    <latestAction>
      <links />
      <text>Resolution agreed to in Senate without amendment and with a preamble by Unanimous Consent. (text: 2019/05/16 CR S2928-2929)</text>
      <actionDate>2019-05-23</actionDate>
    </latestAction>
    <billType>SRES</billType>
    <actions>
      <item>
        <actionDate>2019-05-23</actionDate>
        <committee />
        <links>
          <link>
            <name>S2928-2929</name>
            <url>https://www.congress.gov/congressional-record/volume-165/senate-section/page/S2928-2929</url>
          </link>
        </links>
        <sourceSystem>
          <name>Senate</name>
          <code>0</code>
        </sourceSystem>
        <text>Resolution agreed to in Senate without amendment and with a preamble by Unanimous Consent. (text: 2019/05/16 CR S2928-2929)</text>
        <type>Floor</type>
      </item>
      <item>
        <actionCode>17000</actionCode>
        <text>Passed/agreed to in Senate: Resolution agreed to in Senate without amendment and with a preamble by Unanimous Consent.(text: 2019/05/16 CR S2928-2929)</text>
        <type>Floor</type>
        <actionDate>2019-05-23</actionDate>
        <sourceSystem>
          <name>Library of Congress</name>
          <code>9</code>
        </sourceSystem>
        <links>
          <link>
            <name>S2928-2929</name>
            <url>https://www.congress.gov/congressional-record/volume-165/senate-section/page/S2928-2929</url>
          </link>
        </links>
        <committee />
      </item>
      <item>
        <actionDate>2019-05-23</actionDate>
        <committee>
          <systemCode>ssju00</systemCode>
          <name>Judiciary Committee</name>
        </committee>
        <links>
          <link>
            <name>S3127</name>
            <url>https://www.congress.gov/congressional-record/volume-165/senate-section/page/S3127</url>
          </link>
        </links>
        <sourceSystem>
          <name>Senate</name>
          <code>0</code>
        </sourceSystem>
        <text>Senate Committee on the Judiciary discharged by Unanimous Consent. (consideration: CR S3127)</text>
        <type>Discharge</type>
      </item>
      <item>
        <actionCode>14500</actionCode>
        <text>Senate Committee on the Judiciary discharged by Unanimous Consent.(consideration: CR S3127)</text>
        <type>Committee</type>
        <actionDate>2019-05-23</actionDate>
        <sourceSystem>
          <name>Library of Congress</name>
          <code>9</code>
        </sourceSystem>
        <links>
          <link>
            <name>S3127</name>
            <url>https://www.congress.gov/congressional-record/volume-165/senate-section/page/S3127</url>
          </link>
        </links>
        <committee>
          <systemCode>ssju00</systemCode>
          <name>Judiciary Committee</name>
        </committee>
      </item>
      <item>
        <actionDate>2019-05-16</actionDate>
        <committee>
          <systemCode>ssju00</systemCode>
          <name>Judiciary Committee</name>
        </committee>
        <links />
        <sourceSystem>
          <name>Senate</name>
          <code>0</code>
        </sourceSystem>
        <text>Referred to the Committee on the Judiciary.</text>
        <type>IntroReferral</type>
      </item>
      <item>
        <actionCode>10000</actionCode>
        <text>Introduced in Senate</text>
        <type>IntroReferral</type>
        <actionDate>2019-05-16</actionDate>
        <sourceSystem>
          <name>Library of Congress</name>
          <code>9</code>
        </sourceSystem>
        <links />
        <committee />
      </item>
      <actionTypeCounts>
        <agreedToInSenate>1</agreedToInSenate>
        <referredToCommittee>1</referredToCommittee>
        <committeeDischarged>1</committeeDischarged>
        <passedAgreedToInSenate>1</passedAgreedToInSenate>
        <introducedInSenate>1</introducedInSenate>
        <senateCommitteeDischarged>1</senateCommitteeDischarged>
      </actionTypeCounts>
      <actionByCounts>
        <senate>6</senate>
      </actionByCounts>
    </actions>
    <policyArea>
      <name>Transportation and Public Works</name>
    </policyArea>
    <titles>
      <item>
        <title>A resolution designating the week of May 19 through May 25, 2019, as "National Public Works Week".</title>
        <chamberCode />
        <titleType>Official Title as Introduced</titleType>
        <parentTitleType />
        <chamberName />
      </item>
      <item>
        <title>A resolution designating the week of May 19 through May 25, 2019, as "National Public Works Week".</title>
        <chamberCode />
        <titleType>Display Title</titleType>
        <parentTitleType />
        <chamberName />
      </item>
    </titles>
    <congress>116</congress>
    <subjects>
      <billSubjects>
        <legislativeSubjects>
          <item>
            <name>Commemorative events and holidays</name>
          </item>
          <item>
            <name>Congressional tributes</name>
          </item>
          <item>
            <name>Infrastructure development</name>
          </item>
        </legislativeSubjects>
        <policyArea>
          <name>Transportation and Public Works</name>
        </policyArea>
      </billSubjects>
    </subjects>
    <summaries>
      <billSummaries>
        <item>
          <lastSummaryUpdateDate>2019-05-24T21:08:05Z</lastSummaryUpdateDate>
          <name>Introduced in Senate</name>
          <actionDate>2019-05-16</actionDate>
          <versionCode>00</versionCode>
          <text><![CDATA[<p>This resolution designates the week of May 19-May 25, 2019, as National Public Works Week.</p>]]></text>
          <updateDate>2019-05-16T04:00:00Z</updateDate>
          <actionDesc>Introduced in Senate</actionDesc>
        </item>
        <item>
          <lastSummaryUpdateDate>2019-10-01T15:21:25Z</lastSummaryUpdateDate>
          <name>Passed Senate</name>
          <actionDate>2019-05-23</actionDate>
          <versionCode>55</versionCode>
          <text><![CDATA[<p>This resolution designates the week of May 19-May 25, 2019, as National Public Works Week.</p>]]></text>
          <updateDate>2019-05-23T11:49:44Z</updateDate>
          <actionDesc>Passed Senate</actionDesc>
        </item>
      </billSummaries>
    </summaries>
    <updateDate>2019-10-04T04:27:39Z</updateDate>
    <sponsors>
      <item>
        <state>OK</state>
        <fullName>Sen. Inhofe, James M. [R-OK]</fullName>
        <bioguideId>I000024</bioguideId>
        <party>R</party>
        <lastName>INHOFE</lastName>
        <middleName />
        <identifiers>
          <bioguideId>I000024</bioguideId>
          <lisID>583</lisID>
          <gpoId>8322</gpoId>
        </identifiers>
        <firstName>JIM</firstName>
        <byRequestType />
      </item>
    </sponsors>
    <committees>
      <billCommittees>
        <item>
          <chamber>Senate</chamber>
          <type>Standing</type>
          <subcommittees />
          <name>Judiciary Committee</name>
          <systemCode>ssju00</systemCode>
          <activities>
            <item>
              <name>Discharged from</name>
              <date>2019-05-23T22:30:45Z</date>
            </item>
            <item>
              <name>Referred to</name>
              <date>2019-05-16T19:41:23Z</date>
            </item>
          </activities>
        </item>
      </billCommittees>
    </committees>
    <title>A resolution designating the week of May 19 through May 25, 2019, as "National Public Works Week".</title>
    <version>1.0.0</version>
    <introducedDate>2019-05-16</introducedDate>
    <notes />
    <cboCostEstimates />
    <billNumber>213</billNumber>
    <laws />
    <recordedVotes />
    <textVersions>
      <item>
        <type>Agreed to Senate</type>
        <date>2019-05-23T04:00:00Z</date>
        <formats>
          <item>
            <url>https://www.govinfo.gov/content/pkg/BILLS-116sres213ats/xml/BILLS-116sres213ats.xml</url>
          </item>
        </formats>
      </item>
      <item>
        <type>Introduced in Senate</type>
        <date>2019-05-16T04:00:00Z</date>
        <formats>
          <item>
            <url>https://www.govinfo.gov/content/pkg/BILLS-116sres213is/xml/BILLS-116sres213is.xml</url>
          </item>
        </formats>
      </item>
    </textVersions>
  </bill>
  <dublinCore xmlns:dc="http://purl.org/dc/elements/1.1/">
    <dc:format>text/xml</dc:format>
    <dc:language>EN</dc:language>
    <dc:rights>Pursuant to Title 17 Section 105 of the United States Code, this file is not subject to copyright protection and is in the public domain.</dc:rights>
    <dc:contributor>Congressional Research Service, Library of Congress</dc:contributor>
    <dc:description>This file contains bill summaries and statuses for federal legislation. A bill summary describes the most significant provisions of a piece of legislation and details the effects the legislative text may have on current law and federal programs. Bill summaries are authored by the Congressional Research Service (CRS) of the Library of Congress. As stated in Public Law 91-510 (2 USC 166 (d)(6)), one of the duties of CRS is "to prepare summaries and digests of bills and resolutions of a public general nature introduced in the Senate or House of Representatives". For more information, refer to the User Guide that accompanies this file.</dc:description>
  </dublinCore>
</billStatus>

