<?xml version="1.0" encoding="UTF-8"?>
<billStatus>
  <bill>
    <notes />
    <title>A resolution designating March 22, 2019, as "National Rehabilitation Counselors Appreciation Day".</title>
    <congress>116</congress>
    <createDate>2019-03-15T04:42:06Z</createDate>
    <policyArea>
      <name>Health</name>
    </policyArea>
    <billNumber>117</billNumber>
    <originChamber>Senate</originChamber>
    <calendarNumbers />
    <cboCostEstimates />
    <amendments />
    <relatedBills />
    <introducedDate>2019-03-14</introducedDate>
    <committees>
      <billCommittees>
        <item>
          <chamber>Senate</chamber>
          <systemCode>ssju00</systemCode>
          <name>Judiciary Committee</name>
          <activities>
            <item>
              <date>2019-03-26T22:10:26Z</date>
              <name>Discharged from</name>
            </item>
            <item>
              <date>2019-03-14T20:50:13Z</date>
              <name>Referred to</name>
            </item>
          </activities>
          <type>Standing</type>
          <subcommittees />
        </item>
      </billCommittees>
    </committees>
    <billType>SRES</billType>
    <recordedVotes />
    <actions>
      <actionByCounts>
        <senate>6</senate>
      </actionByCounts>
      <actionTypeCounts>
        <senateCommitteeDischarged>1</senateCommitteeDischarged>
        <referredToCommittee>1</referredToCommittee>
        <committeeDischarged>1</committeeDischarged>
        <passedAgreedToInSenate>1</passedAgreedToInSenate>
        <agreedToInSenate>1</agreedToInSenate>
        <introducedInSenate>1</introducedInSenate>
      </actionTypeCounts>
      <item>
        <actionDate>2019-03-26</actionDate>
        <committee />
        <links>
          <link>
            <url>https://www.congress.gov/congressional-record/volume-165/senate-section/page/S1908</url>
            <name>CR 3/14/2019 S1908</name>
          </link>
        </links>
        <sourceSystem>
          <code>0</code>
          <name>Senate</name>
        </sourceSystem>
        <text>Resolution agreed to in Senate without amendment and with a preamble by Voice Vote. (text: CR 3/14/2019 S1908-1909)</text>
        <type>Floor</type>
      </item>
      <item>
        <text>Passed/agreed to in Senate: Resolution agreed to in Senate without amendment and with a preamble by Voice Vote.(text: CR 3/14/2019 S1908-1909)</text>
        <type>Floor</type>
        <actionDate>2019-03-26</actionDate>
        <links>
          <link>
            <url>https://www.congress.gov/congressional-record/volume-165/senate-section/page/S1908</url>
            <name>CR 3/14/2019 S1908</name>
          </link>
        </links>
        <actionCode>17000</actionCode>
        <sourceSystem>
          <code>9</code>
          <name>Library of Congress</name>
        </sourceSystem>
        <committee />
      </item>
      <item>
        <actionDate>2019-03-26</actionDate>
        <committee>
          <systemCode>ssju00</systemCode>
          <name>Judiciary Committee</name>
        </committee>
        <links>
          <link>
            <url>https://www.congress.gov/congressional-record/volume-165/senate-section/page/S2000</url>
            <name>S2000</name>
          </link>
        </links>
        <sourceSystem>
          <code>0</code>
          <name>Senate</name>
        </sourceSystem>
        <text>Senate Committee on the Judiciary discharged by Unanimous Consent. (consideration: CR S2000)</text>
        <type>Discharge</type>
      </item>
      <item>
        <sourceSystem>
          <code>9</code>
          <name>Library of Congress</name>
        </sourceSystem>
        <type>Committee</type>
        <actionDate>2019-03-26</actionDate>
        <links>
          <link>
            <url>https://www.congress.gov/congressional-record/volume-165/senate-section/page/S2000</url>
            <name>S2000</name>
          </link>
        </links>
        <actionCode>14500</actionCode>
        <text>Senate Committee on the Judiciary discharged by Unanimous Consent.(consideration: CR S2000)</text>
        <committee>
          <systemCode>ssju00</systemCode>
          <name>Judiciary Committee</name>
        </committee>
      </item>
      <item>
        <actionDate>2019-03-14</actionDate>
        <committee>
          <systemCode>ssju00</systemCode>
          <name>Judiciary Committee</name>
        </committee>
        <links />
        <sourceSystem>
          <code>0</code>
          <name>Senate</name>
        </sourceSystem>
        <text>Referred to the Committee on the Judiciary.</text>
        <type>IntroReferral</type>
      </item>
      <item>
        <text>Introduced in Senate</text>
        <type>IntroReferral</type>
        <actionDate>2019-03-14</actionDate>
        <links />
        <actionCode>10000</actionCode>
        <sourceSystem>
          <code>9</code>
          <name>Library of Congress</name>
        </sourceSystem>
        <committee />
      </item>
    </actions>
    <updateDate>2019-11-06T10:58:56Z</updateDate>
    <version>1.0.0</version>
    <committeeReports />
    <laws />
    <subjects>
      <billSubjects>
        <legislativeSubjects>
          <item>
            <name>Commemorative events and holidays</name>
          </item>
          <item>
            <name>Congressional tributes</name>
          </item>
          <item>
            <name>Disability and paralysis</name>
          </item>
          <item>
            <name>Health personnel</name>
          </item>
          <item>
            <name>Long-term, rehabilitative, and terminal care</name>
          </item>
          <item>
            <name>Social work, volunteer service, charitable organizations</name>
          </item>
        </legislativeSubjects>
        <policyArea>
          <name>Health</name>
        </policyArea>
      </billSubjects>
    </subjects>
    <sponsors>
      <item>
        <fullName>Sen. Casey, Robert P., Jr. [D-PA]</fullName>
        <lastName>Casey</lastName>
        <middleName />
        <state>PA</state>
        <bioguideId>C001070</bioguideId>
        <identifiers>
          <lisID>1828</lisID>
          <bioguideId>C001070</bioguideId>
          <gpoId>8282</gpoId>
        </identifiers>
        <firstName>Bob</firstName>
        <byRequestType />
        <party>D</party>
      </item>
    </sponsors>
    <latestAction>
      <actionDate>2019-03-26</actionDate>
      <links />
      <text>Resolution agreed to in Senate without amendment and with a preamble by Voice Vote. (text: CR 3/14/2019 S1908-1909)</text>
    </latestAction>
    <summaries>
      <billSummaries>
        <item>
          <actionDesc>Introduced in Senate</actionDesc>
          <lastSummaryUpdateDate>2019-11-01T18:17:37Z</lastSummaryUpdateDate>
          <actionDate>2019-03-14</actionDate>
          <updateDate>2019-03-14T04:00:00Z</updateDate>
          <versionCode>00</versionCode>
          <text><![CDATA[<p>This resolution designates March 22, 2019, as National Rehabilitation Counselors Appreciation Day.</p> <p>Additionally, the resolution commends rehabilitation counselors and professional organizations assisting individuals who require rehabilitation.</p>]]></text>
          <name>Introduced in Senate</name>
        </item>
        <item>
          <actionDesc>Passed Senate</actionDesc>
          <lastSummaryUpdateDate>2019-11-01T18:40:07Z</lastSummaryUpdateDate>
          <actionDate>2019-03-26</actionDate>
          <updateDate>2019-03-26T13:56:49Z</updateDate>
          <versionCode>55</versionCode>
          <text><![CDATA[<p>This resolution designates March 22, 2019, as National Rehabilitation Counselors Appreciation Day.</p> <p>Additionally, the resolution commends rehabilitation counselors and professional organizations assisting individuals who require rehabilitation.</p>]]></text>
          <name>Passed Senate</name>
        </item>
      </billSummaries>
    </summaries>
    <cosponsors>
      <item>
        <fullName>Sen. Isakson, Johnny [R-GA]</fullName>
        <firstName>Johnny</firstName>
        <identifiers>
          <lisID>1608</lisID>
          <bioguideId>I000055</bioguideId>
          <gpoId>8323</gpoId>
        </identifiers>
        <bioguideId>I000055</bioguideId>
        <middleName />
        <lastName>Isakson</lastName>
        <party>R</party>
        <state>GA</state>
        <isOriginalCosponsor>True</isOriginalCosponsor>
        <sponsorshipWithdrawnDate />
        <sponsorshipDate>2019-03-14</sponsorshipDate>
      </item>
    </cosponsors>
    <textVersions>
      <item>
        <type>Agreed to Senate</type>
        <date>2019-03-26T04:00:00Z</date>
        <formats>
          <item>
            <url>https://www.govinfo.gov/content/pkg/BILLS-116sres117ats/xml/BILLS-116sres117ats.xml</url>
          </item>
        </formats>
      </item>
      <item>
        <type>Introduced in Senate</type>
        <date>2019-03-14T04:00:00Z</date>
        <formats>
          <item>
            <url>https://www.govinfo.gov/content/pkg/BILLS-116sres117is/xml/BILLS-116sres117is.xml</url>
          </item>
        </formats>
      </item>
    </textVersions>
    <titles>
      <item>
        <chamberCode />
        <titleType>Official Title as Introduced</titleType>
        <parentTitleType />
        <title>A resolution designating March 22, 2019, as "National Rehabilitation Counselors Appreciation Day".</title>
        <chamberName />
      </item>
      <item>
        <chamberCode />
        <titleType>Display Title</titleType>
        <parentTitleType />
        <title>A resolution designating March 22, 2019, as "National Rehabilitation Counselors Appreciation Day".</title>
        <chamberName />
      </item>
    </titles>
  </bill>
  <dublinCore xmlns:dc="http://purl.org/dc/elements/1.1/">
    <dc:format>text/xml</dc:format>
    <dc:language>EN</dc:language>
    <dc:rights>Pursuant to Title 17 Section 105 of the United States Code, this file is not subject to copyright protection and is in the public domain.</dc:rights>
    <dc:contributor>Congressional Research Service, Library of Congress</dc:contributor>
    <dc:description>This file contains bill summaries and statuses for federal legislation. A bill summary describes the most significant provisions of a piece of legislation and details the effects the legislative text may have on current law and federal programs. Bill summaries are authored by the Congressional Research Service (CRS) of the Library of Congress. As stated in Public Law 91-510 (2 USC 166 (d)(6)), one of the duties of CRS is "to prepare summaries and digests of bills and resolutions of a public general nature introduced in the Senate or House of Representatives". For more information, refer to the User Guide that accompanies this file.</dc:description>
  </dublinCore>
</billStatus>

