<?xml version="1.0" encoding="UTF-8"?>
<billStatus>
  <bill>
    <relatedBills />
    <actions>
      <actionTypeCounts>
        <passedAgreedToInSenate>1</passedAgreedToInSenate>
        <introducedInSenate>1</introducedInSenate>
        <passedOrAgreedToInSenateDayOf>1</passedOrAgreedToInSenateDayOf>
      </actionTypeCounts>
      <item>
        <actionDate>2019-04-11</actionDate>
        <committee />
        <links>
          <link>
            <name>S2443</name>
            <url>https://www.congress.gov/congressional-record/volume-165/senate-section/page/S2443</url>
          </link>
          <link>
            <name>S2455</name>
            <url>https://www.congress.gov/congressional-record/volume-165/senate-section/page/S2455</url>
          </link>
        </links>
        <sourceSystem>
          <name>Senate</name>
          <code>0</code>
        </sourceSystem>
        <text>Submitted in the Senate, considered, and agreed to without amendment and with a preamble by Voice Vote. (consideration: CR S2455; text: CR S2443)</text>
        <type>Floor</type>
      </item>
      <item>
        <actionDate>2019-04-11</actionDate>
        <sourceSystem>
          <name>Library of Congress</name>
          <code>9</code>
        </sourceSystem>
        <actionCode>17000</actionCode>
        <text>Passed/agreed to in Senate: Submitted in the Senate, considered, and agreed to without amendment and with a preamble by Voice Vote.(consideration: CR S2455; text: CR S2443)</text>
        <type>Floor</type>
        <committee />
        <links />
      </item>
      <item>
        <actionDate>2019-04-11</actionDate>
        <sourceSystem>
          <name>Library of Congress</name>
          <code>9</code>
        </sourceSystem>
        <actionCode>10000</actionCode>
        <text>Introduced in Senate</text>
        <type>IntroReferral</type>
        <committee />
        <links />
      </item>
      <actionByCounts>
        <senate>3</senate>
      </actionByCounts>
    </actions>
    <version>1.0.0</version>
    <amendments />
    <committeeReports />
    <congress>116</congress>
    <originChamber>Senate</originChamber>
    <sponsors>
      <item>
        <middleName />
        <state>MO</state>
        <party>R</party>
        <bioguideId>B000575</bioguideId>
        <firstName>Roy</firstName>
        <identifiers>
          <lisID>1464</lisID>
          <gpoId>8313</gpoId>
          <bioguideId>B000575</bioguideId>
        </identifiers>
        <fullName>Sen. Blunt, Roy [R-MO]</fullName>
        <byRequestType />
        <lastName>Blunt</lastName>
      </item>
    </sponsors>
    <title>A resolution expressing support for the designation of May 1, 2019, as "Silver Star Service Banner Day".</title>
    <laws />
    <notes />
    <committees>
      <billCommittees />
    </committees>
    <billNumber>166</billNumber>
    <recordedVotes />
    <updateDate>2019-07-31T07:34:08Z</updateDate>
    <subjects>
      <billSubjects>
        <legislativeSubjects>
          <item>
            <name>Commemorative events and holidays</name>
          </item>
          <item>
            <name>Military personnel and dependents</name>
          </item>
          <item>
            <name>Veterans' organizations and recognition</name>
          </item>
        </legislativeSubjects>
        <policyArea>
          <name>Armed Forces and National Security</name>
        </policyArea>
      </billSubjects>
    </subjects>
    <policyArea>
      <name>Armed Forces and National Security</name>
    </policyArea>
    <billType>SRES</billType>
    <cboCostEstimates />
    <latestAction>
      <actionDate>2019-04-11</actionDate>
      <links />
      <text>Submitted in the Senate, considered, and agreed to without amendment and with a preamble by Voice Vote. (consideration: CR S2455; text: CR S2443)</text>
    </latestAction>
    <introducedDate>2019-04-11</introducedDate>
    <textVersions>
      <item>
        <type>Agreed to Senate</type>
        <date>2019-04-11T04:00:00Z</date>
        <formats>
          <item>
            <url>https://www.govinfo.gov/content/pkg/BILLS-116sres166ats/xml/BILLS-116sres166ats.xml</url>
          </item>
        </formats>
      </item>
    </textVersions>
    <createDate>2019-04-12T04:57:08Z</createDate>
    <cosponsors>
      <item>
        <party>R</party>
        <middleName />
        <firstName>Josh</firstName>
        <lastName>Hawley</lastName>
        <sponsorshipWithdrawnDate />
        <bioguideId>H001089</bioguideId>
        <sponsorshipDate>2019-04-11</sponsorshipDate>
        <state>MO</state>
        <identifiers>
          <gpoId />
          <lisID>2464</lisID>
          <bioguideId>H001089</bioguideId>
        </identifiers>
        <isOriginalCosponsor>True</isOriginalCosponsor>
        <fullName>Sen. Hawley, Josh  [R-MO]</fullName>
      </item>
    </cosponsors>
    <titles>
      <item>
        <parentTitleType />
        <chamberCode />
        <title>A resolution expressing support for the designation of May 1, 2019, as "Silver Star Service Banner Day".</title>
        <chamberName />
        <titleType>Official Title as Introduced</titleType>
      </item>
      <item>
        <parentTitleType />
        <chamberCode />
        <title>A resolution expressing support for the designation of May 1, 2019, as "Silver Star Service Banner Day".</title>
        <chamberName />
        <titleType>Display Title</titleType>
      </item>
    </titles>
    <summaries>
      <billSummaries>
        <item>
          <updateDate>2019-04-11T04:00:00Z</updateDate>
          <actionDesc>Introduced in Senate</actionDesc>
          <actionDate>2019-04-11</actionDate>
          <text><![CDATA[<p>This resolution expresses support for the designation of May 1, 2019, as Silver Star Service Banner Day.</p>]]></text>
          <name>Introduced in Senate</name>
          <versionCode>00</versionCode>
          <lastSummaryUpdateDate>2019-07-25T21:13:19Z</lastSummaryUpdateDate>
        </item>
        <item>
          <updateDate>2019-04-11T15:36:00Z</updateDate>
          <actionDesc>Passed Senate</actionDesc>
          <actionDate>2019-04-11</actionDate>
          <text><![CDATA[<p>This resolution expresses support for the designation of May 1, 2019, as Silver Star Service Banner Day.</p>]]></text>
          <name>Passed Senate</name>
          <versionCode>55</versionCode>
          <lastSummaryUpdateDate>2019-07-25T21:14:51Z</lastSummaryUpdateDate>
        </item>
      </billSummaries>
    </summaries>
    <calendarNumbers />
  </bill>
  <dublinCore xmlns:dc="http://purl.org/dc/elements/1.1/">
    <dc:format>text/xml</dc:format>
    <dc:language>EN</dc:language>
    <dc:rights>Pursuant to Title 17 Section 105 of the United States Code, this file is not subject to copyright protection and is in the public domain.</dc:rights>
    <dc:contributor>Congressional Research Service, Library of Congress</dc:contributor>
    <dc:description>This file contains bill summaries and statuses for federal legislation. A bill summary describes the most significant provisions of a piece of legislation and details the effects the legislative text may have on current law and federal programs. Bill summaries are authored by the Congressional Research Service (CRS) of the Library of Congress. As stated in Public Law 91-510 (2 USC 166 (d)(6)), one of the duties of CRS is "to prepare summaries and digests of bills and resolutions of a public general nature introduced in the Senate or House of Representatives". For more information, refer to the User Guide that accompanies this file.</dc:description>
  </dublinCore>
</billStatus>

