<?xml version="1.0" encoding="UTF-8"?>
<billStatus>
  <bill>
    <billNumber>337</billNumber>
    <committeeReports />
    <cboCostEstimates />
    <summaries>
      <billSummaries />
    </summaries>
    <notes />
    <createDate>2019-09-26T04:27:29Z</createDate>
    <cosponsors>
      <item>
        <firstName>RICHARD</firstName>
        <middleName>CRAIG</middleName>
        <isOriginalCosponsor>True</isOriginalCosponsor>
        <state>AL</state>
        <bioguideId>S000320</bioguideId>
        <identifiers>
          <lisID>1049</lisID>
          <gpoId>8277</gpoId>
          <bioguideId>S000320</bioguideId>
        </identifiers>
        <sponsorshipWithdrawnDate />
        <sponsorshipDate>2019-09-25</sponsorshipDate>
        <fullName>Sen. Shelby, Richard C. [R-AL]</fullName>
        <party>R</party>
        <lastName>SHELBY</lastName>
      </item>
      <item>
        <firstName>John</firstName>
        <middleName>Neely</middleName>
        <isOriginalCosponsor>True</isOriginalCosponsor>
        <state>LA</state>
        <bioguideId>K000393</bioguideId>
        <identifiers>
          <lisID>2303</lisID>
          <gpoId />
          <bioguideId>K000393</bioguideId>
        </identifiers>
        <sponsorshipWithdrawnDate />
        <sponsorshipDate>2019-09-25</sponsorshipDate>
        <fullName>Sen. Kennedy, John [R-LA]</fullName>
        <party>R</party>
        <lastName>Kennedy</lastName>
      </item>
      <item>
        <firstName>Christopher</firstName>
        <middleName />
        <isOriginalCosponsor>True</isOriginalCosponsor>
        <state>CT</state>
        <bioguideId>M001169</bioguideId>
        <identifiers>
          <lisID>1837</lisID>
          <gpoId>7870</gpoId>
          <bioguideId>M001169</bioguideId>
        </identifiers>
        <sponsorshipWithdrawnDate />
        <sponsorshipDate>2019-09-25</sponsorshipDate>
        <fullName>Sen. Murphy, Christopher [D-CT]</fullName>
        <party>D</party>
        <lastName>Murphy</lastName>
      </item>
    </cosponsors>
    <originChamber>Senate</originChamber>
    <amendments />
    <updateDate>2019-11-15T21:56:33Z</updateDate>
    <relatedBills />
    <latestAction>
      <text>Referred to the Committee on Foreign Relations. (text: CR S5709)</text>
      <actionDate>2019-09-25</actionDate>
      <links />
    </latestAction>
    <introducedDate>2019-09-25</introducedDate>
    <laws />
    <subjects>
      <billSubjects>
        <legislativeSubjects>
          <item>
            <name>Air quality</name>
          </item>
          <item>
            <name>Brazil</name>
          </item>
          <item>
            <name>Climate change and greenhouse gases</name>
          </item>
          <item>
            <name>Economic development</name>
          </item>
          <item>
            <name>Environmental regulatory procedures</name>
          </item>
          <item>
            <name>Fires</name>
          </item>
          <item>
            <name>Foreign aid and international relief</name>
          </item>
          <item>
            <name>Forests, forestry, trees</name>
          </item>
          <item>
            <name>Latin America</name>
          </item>
        </legislativeSubjects>
        <policyArea>
          <name>International Affairs</name>
        </policyArea>
      </billSubjects>
    </subjects>
    <calendarNumbers />
    <textVersions>
      <item>
        <formats>
          <item>
            <url>https://www.govinfo.gov/content/pkg/BILLS-116sres337is/xml/BILLS-116sres337is.xml</url>
          </item>
        </formats>
        <date>2019-09-25T04:00:00Z</date>
        <type>Introduced in Senate</type>
      </item>
    </textVersions>
    <version>1.0.0</version>
    <policyArea>
      <name>International Affairs</name>
    </policyArea>
    <recordedVotes />
    <sponsors>
      <item>
        <bioguideId>S001194</bioguideId>
        <state>HI</state>
        <party>D</party>
        <fullName>Sen. Schatz, Brian [D-HI]</fullName>
        <firstName>Brian</firstName>
        <lastName>Schatz</lastName>
        <byRequestType />
        <middleName />
        <identifiers>
          <bioguideId>S001194</bioguideId>
          <gpoId />
          <lisID>2173</lisID>
        </identifiers>
      </item>
    </sponsors>
    <billType>SRES</billType>
    <title>A resolution expressing concern about the fires in the Amazon rainforest.</title>
    <congress>116</congress>
    <committees>
      <billCommittees>
        <item>
          <type>Standing</type>
          <chamber>Senate</chamber>
          <systemCode>ssfr00</systemCode>
          <name>Foreign Relations Committee</name>
          <activities>
            <item>
              <name>Referred to</name>
              <date>2019-09-25T15:53:16Z</date>
            </item>
          </activities>
          <subcommittees />
        </item>
      </billCommittees>
    </committees>
    <actions>
      <actionByCounts>
        <senate>2</senate>
      </actionByCounts>
      <item>
        <actionDate>2019-09-25</actionDate>
        <committee>
          <systemCode>ssfr00</systemCode>
          <name>Foreign Relations Committee</name>
        </committee>
        <links>
          <link>
            <name>S5709</name>
            <url>https://www.congress.gov/congressional-record/volume-165/senate-section/page/S5709</url>
          </link>
        </links>
        <sourceSystem>
          <name>Senate</name>
          <code>0</code>
        </sourceSystem>
        <text>Referred to the Committee on Foreign Relations. (text: CR S5709)</text>
        <type>IntroReferral</type>
      </item>
      <item>
        <committee />
        <type>IntroReferral</type>
        <actionDate>2019-09-25</actionDate>
        <actionCode>10000</actionCode>
        <text>Introduced in Senate</text>
        <links />
        <sourceSystem>
          <name>Library of Congress</name>
          <code>9</code>
        </sourceSystem>
      </item>
      <actionTypeCounts>
        <referredToCommittee>1</referredToCommittee>
        <introducedInSenate>1</introducedInSenate>
      </actionTypeCounts>
    </actions>
    <titles>
      <item>
        <titleType>Official Title as Introduced</titleType>
        <chamberCode />
        <title>A resolution expressing concern about the fires in the Amazon rainforest.</title>
        <parentTitleType />
        <chamberName />
      </item>
      <item>
        <titleType>Display Title</titleType>
        <chamberCode />
        <title>A resolution expressing concern about the fires in the Amazon rainforest.</title>
        <parentTitleType />
        <chamberName />
      </item>
    </titles>
  </bill>
  <dublinCore xmlns:dc="http://purl.org/dc/elements/1.1/">
    <dc:format>text/xml</dc:format>
    <dc:language>EN</dc:language>
    <dc:rights>Pursuant to Title 17 Section 105 of the United States Code, this file is not subject to copyright protection and is in the public domain.</dc:rights>
    <dc:contributor>Congressional Research Service, Library of Congress</dc:contributor>
    <dc:description>This file contains bill summaries and statuses for federal legislation. A bill summary describes the most significant provisions of a piece of legislation and details the effects the legislative text may have on current law and federal programs. Bill summaries are authored by the Congressional Research Service (CRS) of the Library of Congress. As stated in Public Law 91-510 (2 USC 166 (d)(6)), one of the duties of CRS is "to prepare summaries and digests of bills and resolutions of a public general nature introduced in the Senate or House of Representatives". For more information, refer to the User Guide that accompanies this file.</dc:description>
  </dublinCore>
</billStatus>

