<?xml version="1.0" encoding="UTF-8"?>
<billStatus>
  <bill>
    <cboCostEstimates />
    <notes />
    <updateDate>2019-10-16T13:58:49Z</updateDate>
    <sponsors>
      <item>
        <bioguideId>C001035</bioguideId>
        <lastName>COLLINS</lastName>
        <byRequestType />
        <fullName>Sen. Collins, Susan M. [R-ME]</fullName>
        <middleName>MARGARET</middleName>
        <party>R</party>
        <identifiers>
          <bioguideId>C001035</bioguideId>
          <gpoId>8291</gpoId>
          <lisID>1541</lisID>
        </identifiers>
        <firstName>SUSAN</firstName>
        <state>ME</state>
      </item>
    </sponsors>
    <committees>
      <billCommittees />
    </committees>
    <originChamber>Senate</originChamber>
    <cosponsors>
      <item>
        <sponsorshipWithdrawnDate />
        <lastName>CANTWELL</lastName>
        <bioguideId>C000127</bioguideId>
        <firstName>MARIA</firstName>
        <fullName>Sen. Cantwell, Maria [D-WA]</fullName>
        <state>WA</state>
        <party>D</party>
        <identifiers>
          <gpoId>8288</gpoId>
          <bioguideId>C000127</bioguideId>
          <lisID>172</lisID>
        </identifiers>
        <middleName />
        <sponsorshipDate>2019-09-26</sponsorshipDate>
        <isOriginalCosponsor>True</isOriginalCosponsor>
      </item>
      <item>
        <sponsorshipWithdrawnDate />
        <lastName>GRAHAM</lastName>
        <bioguideId>G000359</bioguideId>
        <firstName>LINDSEY</firstName>
        <fullName>Sen. Graham, Lindsey [R-SC]</fullName>
        <state>SC</state>
        <party>R</party>
        <identifiers>
          <gpoId>8335</gpoId>
          <bioguideId>G000359</bioguideId>
          <lisID>452</lisID>
        </identifiers>
        <middleName>O.</middleName>
        <sponsorshipDate>2019-09-26</sponsorshipDate>
        <isOriginalCosponsor>True</isOriginalCosponsor>
      </item>
      <item>
        <sponsorshipWithdrawnDate />
        <lastName>Coons</lastName>
        <bioguideId>C001088</bioguideId>
        <firstName>Christopher</firstName>
        <fullName>Sen. Coons, Christopher A. [D-DE]</fullName>
        <state>DE</state>
        <party>D</party>
        <identifiers>
          <lisID>1984</lisID>
          <bioguideId>C001088</bioguideId>
          <gpoId>8297</gpoId>
        </identifiers>
        <middleName>A.</middleName>
        <sponsorshipDate>2019-09-26</sponsorshipDate>
        <isOriginalCosponsor>True</isOriginalCosponsor>
      </item>
      <item>
        <sponsorshipWithdrawnDate />
        <lastName>Alexander</lastName>
        <bioguideId>A000360</bioguideId>
        <firstName>Lamar</firstName>
        <fullName>Sen. Alexander, Lamar [R-TN]</fullName>
        <state>TN</state>
        <party>R</party>
        <identifiers>
          <gpoId>8304</gpoId>
          <bioguideId>A000360</bioguideId>
          <lisID>1695</lisID>
        </identifiers>
        <middleName />
        <sponsorshipDate>2019-09-26</sponsorshipDate>
        <isOriginalCosponsor>True</isOriginalCosponsor>
      </item>
      <item>
        <sponsorshipWithdrawnDate />
        <lastName>Duckworth</lastName>
        <bioguideId>D000622</bioguideId>
        <firstName>Tammy</firstName>
        <fullName>Sen. Duckworth, Tammy [D-IL]</fullName>
        <state>IL</state>
        <party>D</party>
        <identifiers>
          <lisID>2123</lisID>
          <gpoId />
          <bioguideId>D000622</bioguideId>
        </identifiers>
        <middleName />
        <sponsorshipDate>2019-09-26</sponsorshipDate>
        <isOriginalCosponsor>True</isOriginalCosponsor>
      </item>
      <item>
        <sponsorshipWithdrawnDate />
        <lastName>Warren</lastName>
        <bioguideId>W000817</bioguideId>
        <firstName>Elizabeth</firstName>
        <fullName>Sen. Warren, Elizabeth [D-MA]</fullName>
        <state>MA</state>
        <party>D</party>
        <identifiers>
          <bioguideId>W000817</bioguideId>
          <gpoId />
          <lisID>2182</lisID>
        </identifiers>
        <middleName>A.</middleName>
        <sponsorshipDate>2019-10-15</sponsorshipDate>
        <isOriginalCosponsor>False</isOriginalCosponsor>
      </item>
    </cosponsors>
    <summaries>
      <billSummaries>
        <item>
          <name>Introduced in Senate</name>
          <lastSummaryUpdateDate>2019-10-07T10:45:46Z</lastSummaryUpdateDate>
          <updateDate>2019-09-26T04:00:00Z</updateDate>
          <text><![CDATA[<p>This resolution proclaims the week of September 23-September 27, 2019, as National Clean Energy Week.</p>]]></text>
          <versionCode>00</versionCode>
          <actionDesc>Introduced in Senate</actionDesc>
          <actionDate>2019-09-26</actionDate>
        </item>
      </billSummaries>
    </summaries>
    <billType>SRES</billType>
    <policyArea>
      <name>Energy</name>
    </policyArea>
    <laws />
    <title>A resolution proclaiming the week of September 23 through September 27, 2019, as "National Clean Energy Week".</title>
    <latestAction>
      <links />
      <actionDate>2019-09-26</actionDate>
      <text>Submitted in the Senate, considered, and agreed to without amendment and with a preamble by Voice Vote. (consideration: CR S5760; text: CR S5754)</text>
    </latestAction>
    <textVersions>
      <item>
        <type>Agreed to Senate</type>
        <formats>
          <item>
            <url>https://www.govinfo.gov/content/pkg/BILLS-116sres348ats/xml/BILLS-116sres348ats.xml</url>
          </item>
        </formats>
        <date>2019-09-26T04:00:00Z</date>
      </item>
    </textVersions>
    <actions>
      <actionTypeCounts>
        <passedOrAgreedToInSenateDayOf>1</passedOrAgreedToInSenateDayOf>
        <introducedInSenate>1</introducedInSenate>
        <passedAgreedToInSenate>1</passedAgreedToInSenate>
      </actionTypeCounts>
      <actionByCounts>
        <senate>3</senate>
      </actionByCounts>
      <item>
        <actionDate>2019-09-26</actionDate>
        <committee />
        <links>
          <link>
            <name>S5754</name>
            <url>https://www.congress.gov/congressional-record/volume-165/senate-section/page/S5754</url>
          </link>
          <link>
            <name>S5760</name>
            <url>https://www.congress.gov/congressional-record/volume-165/senate-section/page/S5760</url>
          </link>
        </links>
        <sourceSystem>
          <name>Senate</name>
          <code>0</code>
        </sourceSystem>
        <text>Submitted in the Senate, considered, and agreed to without amendment and with a preamble by Voice Vote. (consideration: CR S5760; text: CR S5754)</text>
        <type>Floor</type>
      </item>
      <item>
        <type>Floor</type>
        <sourceSystem>
          <name>Library of Congress</name>
          <code>9</code>
        </sourceSystem>
        <committee />
        <actionCode>17000</actionCode>
        <links>
          <link>
            <name>S5754</name>
            <url>https://www.congress.gov/congressional-record/volume-165/senate-section/page/S5754</url>
          </link>
          <link>
            <name>S5760</name>
            <url>https://www.congress.gov/congressional-record/volume-165/senate-section/page/S5760</url>
          </link>
        </links>
        <actionDate>2019-09-26</actionDate>
        <text>Passed/agreed to in Senate: Submitted in the Senate, considered, and agreed to without amendment and with a preamble by Voice Vote.(consideration: CR S5760; text: CR S5754)</text>
      </item>
      <item>
        <type>IntroReferral</type>
        <sourceSystem>
          <name>Library of Congress</name>
          <code>9</code>
        </sourceSystem>
        <committee />
        <actionCode>10000</actionCode>
        <links />
        <actionDate>2019-09-26</actionDate>
        <text>Introduced in Senate</text>
      </item>
    </actions>
    <congress>116</congress>
    <recordedVotes />
    <version>1.0.0</version>
    <subjects>
      <billSubjects>
        <legislativeSubjects>
          <item>
            <name>Alternative and renewable resources</name>
          </item>
          <item>
            <name>Commemorative events and holidays</name>
          </item>
          <item>
            <name>Congressional tributes</name>
          </item>
          <item>
            <name>Small business</name>
          </item>
        </legislativeSubjects>
        <policyArea>
          <name>Energy</name>
        </policyArea>
      </billSubjects>
    </subjects>
    <titles>
      <item>
        <chamberCode />
        <title>A resolution proclaiming the week of September 23 through September 27, 2019, as "National Clean Energy Week".</title>
        <titleType>Official Title as Introduced</titleType>
        <parentTitleType />
        <chamberName />
      </item>
      <item>
        <chamberCode />
        <title>A resolution proclaiming the week of September 23 through September 27, 2019, as "National Clean Energy Week".</title>
        <titleType>Display Title</titleType>
        <parentTitleType />
        <chamberName />
      </item>
    </titles>
    <amendments />
    <createDate>2019-09-27T04:42:29Z</createDate>
    <introducedDate>2019-09-26</introducedDate>
    <committeeReports />
    <billNumber>348</billNumber>
    <relatedBills>
      <item>
        <relationshipDetails>
          <item>
            <type>Related bill</type>
            <identifiedBy>CRS</identifiedBy>
          </item>
        </relationshipDetails>
        <latestAction>
          <actionDate>2019-09-19</actionDate>
          <text>Referred to the House Committee on Energy and Commerce.</text>
        </latestAction>
        <type>HRES</type>
        <latestTitle>Supporting the designation of the week of September 23 through September 27, 2019, as "National Clean Energy Week".</latestTitle>
        <number>565</number>
        <congress>116</congress>
      </item>
    </relatedBills>
    <calendarNumbers />
  </bill>
  <dublinCore xmlns:dc="http://purl.org/dc/elements/1.1/">
    <dc:format>text/xml</dc:format>
    <dc:language>EN</dc:language>
    <dc:rights>Pursuant to Title 17 Section 105 of the United States Code, this file is not subject to copyright protection and is in the public domain.</dc:rights>
    <dc:contributor>Congressional Research Service, Library of Congress</dc:contributor>
    <dc:description>This file contains bill summaries and statuses for federal legislation. A bill summary describes the most significant provisions of a piece of legislation and details the effects the legislative text may have on current law and federal programs. Bill summaries are authored by the Congressional Research Service (CRS) of the Library of Congress. As stated in Public Law 91-510 (2 USC 166 (d)(6)), one of the duties of CRS is "to prepare summaries and digests of bills and resolutions of a public general nature introduced in the Senate or House of Representatives". For more information, refer to the User Guide that accompanies this file.</dc:description>
  </dublinCore>
</billStatus>

