<?xml version="1.0" encoding="UTF-8"?>
<billStatus>
  <bill>
    <summaries>
      <billSummaries>
        <item>
          <actionDesc>Introduced in Senate</actionDesc>
          <versionCode>00</versionCode>
          <text><![CDATA[<p>This resolution authorizes expenditures by the Senate Committee on the Budget for the 116th Congress.</p>]]></text>
          <name>Introduced in Senate</name>
          <lastSummaryUpdateDate>2019-04-05T13:15:59Z</lastSummaryUpdateDate>
          <actionDate>2019-02-07</actionDate>
          <updateDate>2019-02-07T05:00:00Z</updateDate>
        </item>
        <item>
          <actionDesc>Reported to Senate</actionDesc>
          <versionCode>25</versionCode>
          <text><![CDATA[<p>This resolution authorizes expenditures by the Senate Committee on the Budget for the 116th Congress.</p>]]></text>
          <name>Reported to Senate</name>
          <lastSummaryUpdateDate>2019-04-05T13:15:52Z</lastSummaryUpdateDate>
          <actionDate>2019-02-07</actionDate>
          <updateDate>2019-02-07T22:19:43Z</updateDate>
        </item>
      </billSummaries>
    </summaries>
    <actions>
      <actionByCounts>
        <senate>4</senate>
      </actionByCounts>
      <item>
        <actionDate>2019-02-07</actionDate>
        <committee>
          <name>Rules and Administration Committee</name>
          <systemCode>ssra00</systemCode>
        </committee>
        <links>
          <link>
            <name>S1142</name>
            <url>https://www.congress.gov/congressional-record/volume-165/senate-section/page/S1142</url>
          </link>
        </links>
        <sourceSystem>
          <name>Senate</name>
          <code>0</code>
        </sourceSystem>
        <text>Referred to the Committee on Rules and Administration. (text: CR S1142)</text>
        <type>IntroReferral</type>
      </item>
      <item>
        <actionDate>2019-02-07</actionDate>
        <committee>
          <name>Budget Committee</name>
          <systemCode>ssbu00</systemCode>
        </committee>
        <links />
        <sourceSystem>
          <name>Senate</name>
          <code>0</code>
        </sourceSystem>
        <text>Committee on the Budget. Original measure reported to Senate by Senator Enzi. Without written report.</text>
        <type>Committee</type>
      </item>
      <item>
        <text>Committee on the Budget. Original measure reported to Senate by Senator Enzi. Without written report.</text>
        <sourceSystem>
          <name>Library of Congress</name>
          <code>9</code>
        </sourceSystem>
        <links />
        <actionDate>2019-02-07</actionDate>
        <type>Committee</type>
        <actionCode>14000</actionCode>
        <committee>
          <name>Budget Committee</name>
          <systemCode>ssbu00</systemCode>
        </committee>
      </item>
      <item>
        <text>Introduced in Senate</text>
        <type>IntroReferral</type>
        <links />
        <actionDate>2019-02-07</actionDate>
        <sourceSystem>
          <name>Library of Congress</name>
          <code>9</code>
        </sourceSystem>
        <actionCode>10000</actionCode>
        <committee />
      </item>
      <actionTypeCounts>
        <referredToCommittee>1</referredToCommittee>
        <originalBillReported>1</originalBillReported>
        <reportedToSenate>1</reportedToSenate>
        <introducedInSenate>1</introducedInSenate>
      </actionTypeCounts>
    </actions>
    <textVersions>
      <item>
        <type>Introduced in Senate</type>
        <formats>
          <item>
            <url>https://www.govinfo.gov/content/pkg/BILLS-116sres60is/xml/BILLS-116sres60is.xml</url>
          </item>
        </formats>
        <date>2019-02-07T05:00:00Z</date>
      </item>
    </textVersions>
    <titles>
      <item>
        <chamberName />
        <chamberCode />
        <titleType>Official Title as Introduced</titleType>
        <title>An original resolution authorizing expenditures by the Committee on the Budget.</title>
        <parentTitleType />
      </item>
      <item>
        <chamberName />
        <chamberCode />
        <titleType>Display Title</titleType>
        <title>An original resolution authorizing expenditures by the Committee on the Budget.</title>
        <parentTitleType />
      </item>
    </titles>
    <version>1.0.0</version>
    <billType>SRES</billType>
    <updateDate>2019-04-11T15:42:27Z</updateDate>
    <calendarNumbers />
    <congress>116</congress>
    <billNumber>60</billNumber>
    <subjects>
      <billSubjects>
        <policyArea>
          <name>Congress</name>
        </policyArea>
        <legislativeSubjects>
          <item>
            <name>Congressional committees</name>
          </item>
          <item>
            <name>Senate Committee on the Budget</name>
          </item>
        </legislativeSubjects>
      </billSubjects>
    </subjects>
    <notes />
    <originChamber>Senate</originChamber>
    <amendments />
    <cosponsors />
    <committees>
      <billCommittees>
        <item>
          <chamber>Senate</chamber>
          <name>Rules and Administration Committee</name>
          <systemCode>ssra00</systemCode>
          <subcommittees />
          <type>Standing</type>
          <activities>
            <item>
              <date>2019-02-07T22:19:56Z</date>
              <name>Referred to</name>
            </item>
          </activities>
        </item>
        <item>
          <chamber>Senate</chamber>
          <name>Budget Committee</name>
          <systemCode>ssbu00</systemCode>
          <subcommittees />
          <type>Standing</type>
          <activities>
            <item>
              <date>2019-02-07T22:19:43Z</date>
              <name>Reported original measure</name>
            </item>
          </activities>
        </item>
      </billCommittees>
    </committees>
    <committeeReports />
    <title>An original resolution authorizing expenditures by the Committee on the Budget.</title>
    <latestAction>
      <actionDate>2019-02-07</actionDate>
      <text>Referred to the Committee on Rules and Administration. (text: CR S1142)</text>
      <links />
    </latestAction>
    <createDate>2019-02-08T05:55:23Z</createDate>
    <laws />
    <cboCostEstimates />
    <sponsors>
      <item>
        <party>R</party>
        <lastName>ENZI</lastName>
        <bioguideId>E000285</bioguideId>
        <state>WY</state>
        <firstName>MICHAEL</firstName>
        <identifiers>
          <gpoId>8328</gpoId>
          <lisID>1542</lisID>
          <bioguideId>E000285</bioguideId>
        </identifiers>
        <fullName>Sen. Enzi, Michael B. [R-WY]</fullName>
        <byRequestType />
        <middleName>B.</middleName>
      </item>
    </sponsors>
    <policyArea>
      <name>Congress</name>
    </policyArea>
    <relatedBills />
    <recordedVotes />
    <introducedDate>2019-02-07</introducedDate>
  </bill>
  <dublinCore xmlns:dc="http://purl.org/dc/elements/1.1/">
    <dc:format>text/xml</dc:format>
    <dc:language>EN</dc:language>
    <dc:rights>Pursuant to Title 17 Section 105 of the United States Code, this file is not subject to copyright protection and is in the public domain.</dc:rights>
    <dc:contributor>Congressional Research Service, Library of Congress</dc:contributor>
    <dc:description>This file contains bill summaries and statuses for federal legislation. A bill summary describes the most significant provisions of a piece of legislation and details the effects the legislative text may have on current law and federal programs. Bill summaries are authored by the Congressional Research Service (CRS) of the Library of Congress. As stated in Public Law 91-510 (2 USC 166 (d)(6)), one of the duties of CRS is "to prepare summaries and digests of bills and resolutions of a public general nature introduced in the Senate or House of Representatives". For more information, refer to the User Guide that accompanies this file.</dc:description>
  </dublinCore>
</billStatus>

