<?xml version="1.0" encoding="UTF-8"?>
<billStatus>
  <bill>
    <textVersions>
      <item>
        <date>2019-11-19T05:00:00Z</date>
        <type>Agreed to Senate</type>
        <formats>
          <item>
            <url>https://www.govinfo.gov/content/pkg/BILLS-116sres431ats/xml/BILLS-116sres431ats.xml</url>
          </item>
        </formats>
      </item>
    </textVersions>
    <title>A resolution supporting the goals and ideals of American Diabetes Month.</title>
    <version>1.0.0</version>
    <originChamber>Senate</originChamber>
    <titles>
      <item>
        <parentTitleType />
        <titleType>Official Title as Introduced</titleType>
        <title>A resolution supporting the goals and ideals of American Diabetes Month.</title>
        <chamberCode />
        <chamberName />
      </item>
      <item>
        <parentTitleType />
        <titleType>Display Title</titleType>
        <title>A resolution supporting the goals and ideals of American Diabetes Month.</title>
        <chamberCode />
        <chamberName />
      </item>
    </titles>
    <summaries>
      <billSummaries />
    </summaries>
    <createDate>2019-11-20T05:42:40Z</createDate>
    <committeeReports />
    <policyArea>
      <name>Health</name>
    </policyArea>
    <actions>
      <actionTypeCounts>
        <passedAgreedToInSenate>1</passedAgreedToInSenate>
        <introducedInSenate>1</introducedInSenate>
        <passedOrAgreedToInSenateDayOf>1</passedOrAgreedToInSenateDayOf>
      </actionTypeCounts>
      <actionByCounts>
        <senate>3</senate>
      </actionByCounts>
      <item>
        <actionDate>2019-11-19</actionDate>
        <committee />
        <links>
          <link>
            <url>https://www.congress.gov/congressional-record/volume-165/senate-section/page/S6674</url>
            <name>S6674</name>
          </link>
          <link>
            <url>https://www.congress.gov/congressional-record/volume-165/senate-section/page/S6679</url>
            <name>S6679</name>
          </link>
        </links>
        <sourceSystem>
          <name>Senate</name>
          <code>0</code>
        </sourceSystem>
        <text>Submitted in the Senate, considered, and agreed to without amendment and with a preamble by Unanimous Consent. (consideration: CR S6679; text: CR S6674)</text>
        <type>Floor</type>
      </item>
      <item>
        <links>
          <link>
            <url>https://www.congress.gov/congressional-record/volume-165/senate-section/page/S6674</url>
            <name>S6674</name>
          </link>
          <link>
            <url>https://www.congress.gov/congressional-record/volume-165/senate-section/page/S6679</url>
            <name>S6679</name>
          </link>
        </links>
        <actionDate>2019-11-19</actionDate>
        <sourceSystem>
          <name>Library of Congress</name>
          <code>9</code>
        </sourceSystem>
        <actionCode>17000</actionCode>
        <type>Floor</type>
        <committee />
        <text>Passed/agreed to in Senate: Submitted in the Senate, considered, and agreed to without amendment and with a preamble by Unanimous Consent.(consideration: CR S6679; text: CR S6674)</text>
      </item>
      <item>
        <links />
        <actionDate>2019-11-19</actionDate>
        <sourceSystem>
          <name>Library of Congress</name>
          <code>9</code>
        </sourceSystem>
        <actionCode>10000</actionCode>
        <type>IntroReferral</type>
        <committee />
        <text>Introduced in Senate</text>
      </item>
    </actions>
    <updateDate>2019-11-27T05:42:51Z</updateDate>
    <cboCostEstimates />
    <billNumber>431</billNumber>
    <sponsors>
      <item>
        <party>D</party>
        <middleName />
        <identifiers>
          <lisID>1901</lisID>
          <gpoId>8276</gpoId>
          <bioguideId>S001181</bioguideId>
        </identifiers>
        <fullName>Sen. Shaheen, Jeanne [D-NH]</fullName>
        <bioguideId>S001181</bioguideId>
        <firstName>Jeanne</firstName>
        <byRequestType />
        <lastName>Shaheen</lastName>
        <state>NH</state>
      </item>
    </sponsors>
    <billType>SRES</billType>
    <cosponsors>
      <item>
        <middleName>MARGARET</middleName>
        <sponsorshipDate>2019-11-19</sponsorshipDate>
        <bioguideId>C001035</bioguideId>
        <fullName>Sen. Collins, Susan M. [R-ME]</fullName>
        <identifiers>
          <gpoId>8291</gpoId>
          <lisID>1541</lisID>
          <bioguideId>C001035</bioguideId>
        </identifiers>
        <firstName>SUSAN</firstName>
        <lastName>COLLINS</lastName>
        <state>ME</state>
        <sponsorshipWithdrawnDate />
        <isOriginalCosponsor>True</isOriginalCosponsor>
        <party>R</party>
      </item>
      <item>
        <middleName />
        <sponsorshipDate>2019-11-19</sponsorshipDate>
        <bioguideId>L000575</bioguideId>
        <fullName>Sen. Lankford, James [R-OK]</fullName>
        <identifiers>
          <lisID>2050</lisID>
          <gpoId>8113</gpoId>
          <bioguideId>L000575</bioguideId>
        </identifiers>
        <firstName>James</firstName>
        <lastName>Lankford</lastName>
        <state>OK</state>
        <sponsorshipWithdrawnDate />
        <isOriginalCosponsor>True</isOriginalCosponsor>
        <party>R</party>
      </item>
      <item>
        <middleName />
        <sponsorshipDate>2019-11-19</sponsorshipDate>
        <bioguideId>K000383</bioguideId>
        <fullName>Sen. King, Angus S., Jr. [I-ME]</fullName>
        <identifiers>
          <lisID>2185</lisID>
          <gpoId />
          <bioguideId>K000383</bioguideId>
        </identifiers>
        <firstName>Angus</firstName>
        <lastName>King</lastName>
        <state>ME</state>
        <sponsorshipWithdrawnDate />
        <isOriginalCosponsor>True</isOriginalCosponsor>
        <party>I</party>
      </item>
      <item>
        <middleName />
        <sponsorshipDate>2019-11-19</sponsorshipDate>
        <bioguideId>R000605</bioguideId>
        <fullName>Sen. Rounds, Mike  [R-SD]</fullName>
        <identifiers>
          <gpoId />
          <lisID>2288</lisID>
          <bioguideId>R000605</bioguideId>
        </identifiers>
        <firstName>Mike</firstName>
        <lastName>Rounds</lastName>
        <state>SD</state>
        <sponsorshipWithdrawnDate />
        <isOriginalCosponsor>True</isOriginalCosponsor>
        <party>R</party>
      </item>
      <item>
        <middleName />
        <sponsorshipDate>2019-11-19</sponsorshipDate>
        <bioguideId>J000300</bioguideId>
        <fullName>Sen. Jones, Doug  [D-AL]</fullName>
        <identifiers>
          <lisID>2364</lisID>
          <gpoId />
          <bioguideId>J000300</bioguideId>
        </identifiers>
        <firstName>Doug</firstName>
        <lastName>Jones</lastName>
        <state>AL</state>
        <sponsorshipWithdrawnDate />
        <isOriginalCosponsor>True</isOriginalCosponsor>
        <party>D</party>
      </item>
      <item>
        <middleName />
        <sponsorshipDate>2019-11-19</sponsorshipDate>
        <bioguideId>C000127</bioguideId>
        <fullName>Sen. Cantwell, Maria [D-WA]</fullName>
        <identifiers>
          <gpoId>8288</gpoId>
          <lisID>172</lisID>
          <bioguideId>C000127</bioguideId>
        </identifiers>
        <firstName>MARIA</firstName>
        <lastName>CANTWELL</lastName>
        <state>WA</state>
        <sponsorshipWithdrawnDate />
        <isOriginalCosponsor>True</isOriginalCosponsor>
        <party>D</party>
      </item>
      <item>
        <middleName />
        <sponsorshipDate>2019-11-19</sponsorshipDate>
        <bioguideId>V000128</bioguideId>
        <fullName>Sen. Van Hollen, Chris [D-MD]</fullName>
        <identifiers>
          <bioguideId>V000128</bioguideId>
          <gpoId>7983</gpoId>
          <lisID>1729</lisID>
        </identifiers>
        <firstName>Chris</firstName>
        <lastName>Van Hollen</lastName>
        <state>MD</state>
        <sponsorshipWithdrawnDate />
        <isOriginalCosponsor>True</isOriginalCosponsor>
        <party>D</party>
      </item>
      <item>
        <middleName />
        <sponsorshipDate>2019-11-19</sponsorshipDate>
        <bioguideId>S001203</bioguideId>
        <fullName>Sen. Smith, Tina  [D-MN]</fullName>
        <identifiers>
          <lisID>2365</lisID>
          <gpoId />
          <bioguideId>S001203</bioguideId>
        </identifiers>
        <firstName>Tina</firstName>
        <lastName>Smith</lastName>
        <state>MN</state>
        <sponsorshipWithdrawnDate />
        <isOriginalCosponsor>True</isOriginalCosponsor>
        <party>D</party>
      </item>
      <item>
        <middleName>ANN</middleName>
        <sponsorshipDate>2019-11-19</sponsorshipDate>
        <bioguideId>S000770</bioguideId>
        <fullName>Sen. Stabenow, Debbie [D-MI]</fullName>
        <identifiers>
          <lisID>1531</lisID>
          <gpoId>8261</gpoId>
          <bioguideId>S000770</bioguideId>
        </identifiers>
        <firstName>DEBORAH</firstName>
        <lastName>STABENOW</lastName>
        <state>MI</state>
        <sponsorshipWithdrawnDate />
        <isOriginalCosponsor>True</isOriginalCosponsor>
        <party>D</party>
      </item>
      <item>
        <middleName />
        <sponsorshipDate>2019-11-19</sponsorshipDate>
        <bioguideId>B000944</bioguideId>
        <fullName>Sen. Brown, Sherrod [D-OH]</fullName>
        <identifiers>
          <gpoId>8309</gpoId>
          <lisID>136</lisID>
          <bioguideId>B000944</bioguideId>
        </identifiers>
        <firstName>Sherrod</firstName>
        <lastName>Brown</lastName>
        <state>OH</state>
        <sponsorshipWithdrawnDate />
        <isOriginalCosponsor>True</isOriginalCosponsor>
        <party>D</party>
      </item>
      <item>
        <middleName>C.</middleName>
        <sponsorshipDate>2019-11-19</sponsorshipDate>
        <bioguideId>P000595</bioguideId>
        <fullName>Sen. Peters, Gary C. [D-MI]</fullName>
        <identifiers>
          <lisID>1929</lisID>
          <gpoId>7994</gpoId>
          <bioguideId>P000595</bioguideId>
        </identifiers>
        <firstName>Gary</firstName>
        <lastName>Peters</lastName>
        <state>MI</state>
        <sponsorshipWithdrawnDate />
        <isOriginalCosponsor>True</isOriginalCosponsor>
        <party>D</party>
      </item>
      <item>
        <middleName />
        <sponsorshipDate>2019-11-19</sponsorshipDate>
        <bioguideId>K000367</bioguideId>
        <fullName>Sen. Klobuchar, Amy [D-MN]</fullName>
        <identifiers>
          <lisID>1826</lisID>
          <gpoId>8249</gpoId>
          <bioguideId>K000367</bioguideId>
        </identifiers>
        <firstName>Amy</firstName>
        <lastName>Klobuchar</lastName>
        <state>MN</state>
        <sponsorshipWithdrawnDate />
        <isOriginalCosponsor>True</isOriginalCosponsor>
        <party>D</party>
      </item>
      <item>
        <middleName>R.</middleName>
        <sponsorshipDate>2019-11-19</sponsorshipDate>
        <bioguideId>W000805</bioguideId>
        <fullName>Sen. Warner, Mark R. [D-VA]</fullName>
        <identifiers>
          <bioguideId>W000805</bioguideId>
          <gpoId>8269</gpoId>
          <lisID>1897</lisID>
        </identifiers>
        <firstName>Mark</firstName>
        <lastName>Warner</lastName>
        <state>VA</state>
        <sponsorshipWithdrawnDate />
        <isOriginalCosponsor>True</isOriginalCosponsor>
        <party>D</party>
      </item>
      <item>
        <middleName />
        <sponsorshipDate>2019-11-19</sponsorshipDate>
        <bioguideId>M001183</bioguideId>
        <fullName>Sen. Manchin, Joe, III [D-WV]</fullName>
        <identifiers>
          <lisID>1983</lisID>
          <gpoId>8256</gpoId>
          <bioguideId>M001183</bioguideId>
        </identifiers>
        <firstName>Joe</firstName>
        <lastName>Manchin</lastName>
        <state>WV</state>
        <sponsorshipWithdrawnDate />
        <isOriginalCosponsor>True</isOriginalCosponsor>
        <party>D</party>
      </item>
      <item>
        <middleName>A.</middleName>
        <sponsorshipDate>2019-11-19</sponsorshipDate>
        <bioguideId>C001088</bioguideId>
        <fullName>Sen. Coons, Christopher A. [D-DE]</fullName>
        <identifiers>
          <gpoId>8297</gpoId>
          <lisID>1984</lisID>
          <bioguideId>C001088</bioguideId>
        </identifiers>
        <firstName>Christopher</firstName>
        <lastName>Coons</lastName>
        <state>DE</state>
        <sponsorshipWithdrawnDate />
        <isOriginalCosponsor>True</isOriginalCosponsor>
        <party>D</party>
      </item>
    </cosponsors>
    <notes />
    <relatedBills />
    <amendments />
    <committees>
      <billCommittees />
    </committees>
    <subjects>
      <billSubjects>
        <policyArea>
          <name>Health</name>
        </policyArea>
        <legislativeSubjects />
      </billSubjects>
    </subjects>
    <latestAction>
      <links />
      <actionDate>2019-11-19</actionDate>
      <text>Submitted in the Senate, considered, and agreed to without amendment and with a preamble by Unanimous Consent. (consideration: CR S6679; text: CR S6674)</text>
    </latestAction>
    <laws />
    <calendarNumbers />
    <recordedVotes />
    <introducedDate>2019-11-19</introducedDate>
    <congress>116</congress>
  </bill>
  <dublinCore xmlns:dc="http://purl.org/dc/elements/1.1/">
    <dc:format>text/xml</dc:format>
    <dc:language>EN</dc:language>
    <dc:rights>Pursuant to Title 17 Section 105 of the United States Code, this file is not subject to copyright protection and is in the public domain.</dc:rights>
    <dc:contributor>Congressional Research Service, Library of Congress</dc:contributor>
    <dc:description>This file contains bill summaries and statuses for federal legislation. A bill summary describes the most significant provisions of a piece of legislation and details the effects the legislative text may have on current law and federal programs. Bill summaries are authored by the Congressional Research Service (CRS) of the Library of Congress. As stated in Public Law 91-510 (2 USC 166 (d)(6)), one of the duties of CRS is "to prepare summaries and digests of bills and resolutions of a public general nature introduced in the Senate or House of Representatives". For more information, refer to the User Guide that accompanies this file.</dc:description>
  </dublinCore>
</billStatus>

