<?xml version="1.0" encoding="UTF-8"?>
<billStatus>
  <bill>
    <committees>
      <billCommittees />
    </committees>
    <billNumber>321</billNumber>
    <title>A resolution designating September 2019 as "National Prostate Cancer Awareness Month".</title>
    <cboCostEstimates />
    <version>1.0.0</version>
    <notes />
    <subjects>
      <billSubjects>
        <policyArea>
          <name>Health</name>
        </policyArea>
        <legislativeSubjects />
      </billSubjects>
    </subjects>
    <summaries>
      <billSummaries />
    </summaries>
    <recordedVotes />
    <policyArea>
      <name>Health</name>
    </policyArea>
    <latestAction>
      <text>Submitted in the Senate, considered, and agreed to without amendment and with a preamble by Unanimous Consent. (consideration: CR S5609; text: CR S5608)</text>
      <actionDate>2019-09-19</actionDate>
      <links />
    </latestAction>
    <relatedBills>
      <item>
        <congress>116</congress>
        <number>584</number>
        <latestTitle>Expressing support for the designation of September 2019 as "National Prostate Cancer Awareness Month".</latestTitle>
        <relationshipDetails>
          <item>
            <identifiedBy>CRS</identifiedBy>
            <type>Related bill</type>
          </item>
        </relationshipDetails>
        <type>HRES</type>
        <latestAction>
          <text>Referred to the Committee on Energy and Commerce, and in addition to the Committee on Ways and Means, for a period to be subsequently determined by the Speaker, in each case for consideration of such provisions as fall within the jurisdiction of the committee concerned.</text>
          <actionDate>2019-09-24</actionDate>
        </latestAction>
      </item>
    </relatedBills>
    <updateDate>2019-09-27T04:44:44Z</updateDate>
    <titles>
      <item>
        <titleType>Official Title as Introduced</titleType>
        <title>A resolution designating September 2019 as "National Prostate Cancer Awareness Month".</title>
        <chamberName />
        <parentTitleType />
        <chamberCode />
      </item>
      <item>
        <titleType>Display Title</titleType>
        <title>A resolution designating September 2019 as "National Prostate Cancer Awareness Month".</title>
        <chamberName />
        <parentTitleType />
        <chamberCode />
      </item>
    </titles>
    <amendments />
    <originChamber>Senate</originChamber>
    <laws />
    <committeeReports />
    <cosponsors>
      <item>
        <sponsorshipWithdrawnDate />
        <firstName>MICHAEL</firstName>
        <identifiers>
          <gpoId>8289</gpoId>
          <lisID>250</lisID>
          <bioguideId>C000880</bioguideId>
        </identifiers>
        <lastName>CRAPO</lastName>
        <fullName>Sen. Crapo, Mike [R-ID]</fullName>
        <sponsorshipDate>2019-09-19</sponsorshipDate>
        <party>R</party>
        <middleName>D.</middleName>
        <isOriginalCosponsor>True</isOriginalCosponsor>
        <bioguideId>C000880</bioguideId>
        <state>ID</state>
      </item>
      <item>
        <sponsorshipWithdrawnDate />
        <firstName>Christopher</firstName>
        <identifiers>
          <gpoId>8297</gpoId>
          <lisID>1984</lisID>
          <bioguideId>C001088</bioguideId>
        </identifiers>
        <lastName>Coons</lastName>
        <fullName>Sen. Coons, Christopher A. [D-DE]</fullName>
        <sponsorshipDate>2019-09-19</sponsorshipDate>
        <party>D</party>
        <middleName>A.</middleName>
        <isOriginalCosponsor>True</isOriginalCosponsor>
        <bioguideId>C001088</bioguideId>
        <state>DE</state>
      </item>
      <item>
        <sponsorshipWithdrawnDate />
        <firstName>Chris</firstName>
        <identifiers>
          <bioguideId>V000128</bioguideId>
          <gpoId>7983</gpoId>
          <lisID>1729</lisID>
        </identifiers>
        <lastName>Van Hollen</lastName>
        <fullName>Sen. Van Hollen, Chris [D-MD]</fullName>
        <sponsorshipDate>2019-09-19</sponsorshipDate>
        <party>D</party>
        <middleName />
        <isOriginalCosponsor>True</isOriginalCosponsor>
        <bioguideId>V000128</bioguideId>
        <state>MD</state>
      </item>
      <item>
        <sponsorshipWithdrawnDate />
        <firstName>Cory</firstName>
        <identifiers>
          <bioguideId>B001288</bioguideId>
          <gpoId />
          <lisID>2194</lisID>
        </identifiers>
        <lastName>Booker</lastName>
        <fullName>Sen. Booker, Cory A. [D-NJ]</fullName>
        <sponsorshipDate>2019-09-19</sponsorshipDate>
        <party>D</party>
        <middleName>A.</middleName>
        <isOriginalCosponsor>True</isOriginalCosponsor>
        <bioguideId>B001288</bioguideId>
        <state>NJ</state>
      </item>
      <item>
        <sponsorshipWithdrawnDate />
        <firstName>Josh</firstName>
        <identifiers>
          <bioguideId>H001089</bioguideId>
          <lisID>2464</lisID>
          <gpoId />
        </identifiers>
        <lastName>Hawley</lastName>
        <fullName>Sen. Hawley, Josh  [R-MO]</fullName>
        <sponsorshipDate>2019-09-19</sponsorshipDate>
        <party>R</party>
        <middleName />
        <isOriginalCosponsor>True</isOriginalCosponsor>
        <bioguideId>H001089</bioguideId>
        <state>MO</state>
      </item>
      <item>
        <sponsorshipWithdrawnDate />
        <firstName>BENJAMIN</firstName>
        <identifiers>
          <gpoId>8287</gpoId>
          <lisID>174</lisID>
          <bioguideId>C000141</bioguideId>
        </identifiers>
        <lastName>CARDIN</lastName>
        <fullName>Sen. Cardin, Benjamin L. [D-MD]</fullName>
        <sponsorshipDate>2019-09-19</sponsorshipDate>
        <party>D</party>
        <middleName>L.</middleName>
        <isOriginalCosponsor>True</isOriginalCosponsor>
        <bioguideId>C000141</bioguideId>
        <state>MD</state>
      </item>
      <item>
        <sponsorshipWithdrawnDate />
        <firstName>SHELLEY</firstName>
        <identifiers>
          <bioguideId>C001047</bioguideId>
          <lisID>1676</lisID>
          <gpoId>8223</gpoId>
        </identifiers>
        <lastName>CAPITO</lastName>
        <fullName>Sen. Capito, Shelley Moore [R-WV]</fullName>
        <sponsorshipDate>2019-09-19</sponsorshipDate>
        <party>R</party>
        <middleName>MOORE</middleName>
        <isOriginalCosponsor>True</isOriginalCosponsor>
        <bioguideId>C001047</bioguideId>
        <state>WV</state>
      </item>
      <item>
        <sponsorshipWithdrawnDate />
        <firstName>EDWARD</firstName>
        <identifiers>
          <bioguideId>M000133</bioguideId>
          <gpoId>7972</gpoId>
          <lisID>735</lisID>
        </identifiers>
        <lastName>MARKEY</lastName>
        <fullName>Sen. Markey, Edward J. [D-MA]</fullName>
        <sponsorshipDate>2019-09-19</sponsorshipDate>
        <party>D</party>
        <middleName>J.</middleName>
        <isOriginalCosponsor>True</isOriginalCosponsor>
        <bioguideId>M000133</bioguideId>
        <state>MA</state>
      </item>
      <item>
        <sponsorshipWithdrawnDate />
        <firstName>RON</firstName>
        <identifiers>
          <bioguideId>W000779</bioguideId>
          <lisID>1247</lisID>
          <gpoId>8265</gpoId>
        </identifiers>
        <lastName>WYDEN</lastName>
        <fullName>Sen. Wyden, Ron [D-OR]</fullName>
        <sponsorshipDate>2019-09-19</sponsorshipDate>
        <party>D</party>
        <middleName />
        <isOriginalCosponsor>True</isOriginalCosponsor>
        <bioguideId>W000779</bioguideId>
        <state>OR</state>
      </item>
    </cosponsors>
    <actions>
      <actionByCounts>
        <senate>3</senate>
      </actionByCounts>
      <item>
        <actionDate>2019-09-19</actionDate>
        <committee />
        <links>
          <link>
            <name>S5608</name>
            <url>https://www.congress.gov/congressional-record/volume-165/senate-section/page/S5608</url>
          </link>
          <link>
            <name>S5609</name>
            <url>https://www.congress.gov/congressional-record/volume-165/senate-section/page/S5609</url>
          </link>
        </links>
        <sourceSystem>
          <name>Senate</name>
          <code>0</code>
        </sourceSystem>
        <text>Submitted in the Senate, considered, and agreed to without amendment and with a preamble by Unanimous Consent. (consideration: CR S5609; text: CR S5608)</text>
        <type>Floor</type>
      </item>
      <item>
        <links>
          <link>
            <name>S5608</name>
            <url>https://www.congress.gov/congressional-record/volume-165/senate-section/page/S5608</url>
          </link>
          <link>
            <name>S5609</name>
            <url>https://www.congress.gov/congressional-record/volume-165/senate-section/page/S5609</url>
          </link>
        </links>
        <actionCode>17000</actionCode>
        <committee />
        <type>Floor</type>
        <sourceSystem>
          <name>Library of Congress</name>
          <code>9</code>
        </sourceSystem>
        <actionDate>2019-09-19</actionDate>
        <text>Passed/agreed to in Senate: Submitted in the Senate, considered, and agreed to without amendment and with a preamble by Unanimous Consent.(consideration: CR S5609; text: CR S5608)</text>
      </item>
      <item>
        <links />
        <actionCode>10000</actionCode>
        <committee />
        <type>IntroReferral</type>
        <sourceSystem>
          <name>Library of Congress</name>
          <code>9</code>
        </sourceSystem>
        <actionDate>2019-09-19</actionDate>
        <text>Introduced in Senate</text>
      </item>
      <actionTypeCounts>
        <passedOrAgreedToInSenateDayOf>1</passedOrAgreedToInSenateDayOf>
        <passedAgreedToInSenate>1</passedAgreedToInSenate>
        <introducedInSenate>1</introducedInSenate>
      </actionTypeCounts>
    </actions>
    <createDate>2019-09-20T04:27:21Z</createDate>
    <congress>116</congress>
    <textVersions>
      <item>
        <formats>
          <item>
            <url>https://www.govinfo.gov/content/pkg/BILLS-116sres321ats/xml/BILLS-116sres321ats.xml</url>
          </item>
        </formats>
        <date>2019-09-19T04:00:00Z</date>
        <type>Agreed to Senate</type>
      </item>
    </textVersions>
    <billType>SRES</billType>
    <sponsors>
      <item>
        <firstName>Robert</firstName>
        <identifiers>
          <bioguideId>M000639</bioguideId>
          <gpoId>8239</gpoId>
          <lisID>791</lisID>
        </identifiers>
        <middleName />
        <state>NJ</state>
        <byRequestType />
        <bioguideId>M000639</bioguideId>
        <party>D</party>
        <fullName>Sen. Menendez, Robert [D-NJ]</fullName>
        <lastName>Menendez</lastName>
      </item>
    </sponsors>
    <introducedDate>2019-09-19</introducedDate>
    <calendarNumbers />
  </bill>
  <dublinCore xmlns:dc="http://purl.org/dc/elements/1.1/">
    <dc:format>text/xml</dc:format>
    <dc:language>EN</dc:language>
    <dc:rights>Pursuant to Title 17 Section 105 of the United States Code, this file is not subject to copyright protection and is in the public domain.</dc:rights>
    <dc:contributor>Congressional Research Service, Library of Congress</dc:contributor>
    <dc:description>This file contains bill summaries and statuses for federal legislation. A bill summary describes the most significant provisions of a piece of legislation and details the effects the legislative text may have on current law and federal programs. Bill summaries are authored by the Congressional Research Service (CRS) of the Library of Congress. As stated in Public Law 91-510 (2 USC 166 (d)(6)), one of the duties of CRS is "to prepare summaries and digests of bills and resolutions of a public general nature introduced in the Senate or House of Representatives". For more information, refer to the User Guide that accompanies this file.</dc:description>
  </dublinCore>
</billStatus>

