<?xml version="1.0" encoding="UTF-8"?>
<billStatus>
  <bill>
    <title>A resolution congratulating the Eastbank All-Stars from River Ridge, Louisiana, for winning the 2019 Little League Baseball World Series Championship.</title>
    <subjects>
      <billSubjects>
        <legislativeSubjects />
        <policyArea>
          <name>Sports and Recreation</name>
        </policyArea>
      </billSubjects>
    </subjects>
    <committees>
      <billCommittees>
        <item>
          <systemCode>ssju00</systemCode>
          <activities>
            <item>
              <date>2019-09-10T18:53:12Z</date>
              <name>Referred to</name>
            </item>
          </activities>
          <type>Standing</type>
          <subcommittees />
          <name>Judiciary Committee</name>
          <chamber>Senate</chamber>
        </item>
      </billCommittees>
    </committees>
    <originChamber>Senate</originChamber>
    <billType>SRES</billType>
    <textVersions>
      <item>
        <type>Introduced in Senate</type>
        <formats>
          <item>
            <url>https://www.govinfo.gov/content/pkg/BILLS-116sres307is/xml/BILLS-116sres307is.xml</url>
          </item>
        </formats>
        <date>2019-09-10T04:00:00Z</date>
      </item>
    </textVersions>
    <cboCostEstimates />
    <sponsors>
      <item>
        <state>LA</state>
        <identifiers>
          <lisID>1925</lisID>
          <bioguideId>C001075</bioguideId>
          <gpoId>7964</gpoId>
        </identifiers>
        <lastName>Cassidy</lastName>
        <firstName>Bill</firstName>
        <byRequestType />
        <fullName>Sen. Cassidy, Bill [R-LA]</fullName>
        <party>R</party>
        <bioguideId>C001075</bioguideId>
        <middleName />
      </item>
    </sponsors>
    <introducedDate>2019-09-10</introducedDate>
    <relatedBills>
      <item>
        <type>HRES</type>
        <latestAction>
          <actionDate>2019-09-06</actionDate>
          <text>Referred to the House Committee on Oversight and Reform.</text>
        </latestAction>
        <number>547</number>
        <latestTitle>Congratulating the Eastbank All-Stars from River Ridge, Louisiana, on winning the 2019 Little League World Series Championship.</latestTitle>
        <congress>116</congress>
        <relationshipDetails>
          <item>
            <type>Identical bill</type>
            <identifiedBy>CRS</identifiedBy>
          </item>
        </relationshipDetails>
      </item>
    </relatedBills>
    <cosponsors>
      <item>
        <lastName>Kennedy</lastName>
        <state>LA</state>
        <party>R</party>
        <sponsorshipWithdrawnDate />
        <fullName>Sen. Kennedy, John [R-LA]</fullName>
        <middleName>Neely</middleName>
        <firstName>John</firstName>
        <isOriginalCosponsor>True</isOriginalCosponsor>
        <sponsorshipDate>2019-09-10</sponsorshipDate>
        <identifiers>
          <bioguideId>K000393</bioguideId>
          <gpoId />
          <lisID>2303</lisID>
        </identifiers>
        <bioguideId>K000393</bioguideId>
      </item>
    </cosponsors>
    <amendments />
    <policyArea>
      <name>Sports and Recreation</name>
    </policyArea>
    <recordedVotes />
    <laws />
    <billNumber>307</billNumber>
    <calendarNumbers />
    <congress>116</congress>
    <actions>
      <actionTypeCounts>
        <referredToCommittee>1</referredToCommittee>
        <introducedInSenate>1</introducedInSenate>
      </actionTypeCounts>
      <actionByCounts>
        <senate>2</senate>
      </actionByCounts>
      <item>
        <actionDate>2019-09-10</actionDate>
        <committee>
          <systemCode>ssju00</systemCode>
          <name>Judiciary Committee</name>
        </committee>
        <links>
          <link>
            <url>https://www.congress.gov/congressional-record/volume-165/senate-section/page/S5410</url>
            <name>S5410</name>
          </link>
        </links>
        <sourceSystem>
          <code>0</code>
          <name>Senate</name>
        </sourceSystem>
        <text>Referred to the Committee on the Judiciary. (text: CR S5410)</text>
        <type>IntroReferral</type>
      </item>
      <item>
        <type>IntroReferral</type>
        <actionCode>10000</actionCode>
        <links />
        <sourceSystem>
          <code>9</code>
          <name>Library of Congress</name>
        </sourceSystem>
        <text>Introduced in Senate</text>
        <committee />
        <actionDate>2019-09-10</actionDate>
      </item>
    </actions>
    <summaries>
      <billSummaries />
    </summaries>
    <version>1.0.0</version>
    <titles>
      <item>
        <titleType>Official Title as Introduced</titleType>
        <chamberName />
        <parentTitleType />
        <chamberCode />
        <title>A resolution congratulating the Eastbank All-Stars from River Ridge, Louisiana, for winning the 2019 Little League Baseball World Series Championship.</title>
      </item>
      <item>
        <titleType>Display Title</titleType>
        <chamberName />
        <parentTitleType />
        <chamberCode />
        <title>A resolution congratulating the Eastbank All-Stars from River Ridge, Louisiana, for winning the 2019 Little League Baseball World Series Championship.</title>
      </item>
    </titles>
    <createDate>2019-09-11T04:27:13Z</createDate>
    <committeeReports />
    <latestAction>
      <links />
      <text>Referred to the Committee on the Judiciary. (text: CR S5410)</text>
      <actionDate>2019-09-10</actionDate>
    </latestAction>
    <notes />
    <updateDate>2019-09-19T09:36:09Z</updateDate>
  </bill>
  <dublinCore xmlns:dc="http://purl.org/dc/elements/1.1/">
    <dc:format>text/xml</dc:format>
    <dc:language>EN</dc:language>
    <dc:rights>Pursuant to Title 17 Section 105 of the United States Code, this file is not subject to copyright protection and is in the public domain.</dc:rights>
    <dc:contributor>Congressional Research Service, Library of Congress</dc:contributor>
    <dc:description>This file contains bill summaries and statuses for federal legislation. A bill summary describes the most significant provisions of a piece of legislation and details the effects the legislative text may have on current law and federal programs. Bill summaries are authored by the Congressional Research Service (CRS) of the Library of Congress. As stated in Public Law 91-510 (2 USC 166 (d)(6)), one of the duties of CRS is "to prepare summaries and digests of bills and resolutions of a public general nature introduced in the Senate or House of Representatives". For more information, refer to the User Guide that accompanies this file.</dc:description>
  </dublinCore>
</billStatus>

