<?xml version="1.0" encoding="UTF-8"?>
<billStatus>
  <bill>
    <laws />
    <amendments />
    <notes />
    <originChamber>Senate</originChamber>
    <committeeReports />
    <calendarNumbers />
    <subjects>
      <billSubjects>
        <policyArea>
          <name>Congress</name>
        </policyArea>
        <legislativeSubjects>
          <item>
            <name>Civil Rights and Liberties, Minority Issues</name>
          </item>
          <item>
            <name>Commemorative events and holidays</name>
          </item>
          <item>
            <name>Congressional officers and employees</name>
          </item>
          <item>
            <name>Congressional tributes</name>
          </item>
          <item>
            <name>Employment discrimination and employee rights</name>
          </item>
          <item>
            <name>Members of Congress</name>
          </item>
          <item>
            <name>New Jersey</name>
          </item>
          <item>
            <name>Senate</name>
          </item>
          <item>
            <name>Sex, gender, sexual orientation discrimination</name>
          </item>
        </legislativeSubjects>
      </billSubjects>
    </subjects>
    <congress>116</congress>
    <cboCostEstimates />
    <cosponsors>
      <item>
        <sponsorshipDate>2019-05-14</sponsorshipDate>
        <lastName>MURRAY</lastName>
        <party>D</party>
        <fullName>Sen. Murray, Patty [D-WA]</fullName>
        <bioguideId>M001111</bioguideId>
        <state>WA</state>
        <firstName>PATTY</firstName>
        <sponsorshipWithdrawnDate />
        <middleName />
        <identifiers>
          <gpoId>8237</gpoId>
          <bioguideId>M001111</bioguideId>
          <lisID>1409</lisID>
        </identifiers>
        <isOriginalCosponsor>True</isOriginalCosponsor>
      </item>
      <item>
        <sponsorshipDate>2019-05-14</sponsorshipDate>
        <lastName>MARKEY</lastName>
        <party>D</party>
        <fullName>Sen. Markey, Edward J. [D-MA]</fullName>
        <bioguideId>M000133</bioguideId>
        <state>MA</state>
        <firstName>EDWARD</firstName>
        <sponsorshipWithdrawnDate />
        <middleName>J.</middleName>
        <identifiers>
          <gpoId>7972</gpoId>
          <lisID>735</lisID>
          <bioguideId>M000133</bioguideId>
        </identifiers>
        <isOriginalCosponsor>True</isOriginalCosponsor>
      </item>
      <item>
        <sponsorshipDate>2019-05-14</sponsorshipDate>
        <lastName>Menendez</lastName>
        <party>D</party>
        <fullName>Sen. Menendez, Robert [D-NJ]</fullName>
        <bioguideId>M000639</bioguideId>
        <state>NJ</state>
        <firstName>Robert</firstName>
        <sponsorshipWithdrawnDate />
        <middleName />
        <identifiers>
          <lisID>791</lisID>
          <gpoId>8239</gpoId>
          <bioguideId>M000639</bioguideId>
        </identifiers>
        <isOriginalCosponsor>True</isOriginalCosponsor>
      </item>
      <item>
        <sponsorshipDate>2019-05-14</sponsorshipDate>
        <lastName>Kaine</lastName>
        <party>D</party>
        <fullName>Sen. Kaine, Tim [D-VA]</fullName>
        <bioguideId>K000384</bioguideId>
        <state>VA</state>
        <firstName>Timothy</firstName>
        <sponsorshipWithdrawnDate />
        <middleName />
        <identifiers>
          <lisID>2176</lisID>
          <bioguideId>K000384</bioguideId>
          <gpoId />
        </identifiers>
        <isOriginalCosponsor>True</isOriginalCosponsor>
      </item>
      <item>
        <sponsorshipDate>2019-05-14</sponsorshipDate>
        <lastName>Shaheen</lastName>
        <party>D</party>
        <fullName>Sen. Shaheen, Jeanne [D-NH]</fullName>
        <bioguideId>S001181</bioguideId>
        <state>NH</state>
        <firstName>Jeanne</firstName>
        <sponsorshipWithdrawnDate />
        <middleName />
        <identifiers>
          <lisID>1901</lisID>
          <bioguideId>S001181</bioguideId>
          <gpoId>8276</gpoId>
        </identifiers>
        <isOriginalCosponsor>True</isOriginalCosponsor>
      </item>
      <item>
        <sponsorshipDate>2019-05-14</sponsorshipDate>
        <lastName>Sanders</lastName>
        <party>I</party>
        <fullName>Sen. Sanders, Bernard [I-VT]</fullName>
        <bioguideId>S000033</bioguideId>
        <state>VT</state>
        <firstName>Bernard</firstName>
        <sponsorshipWithdrawnDate />
        <middleName />
        <identifiers>
          <bioguideId>S000033</bioguideId>
          <lisID>1010</lisID>
          <gpoId>8270</gpoId>
        </identifiers>
        <isOriginalCosponsor>True</isOriginalCosponsor>
      </item>
      <item>
        <sponsorshipDate>2019-05-14</sponsorshipDate>
        <lastName>Bennet</lastName>
        <party>D</party>
        <fullName>Sen. Bennet, Michael F. [D-CO]</fullName>
        <bioguideId>B001267</bioguideId>
        <state>CO</state>
        <firstName>Michael</firstName>
        <sponsorshipWithdrawnDate />
        <middleName>F.</middleName>
        <identifiers>
          <gpoId>8302</gpoId>
          <lisID>1965</lisID>
          <bioguideId>B001267</bioguideId>
        </identifiers>
        <isOriginalCosponsor>True</isOriginalCosponsor>
      </item>
      <item>
        <sponsorshipDate>2019-05-14</sponsorshipDate>
        <lastName>Hirono</lastName>
        <party>D</party>
        <fullName>Sen. Hirono, Mazie K. [D-HI]</fullName>
        <bioguideId>H001042</bioguideId>
        <state>HI</state>
        <firstName>Mazie</firstName>
        <sponsorshipWithdrawnDate />
        <middleName>K.</middleName>
        <identifiers>
          <gpoId>7913</gpoId>
          <bioguideId>H001042</bioguideId>
          <lisID>1844</lisID>
        </identifiers>
        <isOriginalCosponsor>True</isOriginalCosponsor>
      </item>
      <item>
        <sponsorshipDate>2019-05-14</sponsorshipDate>
        <lastName>FEINSTEIN</lastName>
        <party>D</party>
        <fullName>Sen. Feinstein, Dianne [D-CA]</fullName>
        <bioguideId>F000062</bioguideId>
        <state>CA</state>
        <firstName>DIANNE</firstName>
        <sponsorshipWithdrawnDate />
        <middleName />
        <identifiers>
          <bioguideId>F000062</bioguideId>
          <lisID>1332</lisID>
          <gpoId>8338</gpoId>
        </identifiers>
        <isOriginalCosponsor>True</isOriginalCosponsor>
      </item>
      <item>
        <sponsorshipDate>2019-05-14</sponsorshipDate>
        <lastName>Klobuchar</lastName>
        <party>D</party>
        <fullName>Sen. Klobuchar, Amy [D-MN]</fullName>
        <bioguideId>K000367</bioguideId>
        <state>MN</state>
        <firstName>Amy</firstName>
        <sponsorshipWithdrawnDate />
        <middleName />
        <identifiers>
          <gpoId>8249</gpoId>
          <bioguideId>K000367</bioguideId>
          <lisID>1826</lisID>
        </identifiers>
        <isOriginalCosponsor>True</isOriginalCosponsor>
      </item>
      <item>
        <sponsorshipDate>2019-05-14</sponsorshipDate>
        <lastName>Heinrich</lastName>
        <party>D</party>
        <fullName>Sen. Heinrich, Martin [D-NM]</fullName>
        <bioguideId>H001046</bioguideId>
        <state>NM</state>
        <firstName>Martin</firstName>
        <sponsorshipWithdrawnDate />
        <middleName />
        <identifiers>
          <lisID>1937</lisID>
          <bioguideId>H001046</bioguideId>
          <gpoId>8056</gpoId>
        </identifiers>
        <isOriginalCosponsor>True</isOriginalCosponsor>
      </item>
      <item>
        <sponsorshipDate>2019-05-14</sponsorshipDate>
        <lastName>DURBIN</lastName>
        <party>D</party>
        <fullName>Sen. Durbin, Richard J. [D-IL]</fullName>
        <bioguideId>D000563</bioguideId>
        <state>IL</state>
        <firstName>RICHARD</firstName>
        <sponsorshipWithdrawnDate />
        <middleName>J.</middleName>
        <identifiers>
          <bioguideId>D000563</bioguideId>
          <lisID>326</lisID>
          <gpoId>8326</gpoId>
        </identifiers>
        <isOriginalCosponsor>True</isOriginalCosponsor>
      </item>
      <item>
        <sponsorshipDate>2019-05-14</sponsorshipDate>
        <lastName>STABENOW</lastName>
        <party>D</party>
        <fullName>Sen. Stabenow, Debbie [D-MI]</fullName>
        <bioguideId>S000770</bioguideId>
        <state>MI</state>
        <firstName>DEBORAH</firstName>
        <sponsorshipWithdrawnDate />
        <middleName>ANN</middleName>
        <identifiers>
          <gpoId>8261</gpoId>
          <lisID>1531</lisID>
          <bioguideId>S000770</bioguideId>
        </identifiers>
        <isOriginalCosponsor>True</isOriginalCosponsor>
      </item>
      <item>
        <sponsorshipDate>2019-05-14</sponsorshipDate>
        <lastName>Whitehouse</lastName>
        <party>D</party>
        <fullName>Sen. Whitehouse, Sheldon [D-RI]</fullName>
        <bioguideId>W000802</bioguideId>
        <state>RI</state>
        <firstName>Sheldon</firstName>
        <sponsorshipWithdrawnDate />
        <middleName />
        <identifiers>
          <gpoId>8264</gpoId>
          <lisID>1823</lisID>
          <bioguideId>W000802</bioguideId>
        </identifiers>
        <isOriginalCosponsor>True</isOriginalCosponsor>
      </item>
      <item>
        <sponsorshipDate>2019-05-14</sponsorshipDate>
        <lastName>Duckworth</lastName>
        <party>D</party>
        <fullName>Sen. Duckworth, Tammy [D-IL]</fullName>
        <bioguideId>D000622</bioguideId>
        <state>IL</state>
        <firstName>Tammy</firstName>
        <sponsorshipWithdrawnDate />
        <middleName />
        <identifiers>
          <bioguideId>D000622</bioguideId>
          <lisID>2123</lisID>
          <gpoId />
        </identifiers>
        <isOriginalCosponsor>True</isOriginalCosponsor>
      </item>
      <item>
        <sponsorshipDate>2019-05-14</sponsorshipDate>
        <lastName>Harris</lastName>
        <party>D</party>
        <fullName>Sen. Harris, Kamala D. [D-CA]</fullName>
        <bioguideId>H001075</bioguideId>
        <state>CA</state>
        <firstName>Kamala</firstName>
        <sponsorshipWithdrawnDate />
        <middleName>D.</middleName>
        <identifiers>
          <lisID>2301</lisID>
          <gpoId />
          <bioguideId>H001075</bioguideId>
        </identifiers>
        <isOriginalCosponsor>True</isOriginalCosponsor>
      </item>
      <item>
        <sponsorshipDate>2019-05-21</sponsorshipDate>
        <lastName>Rosen</lastName>
        <party>D</party>
        <fullName>Sen. Rosen, Jacky [D-NV]</fullName>
        <bioguideId>R000608</bioguideId>
        <state>NV</state>
        <firstName>Jacklyn</firstName>
        <sponsorshipWithdrawnDate />
        <middleName />
        <identifiers>
          <gpoId />
          <lisID>2339</lisID>
          <bioguideId>R000608</bioguideId>
        </identifiers>
        <isOriginalCosponsor>False</isOriginalCosponsor>
      </item>
    </cosponsors>
    <version>1.0.0</version>
    <sponsors>
      <item>
        <bioguideId>B001230</bioguideId>
        <state>WI</state>
        <middleName />
        <party>D</party>
        <byRequestType />
        <firstName>Tammy</firstName>
        <lastName>Baldwin</lastName>
        <fullName>Sen. Baldwin, Tammy [D-WI]</fullName>
        <identifiers>
          <gpoId>8215</gpoId>
          <bioguideId>B001230</bioguideId>
          <lisID>1558</lisID>
        </identifiers>
      </item>
    </sponsors>
    <summaries>
      <billSummaries />
    </summaries>
    <latestAction>
      <actionDate>2019-05-14</actionDate>
      <text>Referred to the Committee on Rules and Administration. (text: CR S2834)</text>
      <links />
    </latestAction>
    <relatedBills />
    <recordedVotes />
    <billNumber>207</billNumber>
    <billType>SRES</billType>
    <committees>
      <billCommittees>
        <item>
          <chamber>Senate</chamber>
          <type>Standing</type>
          <systemCode>ssra00</systemCode>
          <name>Rules and Administration Committee</name>
          <activities>
            <item>
              <name>Referred to</name>
              <date>2019-05-14T20:06:42Z</date>
            </item>
          </activities>
          <subcommittees />
        </item>
      </billCommittees>
    </committees>
    <actions>
      <actionTypeCounts>
        <referredToCommittee>1</referredToCommittee>
        <introducedInSenate>1</introducedInSenate>
      </actionTypeCounts>
      <actionByCounts>
        <senate>2</senate>
      </actionByCounts>
      <item>
        <actionDate>2019-05-14</actionDate>
        <committee>
          <name>Rules and Administration Committee</name>
          <systemCode>ssra00</systemCode>
        </committee>
        <links>
          <link>
            <name>S2834</name>
            <url>https://www.congress.gov/congressional-record/volume-165/senate-section/page/S2834</url>
          </link>
        </links>
        <sourceSystem>
          <name>Senate</name>
          <code>0</code>
        </sourceSystem>
        <text>Referred to the Committee on Rules and Administration. (text: CR S2834)</text>
        <type>IntroReferral</type>
      </item>
      <item>
        <actionCode>10000</actionCode>
        <type>IntroReferral</type>
        <sourceSystem>
          <name>Library of Congress</name>
          <code>9</code>
        </sourceSystem>
        <links />
        <committee />
        <text>Introduced in Senate</text>
        <actionDate>2019-05-14</actionDate>
      </item>
    </actions>
    <textVersions>
      <item>
        <formats>
          <item>
            <url>https://www.govinfo.gov/content/pkg/BILLS-116sres207is/xml/BILLS-116sres207is.xml</url>
          </item>
        </formats>
        <type>Introduced in Senate</type>
        <date>2019-05-14T04:00:00Z</date>
      </item>
    </textVersions>
    <titles>
      <item>
        <parentTitleType />
        <chamberCode />
        <chamberName />
        <title>A resolution congratulating the Senate GLASS Caucus staff association for lesbian, gay, bisexual, and transgender Senate staff on the 15-year anniversary of the association.</title>
        <titleType>Official Title as Introduced</titleType>
      </item>
      <item>
        <parentTitleType />
        <chamberCode />
        <chamberName />
        <title>A resolution congratulating the Senate GLASS Caucus staff association for lesbian, gay, bisexual, and transgender Senate staff on the 15-year anniversary of the association.</title>
        <titleType>Display Title</titleType>
      </item>
    </titles>
    <title>A resolution congratulating the Senate GLASS Caucus staff association for lesbian, gay, bisexual, and transgender Senate staff on the 15-year anniversary of the association.</title>
    <policyArea>
      <name>Congress</name>
    </policyArea>
    <updateDate>2019-07-11T09:24:05Z</updateDate>
    <createDate>2019-05-15T04:42:14Z</createDate>
    <introducedDate>2019-05-14</introducedDate>
  </bill>
  <dublinCore xmlns:dc="http://purl.org/dc/elements/1.1/">
    <dc:format>text/xml</dc:format>
    <dc:language>EN</dc:language>
    <dc:rights>Pursuant to Title 17 Section 105 of the United States Code, this file is not subject to copyright protection and is in the public domain.</dc:rights>
    <dc:contributor>Congressional Research Service, Library of Congress</dc:contributor>
    <dc:description>This file contains bill summaries and statuses for federal legislation. A bill summary describes the most significant provisions of a piece of legislation and details the effects the legislative text may have on current law and federal programs. Bill summaries are authored by the Congressional Research Service (CRS) of the Library of Congress. As stated in Public Law 91-510 (2 USC 166 (d)(6)), one of the duties of CRS is "to prepare summaries and digests of bills and resolutions of a public general nature introduced in the Senate or House of Representatives". For more information, refer to the User Guide that accompanies this file.</dc:description>
  </dublinCore>
</billStatus>

