<?xml version="1.0" encoding="UTF-8"?>
<billStatus>
  <bill>
    <relatedBills>
      <item>
        <relationshipDetails>
          <item>
            <identifiedBy>CRS</identifiedBy>
            <type>Related bill</type>
          </item>
        </relationshipDetails>
        <latestAction>
          <text>Referred to the House Committee on Energy and Commerce.</text>
          <actionDate>2019-02-28</actionDate>
        </latestAction>
        <latestTitle>Expressing support for the designation of the last day of February each year as "Rare Disease Day".</latestTitle>
        <number>161</number>
        <type>HRES</type>
        <congress>116</congress>
      </item>
    </relatedBills>
    <amendments />
    <committeeReports />
    <latestAction>
      <text>Submitted in the Senate, considered, and agreed to without amendment and with a preamble by Unanimous Consent. (consideration: CR S1606; text: CR S1603-1604)</text>
      <links />
      <actionDate>2019-02-28</actionDate>
    </latestAction>
    <version>1.0.0</version>
    <policyArea>
      <name>Health</name>
    </policyArea>
    <sponsors>
      <item>
        <middleName />
        <state>OH</state>
        <firstName>Sherrod</firstName>
        <byRequestType />
        <fullName>Sen. Brown, Sherrod [D-OH]</fullName>
        <lastName>Brown</lastName>
        <bioguideId>B000944</bioguideId>
        <identifiers>
          <bioguideId>B000944</bioguideId>
          <lisID>136</lisID>
          <gpoId>8309</gpoId>
        </identifiers>
        <party>D</party>
      </item>
    </sponsors>
    <laws />
    <actions>
      <actionTypeCounts>
        <introducedInSenate>1</introducedInSenate>
        <passedAgreedToInSenate>1</passedAgreedToInSenate>
        <passedOrAgreedToInSenateDayOf>1</passedOrAgreedToInSenateDayOf>
      </actionTypeCounts>
      <item>
        <actionDate>2019-02-28</actionDate>
        <committee />
        <links>
          <link>
            <url>https://www.congress.gov/congressional-record/volume-165/senate-section/page/S1603-1604</url>
            <name>S1603-1604</name>
          </link>
          <link>
            <url>https://www.congress.gov/congressional-record/volume-165/senate-section/page/S1606</url>
            <name>S1606</name>
          </link>
        </links>
        <sourceSystem>
          <code>0</code>
          <name>Senate</name>
        </sourceSystem>
        <text>Submitted in the Senate, considered, and agreed to without amendment and with a preamble by Unanimous Consent. (consideration: CR S1606; text: CR S1603-1604)</text>
        <type>Floor</type>
      </item>
      <item>
        <links>
          <link>
            <url>https://www.congress.gov/congressional-record/volume-165/senate-section/page/S1603-1604</url>
            <name>S1603-1604</name>
          </link>
          <link>
            <url>https://www.congress.gov/congressional-record/volume-165/senate-section/page/S1606</url>
            <name>S1606</name>
          </link>
        </links>
        <actionCode>17000</actionCode>
        <sourceSystem>
          <code>9</code>
          <name>Library of Congress</name>
        </sourceSystem>
        <text>Passed/agreed to in Senate: Submitted in the Senate, considered, and agreed to without amendment and with a preamble by Unanimous Consent.(consideration: CR S1606; text: CR S1603-1604)</text>
        <actionDate>2019-02-28</actionDate>
        <type>Floor</type>
        <committee />
      </item>
      <item>
        <links />
        <actionCode>10000</actionCode>
        <sourceSystem>
          <code>9</code>
          <name>Library of Congress</name>
        </sourceSystem>
        <text>Introduced in Senate</text>
        <actionDate>2019-02-28</actionDate>
        <type>IntroReferral</type>
        <committee />
      </item>
      <actionByCounts>
        <senate>3</senate>
      </actionByCounts>
    </actions>
    <billType>SRES</billType>
    <updateDate>2019-04-02T17:41:08Z</updateDate>
    <congress>116</congress>
    <calendarNumbers />
    <recordedVotes />
    <introducedDate>2019-02-28</introducedDate>
    <notes />
    <summaries>
      <billSummaries />
    </summaries>
    <cosponsors>
      <item>
        <fullName>Sen. Barrasso, John [R-WY]</fullName>
        <middleName />
        <sponsorshipWithdrawnDate />
        <lastName>Barrasso</lastName>
        <bioguideId>B001261</bioguideId>
        <firstName>John</firstName>
        <party>R</party>
        <identifiers>
          <lisID>1881</lisID>
          <bioguideId>B001261</bioguideId>
          <gpoId>8300</gpoId>
        </identifiers>
        <isOriginalCosponsor>True</isOriginalCosponsor>
        <state>WY</state>
        <sponsorshipDate>2019-02-28</sponsorshipDate>
      </item>
      <item>
        <fullName>Sen. Whitehouse, Sheldon [D-RI]</fullName>
        <middleName />
        <sponsorshipWithdrawnDate />
        <lastName>Whitehouse</lastName>
        <bioguideId>W000802</bioguideId>
        <firstName>Sheldon</firstName>
        <party>D</party>
        <identifiers>
          <gpoId>8264</gpoId>
          <lisID>1823</lisID>
          <bioguideId>W000802</bioguideId>
        </identifiers>
        <isOriginalCosponsor>True</isOriginalCosponsor>
        <state>RI</state>
        <sponsorshipDate>2019-02-28</sponsorshipDate>
      </item>
      <item>
        <fullName>Sen. Markey, Edward J. [D-MA]</fullName>
        <middleName>J.</middleName>
        <sponsorshipWithdrawnDate />
        <lastName>MARKEY</lastName>
        <bioguideId>M000133</bioguideId>
        <firstName>EDWARD</firstName>
        <party>D</party>
        <identifiers>
          <gpoId>7972</gpoId>
          <lisID>735</lisID>
          <bioguideId>M000133</bioguideId>
        </identifiers>
        <isOriginalCosponsor>True</isOriginalCosponsor>
        <state>MA</state>
        <sponsorshipDate>2019-02-28</sponsorshipDate>
      </item>
      <item>
        <fullName>Sen. Blumenthal, Richard [D-CT]</fullName>
        <middleName />
        <sponsorshipWithdrawnDate />
        <lastName>Blumenthal</lastName>
        <bioguideId>B001277</bioguideId>
        <firstName>Richard</firstName>
        <party>D</party>
        <identifiers>
          <lisID>2076</lisID>
          <bioguideId>B001277</bioguideId>
          <gpoId>8332</gpoId>
        </identifiers>
        <isOriginalCosponsor>True</isOriginalCosponsor>
        <state>CT</state>
        <sponsorshipDate>2019-02-28</sponsorshipDate>
      </item>
      <item>
        <fullName>Sen. Coons, Christopher A. [D-DE]</fullName>
        <middleName>A.</middleName>
        <sponsorshipWithdrawnDate />
        <lastName>Coons</lastName>
        <bioguideId>C001088</bioguideId>
        <firstName>Christopher</firstName>
        <party>D</party>
        <identifiers>
          <bioguideId>C001088</bioguideId>
          <lisID>1984</lisID>
          <gpoId>8297</gpoId>
        </identifiers>
        <isOriginalCosponsor>True</isOriginalCosponsor>
        <state>DE</state>
        <sponsorshipDate>2019-02-28</sponsorshipDate>
      </item>
      <item>
        <fullName>Sen. Stabenow, Debbie [D-MI]</fullName>
        <middleName>ANN</middleName>
        <sponsorshipWithdrawnDate />
        <lastName>STABENOW</lastName>
        <bioguideId>S000770</bioguideId>
        <firstName>DEBORAH</firstName>
        <party>D</party>
        <identifiers>
          <bioguideId>S000770</bioguideId>
          <gpoId>8261</gpoId>
          <lisID>1531</lisID>
        </identifiers>
        <isOriginalCosponsor>True</isOriginalCosponsor>
        <state>MI</state>
        <sponsorshipDate>2019-02-28</sponsorshipDate>
      </item>
      <item>
        <fullName>Sen. Booker, Cory A. [D-NJ]</fullName>
        <middleName>A.</middleName>
        <sponsorshipWithdrawnDate />
        <lastName>Booker</lastName>
        <bioguideId>B001288</bioguideId>
        <firstName>Cory</firstName>
        <party>D</party>
        <identifiers>
          <gpoId />
          <lisID>2194</lisID>
          <bioguideId>B001288</bioguideId>
        </identifiers>
        <isOriginalCosponsor>True</isOriginalCosponsor>
        <state>NJ</state>
        <sponsorshipDate>2019-02-28</sponsorshipDate>
      </item>
      <item>
        <fullName>Sen. Warren, Elizabeth [D-MA]</fullName>
        <middleName>A.</middleName>
        <sponsorshipWithdrawnDate />
        <lastName>Warren</lastName>
        <bioguideId>W000817</bioguideId>
        <firstName>Elizabeth</firstName>
        <party>D</party>
        <identifiers>
          <lisID>2182</lisID>
          <bioguideId>W000817</bioguideId>
          <gpoId />
        </identifiers>
        <isOriginalCosponsor>True</isOriginalCosponsor>
        <state>MA</state>
        <sponsorshipDate>2019-02-28</sponsorshipDate>
      </item>
    </cosponsors>
    <originChamber>Senate</originChamber>
    <textVersions>
      <item>
        <date>2019-02-28T05:00:00Z</date>
        <formats>
          <item>
            <url>https://www.govinfo.gov/content/pkg/BILLS-116sres90ats/xml/BILLS-116sres90ats.xml</url>
          </item>
        </formats>
        <type>Agreed to Senate</type>
      </item>
    </textVersions>
    <committees>
      <billCommittees />
    </committees>
    <createDate>2019-03-01T05:40:08Z</createDate>
    <billNumber>90</billNumber>
    <titles>
      <item>
        <parentTitleType />
        <title>A resolution designating February 28, 2019, as "Rare Disease Day".</title>
        <chamberName />
        <chamberCode />
        <titleType>Official Title as Introduced</titleType>
      </item>
      <item>
        <parentTitleType />
        <title>A resolution designating February 28, 2019, as "Rare Disease Day".</title>
        <chamberName />
        <chamberCode />
        <titleType>Display Title</titleType>
      </item>
    </titles>
    <cboCostEstimates />
    <subjects>
      <billSubjects>
        <legislativeSubjects>
          <item>
            <name>Commemorative events and holidays</name>
          </item>
          <item>
            <name>Health care coverage and access</name>
          </item>
          <item>
            <name>Health promotion and preventive care</name>
          </item>
          <item>
            <name>Hereditary and development disorders</name>
          </item>
          <item>
            <name>Medical research</name>
          </item>
          <item>
            <name>Medical tests and diagnostic methods</name>
          </item>
          <item>
            <name>World health</name>
          </item>
        </legislativeSubjects>
        <policyArea>
          <name>Health</name>
        </policyArea>
      </billSubjects>
    </subjects>
    <title>A resolution designating February 28, 2019, as "Rare Disease Day".</title>
  </bill>
  <dublinCore xmlns:dc="http://purl.org/dc/elements/1.1/">
    <dc:format>text/xml</dc:format>
    <dc:language>EN</dc:language>
    <dc:rights>Pursuant to Title 17 Section 105 of the United States Code, this file is not subject to copyright protection and is in the public domain.</dc:rights>
    <dc:contributor>Congressional Research Service, Library of Congress</dc:contributor>
    <dc:description>This file contains bill summaries and statuses for federal legislation. A bill summary describes the most significant provisions of a piece of legislation and details the effects the legislative text may have on current law and federal programs. Bill summaries are authored by the Congressional Research Service (CRS) of the Library of Congress. As stated in Public Law 91-510 (2 USC 166 (d)(6)), one of the duties of CRS is "to prepare summaries and digests of bills and resolutions of a public general nature introduced in the Senate or House of Representatives". For more information, refer to the User Guide that accompanies this file.</dc:description>
  </dublinCore>
</billStatus>

