<?xml version="1.0" encoding="UTF-8"?>
<billStatus>
  <bill>
    <billType>SRES</billType>
    <notes />
    <congress>116</congress>
    <introducedDate>2019-05-08</introducedDate>
    <cosponsors>
      <item>
        <sponsorshipDate>2019-05-08</sponsorshipDate>
        <bioguideId>W000779</bioguideId>
        <fullName>Sen. Wyden, Ron [D-OR]</fullName>
        <party>D</party>
        <state>OR</state>
        <middleName />
        <identifiers>
          <bioguideId>W000779</bioguideId>
          <lisID>1247</lisID>
          <gpoId>8265</gpoId>
        </identifiers>
        <isOriginalCosponsor>True</isOriginalCosponsor>
        <sponsorshipWithdrawnDate />
        <lastName>WYDEN</lastName>
        <firstName>RON</firstName>
      </item>
      <item>
        <sponsorshipDate>2019-05-08</sponsorshipDate>
        <bioguideId>M000133</bioguideId>
        <fullName>Sen. Markey, Edward J. [D-MA]</fullName>
        <party>D</party>
        <state>MA</state>
        <middleName>J.</middleName>
        <identifiers>
          <gpoId>7972</gpoId>
          <lisID>735</lisID>
          <bioguideId>M000133</bioguideId>
        </identifiers>
        <isOriginalCosponsor>True</isOriginalCosponsor>
        <sponsorshipWithdrawnDate />
        <lastName>MARKEY</lastName>
        <firstName>EDWARD</firstName>
      </item>
      <item>
        <sponsorshipDate>2019-05-08</sponsorshipDate>
        <bioguideId>T000476</bioguideId>
        <fullName>Sen. Tillis, Thom [R-NC]</fullName>
        <party>R</party>
        <state>NC</state>
        <middleName>Roland</middleName>
        <identifiers>
          <bioguideId>T000476</bioguideId>
          <lisID>2291</lisID>
          <gpoId />
        </identifiers>
        <isOriginalCosponsor>True</isOriginalCosponsor>
        <sponsorshipWithdrawnDate />
        <lastName>Tillis</lastName>
        <firstName>Thomas</firstName>
      </item>
      <item>
        <sponsorshipDate>2019-05-08</sponsorshipDate>
        <bioguideId>B001230</bioguideId>
        <fullName>Sen. Baldwin, Tammy [D-WI]</fullName>
        <party>D</party>
        <state>WI</state>
        <middleName />
        <identifiers>
          <bioguideId>B001230</bioguideId>
          <gpoId>8215</gpoId>
          <lisID>1558</lisID>
        </identifiers>
        <isOriginalCosponsor>True</isOriginalCosponsor>
        <sponsorshipWithdrawnDate />
        <lastName>Baldwin</lastName>
        <firstName>Tammy</firstName>
      </item>
      <item>
        <sponsorshipDate>2019-05-08</sponsorshipDate>
        <bioguideId>F000463</bioguideId>
        <fullName>Sen. Fischer, Deb [R-NE]</fullName>
        <party>R</party>
        <state>NE</state>
        <middleName />
        <identifiers>
          <bioguideId>F000463</bioguideId>
          <gpoId />
          <lisID>2179</lisID>
        </identifiers>
        <isOriginalCosponsor>True</isOriginalCosponsor>
        <sponsorshipWithdrawnDate />
        <lastName>Fischer</lastName>
        <firstName>Deb</firstName>
      </item>
      <item>
        <sponsorshipDate>2019-05-08</sponsorshipDate>
        <bioguideId>P000595</bioguideId>
        <fullName>Sen. Peters, Gary C. [D-MI]</fullName>
        <party>D</party>
        <state>MI</state>
        <middleName>C.</middleName>
        <identifiers>
          <lisID>1929</lisID>
          <gpoId>7994</gpoId>
          <bioguideId>P000595</bioguideId>
        </identifiers>
        <isOriginalCosponsor>True</isOriginalCosponsor>
        <sponsorshipWithdrawnDate />
        <lastName>Peters</lastName>
        <firstName>Gary</firstName>
      </item>
      <item>
        <sponsorshipDate>2019-05-08</sponsorshipDate>
        <bioguideId>B001236</bioguideId>
        <fullName>Sen. Boozman, John [R-AR]</fullName>
        <party>R</party>
        <state>AR</state>
        <middleName />
        <identifiers>
          <lisID>1687</lisID>
          <gpoId>8247</gpoId>
          <bioguideId>B001236</bioguideId>
        </identifiers>
        <isOriginalCosponsor>True</isOriginalCosponsor>
        <sponsorshipWithdrawnDate />
        <lastName>Boozman</lastName>
        <firstName>John</firstName>
      </item>
      <item>
        <sponsorshipDate>2019-05-08</sponsorshipDate>
        <bioguideId>C000174</bioguideId>
        <fullName>Sen. Carper, Thomas R. [D-DE]</fullName>
        <party>D</party>
        <state>DE</state>
        <middleName>R.</middleName>
        <identifiers>
          <bioguideId>C000174</bioguideId>
          <gpoId>8283</gpoId>
          <lisID>179</lisID>
        </identifiers>
        <isOriginalCosponsor>True</isOriginalCosponsor>
        <sponsorshipWithdrawnDate />
        <lastName>CARPER</lastName>
        <firstName>THOMAS</firstName>
      </item>
      <item>
        <sponsorshipDate>2019-05-08</sponsorshipDate>
        <bioguideId>E000295</bioguideId>
        <fullName>Sen. Ernst, Joni  [R-IA]</fullName>
        <party>R</party>
        <state>IA</state>
        <middleName />
        <identifiers>
          <bioguideId>E000295</bioguideId>
          <lisID>2283</lisID>
          <gpoId />
        </identifiers>
        <isOriginalCosponsor>True</isOriginalCosponsor>
        <sponsorshipWithdrawnDate />
        <lastName>Ernst</lastName>
        <firstName>Joni</firstName>
      </item>
      <item>
        <sponsorshipDate>2019-05-08</sponsorshipDate>
        <bioguideId>J000293</bioguideId>
        <fullName>Sen. Johnson, Ron [R-WI]</fullName>
        <party>R</party>
        <state>WI</state>
        <middleName />
        <identifiers>
          <lisID>2086</lisID>
          <gpoId>8355</gpoId>
          <bioguideId>J000293</bioguideId>
        </identifiers>
        <isOriginalCosponsor>True</isOriginalCosponsor>
        <sponsorshipWithdrawnDate />
        <lastName>Johnson</lastName>
        <firstName>Ron</firstName>
      </item>
      <item>
        <sponsorshipDate>2019-06-26</sponsorshipDate>
        <bioguideId>D000622</bioguideId>
        <fullName>Sen. Duckworth, Tammy [D-IL]</fullName>
        <party>D</party>
        <state>IL</state>
        <middleName />
        <identifiers>
          <gpoId />
          <lisID>2123</lisID>
          <bioguideId>D000622</bioguideId>
        </identifiers>
        <isOriginalCosponsor>False</isOriginalCosponsor>
        <sponsorshipWithdrawnDate />
        <lastName>Duckworth</lastName>
        <firstName>Tammy</firstName>
      </item>
      <item>
        <sponsorshipDate>2019-07-10</sponsorshipDate>
        <bioguideId>B001243</bioguideId>
        <fullName>Sen. Blackburn, Marsha [R-TN]</fullName>
        <party>R</party>
        <state>TN</state>
        <middleName />
        <identifiers>
          <bioguideId>B001243</bioguideId>
          <gpoId>8154</gpoId>
          <lisID>1748</lisID>
        </identifiers>
        <isOriginalCosponsor>False</isOriginalCosponsor>
        <sponsorshipWithdrawnDate />
        <lastName>Blackburn</lastName>
        <firstName>Marsha</firstName>
      </item>
      <item>
        <sponsorshipDate>2019-07-10</sponsorshipDate>
        <bioguideId>D000563</bioguideId>
        <fullName>Sen. Durbin, Richard J. [D-IL]</fullName>
        <party>D</party>
        <state>IL</state>
        <middleName>J.</middleName>
        <identifiers>
          <bioguideId>D000563</bioguideId>
          <lisID>326</lisID>
          <gpoId>8326</gpoId>
        </identifiers>
        <isOriginalCosponsor>False</isOriginalCosponsor>
        <sponsorshipWithdrawnDate />
        <lastName>DURBIN</lastName>
        <firstName>RICHARD</firstName>
      </item>
      <item>
        <sponsorshipDate>2019-07-11</sponsorshipDate>
        <bioguideId>C000141</bioguideId>
        <fullName>Sen. Cardin, Benjamin L. [D-MD]</fullName>
        <party>D</party>
        <state>MD</state>
        <middleName>L.</middleName>
        <identifiers>
          <bioguideId>C000141</bioguideId>
          <gpoId>8287</gpoId>
          <lisID>174</lisID>
        </identifiers>
        <isOriginalCosponsor>False</isOriginalCosponsor>
        <sponsorshipWithdrawnDate />
        <lastName>CARDIN</lastName>
        <firstName>BENJAMIN</firstName>
      </item>
      <item>
        <sponsorshipDate>2019-07-15</sponsorshipDate>
        <bioguideId>E000285</bioguideId>
        <fullName>Sen. Enzi, Michael B. [R-WY]</fullName>
        <party>R</party>
        <state>WY</state>
        <middleName>B.</middleName>
        <identifiers>
          <gpoId>8328</gpoId>
          <lisID>1542</lisID>
          <bioguideId>E000285</bioguideId>
        </identifiers>
        <isOriginalCosponsor>False</isOriginalCosponsor>
        <sponsorshipWithdrawnDate />
        <lastName>ENZI</lastName>
        <firstName>MICHAEL</firstName>
      </item>
      <item>
        <sponsorshipDate>2019-07-15</sponsorshipDate>
        <bioguideId>S001191</bioguideId>
        <fullName>Sen. Sinema, Kyrsten [D-AZ]</fullName>
        <party>D</party>
        <state>AZ</state>
        <middleName />
        <identifiers>
          <bioguideId>S001191</bioguideId>
          <gpoId />
          <lisID>2099</lisID>
        </identifiers>
        <isOriginalCosponsor>False</isOriginalCosponsor>
        <sponsorshipWithdrawnDate />
        <lastName>Sinema</lastName>
        <firstName>Kyrsten</firstName>
      </item>
      <item>
        <sponsorshipDate>2019-07-16</sponsorshipDate>
        <bioguideId>C001035</bioguideId>
        <fullName>Sen. Collins, Susan M. [R-ME]</fullName>
        <party>R</party>
        <state>ME</state>
        <middleName>MARGARET</middleName>
        <identifiers>
          <bioguideId>C001035</bioguideId>
          <gpoId>8291</gpoId>
          <lisID>1541</lisID>
        </identifiers>
        <isOriginalCosponsor>False</isOriginalCosponsor>
        <sponsorshipWithdrawnDate />
        <lastName>COLLINS</lastName>
        <firstName>SUSAN</firstName>
      </item>
      <item>
        <sponsorshipDate>2019-07-22</sponsorshipDate>
        <bioguideId>W000817</bioguideId>
        <fullName>Sen. Warren, Elizabeth [D-MA]</fullName>
        <party>D</party>
        <state>MA</state>
        <middleName>A.</middleName>
        <identifiers>
          <lisID>2182</lisID>
          <gpoId />
          <bioguideId>W000817</bioguideId>
        </identifiers>
        <isOriginalCosponsor>False</isOriginalCosponsor>
        <sponsorshipWithdrawnDate />
        <lastName>Warren</lastName>
        <firstName>Elizabeth</firstName>
      </item>
    </cosponsors>
    <committees>
      <billCommittees>
        <item>
          <type>Standing</type>
          <name>Judiciary Committee</name>
          <systemCode>ssju00</systemCode>
          <subcommittees />
          <activities>
            <item>
              <name>Discharged from</name>
              <date>2019-07-23T22:32:32Z</date>
            </item>
            <item>
              <name>Referred to</name>
              <date>2019-05-08T18:03:39Z</date>
            </item>
          </activities>
          <chamber>Senate</chamber>
        </item>
      </billCommittees>
    </committees>
    <actions>
      <item>
        <actionDate>2019-07-23</actionDate>
        <committee />
        <links />
        <sourceSystem>
          <code>0</code>
          <name>Senate</name>
        </sourceSystem>
        <text>Resolution agreed to in Senate without amendment and with a preamble by Unanimous Consent. (text: CR 5/8/2019 S2746-2747)</text>
        <type>Floor</type>
      </item>
      <item>
        <sourceSystem>
          <code>9</code>
          <name>Library of Congress</name>
        </sourceSystem>
        <actionDate>2019-07-23</actionDate>
        <type>Floor</type>
        <links />
        <committee />
        <text>Passed/agreed to in Senate: Resolution agreed to in Senate without amendment and with a preamble by Unanimous Consent.(text: CR 5/8/2019 S2746-2747)</text>
        <actionCode>17000</actionCode>
      </item>
      <item>
        <actionDate>2019-07-23</actionDate>
        <committee>
          <name>Judiciary Committee</name>
          <systemCode>ssju00</systemCode>
        </committee>
        <links />
        <sourceSystem>
          <name>Senate</name>
          <code>0</code>
        </sourceSystem>
        <text>Senate Committee on the Judiciary discharged by Unanimous Consent. (consideration: CR S5018-5019)</text>
        <type>Discharge</type>
      </item>
      <item>
        <sourceSystem>
          <name>Library of Congress</name>
          <code>9</code>
        </sourceSystem>
        <actionDate>2019-07-23</actionDate>
        <type>Committee</type>
        <links />
        <committee>
          <name>Judiciary Committee</name>
          <systemCode>ssju00</systemCode>
        </committee>
        <text>Senate Committee on the Judiciary discharged by Unanimous Consent.(consideration: CR S5018-5019)</text>
        <actionCode>14500</actionCode>
      </item>
      <item>
        <actionDate>2019-05-08</actionDate>
        <committee>
          <name>Judiciary Committee</name>
          <systemCode>ssju00</systemCode>
        </committee>
        <links />
        <sourceSystem>
          <name>Senate</name>
          <code>0</code>
        </sourceSystem>
        <text>Referred to the Committee on the Judiciary.</text>
        <type>IntroReferral</type>
      </item>
      <item>
        <sourceSystem>
          <code>9</code>
          <name>Library of Congress</name>
        </sourceSystem>
        <actionDate>2019-05-08</actionDate>
        <type>IntroReferral</type>
        <links />
        <committee />
        <text>Introduced in Senate</text>
        <actionCode>10000</actionCode>
      </item>
      <actionByCounts>
        <senate>6</senate>
      </actionByCounts>
      <actionTypeCounts>
        <agreedToInSenate>1</agreedToInSenate>
        <passedAgreedToInSenate>1</passedAgreedToInSenate>
        <senateCommitteeDischarged>1</senateCommitteeDischarged>
        <committeeDischarged>1</committeeDischarged>
        <referredToCommittee>1</referredToCommittee>
        <introducedInSenate>1</introducedInSenate>
      </actionTypeCounts>
    </actions>
    <originChamber>Senate</originChamber>
    <summaries>
      <billSummaries>
        <item>
          <lastSummaryUpdateDate>2019-05-14T13:23:10Z</lastSummaryUpdateDate>
          <name>Introduced in Senate</name>
          <actionDate>2019-05-08</actionDate>
          <versionCode>00</versionCode>
          <text><![CDATA[<p>This resolution designates July 30, 2019, as National Whistleblower Appreciation Day.</p> <ul> </ul>]]></text>
          <updateDate>2019-05-08T04:00:00Z</updateDate>
          <actionDesc>Introduced in Senate</actionDesc>
        </item>
        <item>
          <lastSummaryUpdateDate>2019-09-30T19:44:56Z</lastSummaryUpdateDate>
          <name>Passed Senate</name>
          <actionDate>2019-07-23</actionDate>
          <versionCode>55</versionCode>
          <text><![CDATA[<p>This resolution designates July 30, 2019, as National Whistleblower Appreciation Day.</p> <ul> </ul>]]></text>
          <updateDate>2019-07-23T13:18:28Z</updateDate>
          <actionDesc>Passed Senate</actionDesc>
        </item>
      </billSummaries>
    </summaries>
    <committeeReports />
    <laws />
    <billNumber>194</billNumber>
    <policyArea>
      <name>Government Operations and Politics</name>
    </policyArea>
    <sponsors>
      <item>
        <state>IA</state>
        <bioguideId>G000386</bioguideId>
        <lastName>GRASSLEY</lastName>
        <firstName>CHARLES</firstName>
        <middleName>ERNEST</middleName>
        <fullName>Sen. Grassley, Chuck [R-IA]</fullName>
        <party>R</party>
        <byRequestType />
        <identifiers>
          <gpoId>8316</gpoId>
          <lisID>457</lisID>
          <bioguideId>G000386</bioguideId>
        </identifiers>
      </item>
    </sponsors>
    <title>A resolution designating July 30, 2019, as "National Whistleblower Appreciation Day".</title>
    <version>1.0.0</version>
    <textVersions>
      <item>
        <type>Agreed to Senate</type>
        <date>2019-07-23T04:00:00Z</date>
        <formats>
          <item>
            <url>https://www.govinfo.gov/content/pkg/BILLS-116sres194ats/xml/BILLS-116sres194ats.xml</url>
          </item>
        </formats>
      </item>
      <item>
        <type>Introduced in Senate</type>
        <date>2019-05-08T04:00:00Z</date>
        <formats>
          <item>
            <url>https://www.govinfo.gov/content/pkg/BILLS-116sres194is/xml/BILLS-116sres194is.xml</url>
          </item>
        </formats>
      </item>
    </textVersions>
    <recordedVotes />
    <subjects>
      <billSubjects>
        <legislativeSubjects>
          <item>
            <name>Commemorative events and holidays</name>
          </item>
          <item>
            <name>Employment discrimination and employee rights</name>
          </item>
          <item>
            <name>Fraud offenses and financial crimes</name>
          </item>
          <item>
            <name>Government employee pay, benefits, personnel management</name>
          </item>
          <item>
            <name>Government ethics and transparency, public corruption</name>
          </item>
        </legislativeSubjects>
        <policyArea>
          <name>Government Operations and Politics</name>
        </policyArea>
      </billSubjects>
    </subjects>
    <updateDate>2019-10-03T04:30:52Z</updateDate>
    <calendarNumbers />
    <titles>
      <item>
        <title>A resolution designating July 30, 2019, as "National Whistleblower Appreciation Day".</title>
        <parentTitleType />
        <chamberCode />
        <titleType>Official Title as Introduced</titleType>
        <chamberName />
      </item>
      <item>
        <title>A resolution designating July 30, 2019, as "National Whistleblower Appreciation Day".</title>
        <parentTitleType />
        <chamberCode />
        <titleType>Display Title</titleType>
        <chamberName />
      </item>
    </titles>
    <latestAction>
      <actionDate>2019-07-23</actionDate>
      <text>Resolution agreed to in Senate without amendment and with a preamble by Unanimous Consent. (text: CR 5/8/2019 S2746-2747)</text>
      <links />
    </latestAction>
    <cboCostEstimates />
    <relatedBills>
      <item>
        <number>240</number>
        <congress>116</congress>
        <relationshipDetails>
          <item>
            <identifiedBy>CRS</identifiedBy>
            <type>Related bill</type>
          </item>
        </relationshipDetails>
        <latestAction>
          <actionDate>2019-03-14</actionDate>
          <text>Referred to the House Committee on Oversight and Reform.</text>
        </latestAction>
        <type>HRES</type>
        <latestTitle>Expressing support for the designation of July 30, 2019, as "National Whistleblower Appreciation Day".</latestTitle>
      </item>
    </relatedBills>
    <amendments />
    <createDate>2019-05-09T04:42:08Z</createDate>
  </bill>
  <dublinCore xmlns:dc="http://purl.org/dc/elements/1.1/">
    <dc:format>text/xml</dc:format>
    <dc:language>EN</dc:language>
    <dc:rights>Pursuant to Title 17 Section 105 of the United States Code, this file is not subject to copyright protection and is in the public domain.</dc:rights>
    <dc:contributor>Congressional Research Service, Library of Congress</dc:contributor>
    <dc:description>This file contains bill summaries and statuses for federal legislation. A bill summary describes the most significant provisions of a piece of legislation and details the effects the legislative text may have on current law and federal programs. Bill summaries are authored by the Congressional Research Service (CRS) of the Library of Congress. As stated in Public Law 91-510 (2 USC 166 (d)(6)), one of the duties of CRS is "to prepare summaries and digests of bills and resolutions of a public general nature introduced in the Senate or House of Representatives". For more information, refer to the User Guide that accompanies this file.</dc:description>
  </dublinCore>
</billStatus>

