<?xml version="1.0" encoding="UTF-8"?>
<billStatus>
  <bill>
    <textVersions>
      <item>
        <type>Agreed to Senate</type>
        <date>2019-01-10T05:00:00Z</date>
        <formats>
          <item>
            <url>https://www.govinfo.gov/content/pkg/BILLS-116sres15ats/xml/BILLS-116sres15ats.xml</url>
          </item>
        </formats>
      </item>
    </textVersions>
    <title>A resolution commending the Clemson University Tigers football team for winning the 2019 College Football Playoff National Championship.</title>
    <subjects>
      <billSubjects>
        <policyArea>
          <name>Sports and Recreation</name>
        </policyArea>
        <legislativeSubjects>
          <item>
            <name>Athletes</name>
          </item>
          <item>
            <name>Congressional tributes</name>
          </item>
          <item>
            <name>Higher education</name>
          </item>
          <item>
            <name>School athletics</name>
          </item>
          <item>
            <name>South Carolina</name>
          </item>
        </legislativeSubjects>
      </billSubjects>
    </subjects>
    <summaries>
      <billSummaries>
        <item>
          <text><![CDATA[<p>This resolution commends the Clemson University Tigers for winning the 2019 College Football Playoff National Championship.</p>]]></text>
          <name>Introduced in Senate</name>
          <actionDesc>Introduced in Senate</actionDesc>
          <versionCode>00</versionCode>
          <lastSummaryUpdateDate>2019-01-25T15:38:39Z</lastSummaryUpdateDate>
          <updateDate>2019-01-10T05:00:00Z</updateDate>
          <actionDate>2019-01-10</actionDate>
        </item>
        <item>
          <text><![CDATA[<p>This resolution commends the Clemson University Tigers for winning the 2019 College Football Playoff National Championship.</p>]]></text>
          <name>Passed Senate</name>
          <actionDesc>Passed Senate</actionDesc>
          <versionCode>55</versionCode>
          <lastSummaryUpdateDate>2019-01-31T18:02:11Z</lastSummaryUpdateDate>
          <updateDate>2019-01-10T13:00:24Z</updateDate>
          <actionDate>2019-01-10</actionDate>
        </item>
      </billSummaries>
    </summaries>
    <sponsors>
      <item>
        <middleName>O.</middleName>
        <party>R</party>
        <identifiers>
          <bioguideId>G000359</bioguideId>
          <lisID>452</lisID>
          <gpoId>8335</gpoId>
        </identifiers>
        <byRequestType />
        <fullName>Sen. Graham, Lindsey [R-SC]</fullName>
        <lastName>GRAHAM</lastName>
        <state>SC</state>
        <bioguideId>G000359</bioguideId>
        <firstName>LINDSEY</firstName>
      </item>
    </sponsors>
    <billType>SRES</billType>
    <cosponsors>
      <item>
        <middleName />
        <party>R</party>
        <identifiers>
          <bioguideId>S001184</bioguideId>
          <gpoId>8141</gpoId>
          <lisID>2056</lisID>
        </identifiers>
        <state>SC</state>
        <sponsorshipWithdrawnDate />
        <lastName>Scott</lastName>
        <sponsorshipDate>2019-01-10</sponsorshipDate>
        <fullName>Sen. Scott, Tim [R-SC]</fullName>
        <bioguideId>S001184</bioguideId>
        <isOriginalCosponsor>True</isOriginalCosponsor>
        <firstName>Tim</firstName>
      </item>
    </cosponsors>
    <createDate>2019-01-11T05:40:16Z</createDate>
    <calendarNumbers />
    <introducedDate>2019-01-10</introducedDate>
    <version>1.0.0</version>
    <congress>116</congress>
    <relatedBills />
    <notes />
    <titles>
      <item>
        <parentTitleType />
        <title>A resolution commending the Clemson University Tigers football team for winning the 2019 College Football Playoff National Championship.</title>
        <chamberName />
        <chamberCode />
        <titleType>Official Title as Introduced</titleType>
      </item>
      <item>
        <parentTitleType />
        <title>A resolution commending the Clemson University Tigers football team for winning the 2019 College Football Playoff National Championship.</title>
        <chamberName />
        <chamberCode />
        <titleType>Display Title</titleType>
      </item>
    </titles>
    <updateDate>2019-04-02T17:41:08Z</updateDate>
    <committeeReports />
    <latestAction>
      <links />
      <text>Submitted in the Senate, considered, and agreed to without amendment and with a preamble by Unanimous Consent. (consideration: CR S146; text: CR S145)</text>
      <actionDate>2019-01-10</actionDate>
    </latestAction>
    <actions>
      <actionTypeCounts>
        <introducedInSenate>1</introducedInSenate>
        <passedAgreedToInSenate>1</passedAgreedToInSenate>
        <passedOrAgreedToInSenateDayOf>1</passedOrAgreedToInSenateDayOf>
      </actionTypeCounts>
      <item>
        <actionDate>2019-01-10</actionDate>
        <committee />
        <links>
          <link>
            <url>https://www.congress.gov/congressional-record/volume-165/senate-section/page/S145</url>
            <name>S145</name>
          </link>
          <link>
            <url>https://www.congress.gov/congressional-record/volume-165/senate-section/page/S146</url>
            <name>S146</name>
          </link>
        </links>
        <sourceSystem>
          <code>0</code>
          <name>Senate</name>
        </sourceSystem>
        <text>Submitted in the Senate, considered, and agreed to without amendment and with a preamble by Unanimous Consent. (consideration: CR S146; text: CR S145)</text>
        <type>Floor</type>
      </item>
      <item>
        <links>
          <link>
            <url>https://www.congress.gov/congressional-record/volume-165/senate-section/page/S145</url>
            <name>S145</name>
          </link>
          <link>
            <url>https://www.congress.gov/congressional-record/volume-165/senate-section/page/S146</url>
            <name>S146</name>
          </link>
        </links>
        <actionCode>17000</actionCode>
        <sourceSystem>
          <code>9</code>
          <name>Library of Congress</name>
        </sourceSystem>
        <text>Passed/agreed to in Senate: Submitted in the Senate, considered, and agreed to without amendment and with a preamble by Unanimous Consent.(consideration: CR S146; text: CR S145)</text>
        <actionDate>2019-01-10</actionDate>
        <type>Floor</type>
        <committee />
      </item>
      <item>
        <links />
        <actionCode>10000</actionCode>
        <sourceSystem>
          <code>9</code>
          <name>Library of Congress</name>
        </sourceSystem>
        <text>Introduced in Senate</text>
        <actionDate>2019-01-10</actionDate>
        <type>IntroReferral</type>
        <committee />
      </item>
      <actionByCounts>
        <senate>3</senate>
      </actionByCounts>
    </actions>
    <laws />
    <cboCostEstimates />
    <committees>
      <billCommittees />
    </committees>
    <policyArea>
      <name>Sports and Recreation</name>
    </policyArea>
    <amendments />
    <originChamber>Senate</originChamber>
    <billNumber>15</billNumber>
    <recordedVotes />
  </bill>
  <dublinCore xmlns:dc="http://purl.org/dc/elements/1.1/">
    <dc:format>text/xml</dc:format>
    <dc:language>EN</dc:language>
    <dc:rights>Pursuant to Title 17 Section 105 of the United States Code, this file is not subject to copyright protection and is in the public domain.</dc:rights>
    <dc:contributor>Congressional Research Service, Library of Congress</dc:contributor>
    <dc:description>This file contains bill summaries and statuses for federal legislation. A bill summary describes the most significant provisions of a piece of legislation and details the effects the legislative text may have on current law and federal programs. Bill summaries are authored by the Congressional Research Service (CRS) of the Library of Congress. As stated in Public Law 91-510 (2 USC 166 (d)(6)), one of the duties of CRS is "to prepare summaries and digests of bills and resolutions of a public general nature introduced in the Senate or House of Representatives". For more information, refer to the User Guide that accompanies this file.</dc:description>
  </dublinCore>
</billStatus>

