<?xml version="1.0" encoding="UTF-8"?>
<billStatus>
  <bill>
    <subjects>
      <billSubjects>
        <legislativeSubjects>
          <item>
            <name>Congressional tributes</name>
          </item>
          <item>
            <name>Latin America</name>
          </item>
          <item>
            <name>Women's rights</name>
          </item>
        </legislativeSubjects>
        <policyArea>
          <name>Arts, Culture, Religion</name>
        </policyArea>
      </billSubjects>
    </subjects>
    <committeeReports />
    <title>A resolution recognizing the heritage, culture, and contributions of Latinas in the United States.</title>
    <introducedDate>2019-03-14</introducedDate>
    <billNumber>111</billNumber>
    <amendments />
    <committees>
      <billCommittees>
        <item>
          <activities>
            <item>
              <name>Referred to</name>
              <date>2019-03-14T15:54:35Z</date>
            </item>
          </activities>
          <type>Standing</type>
          <chamber>Senate</chamber>
          <systemCode>ssju00</systemCode>
          <name>Judiciary Committee</name>
          <subcommittees />
        </item>
      </billCommittees>
    </committees>
    <billType>SRES</billType>
    <summaries>
      <billSummaries>
        <item>
          <versionCode>00</versionCode>
          <text><![CDATA[<p>This resolution celebrates the successes and contributions of Latinas in the United States and recognizes the changes still to be made to ensure that Latinas can realize their full potential as equal members of society.</p>]]></text>
          <actionDesc>Introduced in Senate</actionDesc>
          <updateDate>2019-03-14T04:00:00Z</updateDate>
          <actionDate>2019-03-14</actionDate>
          <lastSummaryUpdateDate>2019-06-05T15:33:38Z</lastSummaryUpdateDate>
          <name>Introduced in Senate</name>
        </item>
      </billSummaries>
    </summaries>
    <policyArea>
      <name>Arts, Culture, Religion</name>
    </policyArea>
    <titles>
      <item>
        <title>A resolution recognizing the heritage, culture, and contributions of Latinas in the United States.</title>
        <titleType>Official Title as Introduced</titleType>
        <parentTitleType />
        <chamberCode />
        <chamberName />
      </item>
      <item>
        <title>A resolution recognizing the heritage, culture, and contributions of Latinas in the United States.</title>
        <titleType>Display Title</titleType>
        <parentTitleType />
        <chamberCode />
        <chamberName />
      </item>
    </titles>
    <version>1.0.0</version>
    <textVersions>
      <item>
        <date>2019-03-14T04:00:00Z</date>
        <type>Introduced in Senate</type>
        <formats>
          <item>
            <url>https://www.govinfo.gov/content/pkg/BILLS-116sres111is/xml/BILLS-116sres111is.xml</url>
          </item>
        </formats>
      </item>
    </textVersions>
    <congress>116</congress>
    <originChamber>Senate</originChamber>
    <relatedBills>
      <item>
        <congress>116</congress>
        <number>234</number>
        <latestTitle>Recognizing the heritage, culture, and contributions of Latinas in the United States.</latestTitle>
        <relationshipDetails>
          <item>
            <identifiedBy>CRS</identifiedBy>
            <type>Identical bill</type>
          </item>
        </relationshipDetails>
        <type>HRES</type>
        <latestAction>
          <actionDate>2019-03-14</actionDate>
          <text>Referred to the House Committee on Oversight and Reform.</text>
        </latestAction>
      </item>
    </relatedBills>
    <calendarNumbers />
    <recordedVotes />
    <createDate>2019-03-15T04:42:06Z</createDate>
    <updateDate>2019-06-08T09:20:32Z</updateDate>
    <latestAction>
      <actionDate>2019-03-14</actionDate>
      <text>Referred to the Committee on the Judiciary. (text: CR S1906-1907)</text>
      <links />
    </latestAction>
    <sponsors>
      <item>
        <fullName>Sen. Cortez Masto, Catherine  [D-NV]</fullName>
        <state>NV</state>
        <firstName>Catherine</firstName>
        <party>D</party>
        <byRequestType />
        <lastName>Cortez Masto</lastName>
        <bioguideId>C001113</bioguideId>
        <middleName />
        <identifiers>
          <lisID>2299</lisID>
          <gpoId />
          <bioguideId>C001113</bioguideId>
        </identifiers>
      </item>
    </sponsors>
    <cboCostEstimates />
    <notes />
    <cosponsors>
      <item>
        <state>NJ</state>
        <fullName>Sen. Menendez, Robert [D-NJ]</fullName>
        <party>D</party>
        <bioguideId>M000639</bioguideId>
        <sponsorshipWithdrawnDate />
        <isOriginalCosponsor>True</isOriginalCosponsor>
        <firstName>Robert</firstName>
        <middleName />
        <sponsorshipDate>2019-03-14</sponsorshipDate>
        <lastName>Menendez</lastName>
        <identifiers>
          <bioguideId>M000639</bioguideId>
          <lisID>791</lisID>
          <gpoId>8239</gpoId>
        </identifiers>
      </item>
      <item>
        <state>CT</state>
        <fullName>Sen. Blumenthal, Richard [D-CT]</fullName>
        <party>D</party>
        <bioguideId>B001277</bioguideId>
        <sponsorshipWithdrawnDate />
        <isOriginalCosponsor>True</isOriginalCosponsor>
        <firstName>Richard</firstName>
        <middleName />
        <sponsorshipDate>2019-03-14</sponsorshipDate>
        <lastName>Blumenthal</lastName>
        <identifiers>
          <lisID>2076</lisID>
          <gpoId>8332</gpoId>
          <bioguideId>B001277</bioguideId>
        </identifiers>
      </item>
      <item>
        <state>CA</state>
        <fullName>Sen. Harris, Kamala D. [D-CA]</fullName>
        <party>D</party>
        <bioguideId>H001075</bioguideId>
        <sponsorshipWithdrawnDate />
        <isOriginalCosponsor>True</isOriginalCosponsor>
        <firstName>Kamala</firstName>
        <middleName>D.</middleName>
        <sponsorshipDate>2019-03-14</sponsorshipDate>
        <lastName>Harris</lastName>
        <identifiers>
          <gpoId />
          <bioguideId>H001075</bioguideId>
          <lisID>2301</lisID>
        </identifiers>
      </item>
      <item>
        <state>MA</state>
        <fullName>Sen. Warren, Elizabeth [D-MA]</fullName>
        <party>D</party>
        <bioguideId>W000817</bioguideId>
        <sponsorshipWithdrawnDate />
        <isOriginalCosponsor>True</isOriginalCosponsor>
        <firstName>Elizabeth</firstName>
        <middleName>A.</middleName>
        <sponsorshipDate>2019-03-14</sponsorshipDate>
        <lastName>Warren</lastName>
        <identifiers>
          <bioguideId>W000817</bioguideId>
          <gpoId />
          <lisID>2182</lisID>
        </identifiers>
      </item>
      <item>
        <state>MA</state>
        <fullName>Sen. Markey, Edward J. [D-MA]</fullName>
        <party>D</party>
        <bioguideId>M000133</bioguideId>
        <sponsorshipWithdrawnDate />
        <isOriginalCosponsor>True</isOriginalCosponsor>
        <firstName>EDWARD</firstName>
        <middleName>J.</middleName>
        <sponsorshipDate>2019-03-14</sponsorshipDate>
        <lastName>MARKEY</lastName>
        <identifiers>
          <lisID>735</lisID>
          <bioguideId>M000133</bioguideId>
          <gpoId>7972</gpoId>
        </identifiers>
      </item>
      <item>
        <state>NM</state>
        <fullName>Sen. Heinrich, Martin [D-NM]</fullName>
        <party>D</party>
        <bioguideId>H001046</bioguideId>
        <sponsorshipWithdrawnDate />
        <isOriginalCosponsor>True</isOriginalCosponsor>
        <firstName>Martin</firstName>
        <middleName />
        <sponsorshipDate>2019-03-14</sponsorshipDate>
        <lastName>Heinrich</lastName>
        <identifiers>
          <gpoId>8056</gpoId>
          <bioguideId>H001046</bioguideId>
          <lisID>1937</lisID>
        </identifiers>
      </item>
      <item>
        <state>NM</state>
        <fullName>Sen. Udall, Tom [D-NM]</fullName>
        <party>D</party>
        <bioguideId>U000039</bioguideId>
        <sponsorshipWithdrawnDate />
        <isOriginalCosponsor>True</isOriginalCosponsor>
        <firstName>TOM</firstName>
        <middleName />
        <sponsorshipDate>2019-03-14</sponsorshipDate>
        <lastName>UDALL</lastName>
        <identifiers>
          <lisID>1567</lisID>
          <gpoId>8260</gpoId>
          <bioguideId>U000039</bioguideId>
        </identifiers>
      </item>
      <item>
        <state>MN</state>
        <fullName>Sen. Klobuchar, Amy [D-MN]</fullName>
        <party>D</party>
        <bioguideId>K000367</bioguideId>
        <sponsorshipWithdrawnDate />
        <isOriginalCosponsor>True</isOriginalCosponsor>
        <firstName>Amy</firstName>
        <middleName />
        <sponsorshipDate>2019-03-14</sponsorshipDate>
        <lastName>Klobuchar</lastName>
        <identifiers>
          <lisID>1826</lisID>
          <gpoId>8249</gpoId>
          <bioguideId>K000367</bioguideId>
        </identifiers>
      </item>
      <item>
        <state>MN</state>
        <fullName>Sen. Smith, Tina  [D-MN]</fullName>
        <party>D</party>
        <bioguideId>S001203</bioguideId>
        <sponsorshipWithdrawnDate />
        <isOriginalCosponsor>True</isOriginalCosponsor>
        <firstName>Tina</firstName>
        <middleName />
        <sponsorshipDate>2019-03-14</sponsorshipDate>
        <lastName>Smith</lastName>
        <identifiers>
          <lisID>2365</lisID>
          <gpoId />
          <bioguideId>S001203</bioguideId>
        </identifiers>
      </item>
      <item>
        <state>CO</state>
        <fullName>Sen. Bennet, Michael F. [D-CO]</fullName>
        <party>D</party>
        <bioguideId>B001267</bioguideId>
        <sponsorshipWithdrawnDate />
        <isOriginalCosponsor>True</isOriginalCosponsor>
        <firstName>Michael</firstName>
        <middleName>F.</middleName>
        <sponsorshipDate>2019-03-14</sponsorshipDate>
        <lastName>Bennet</lastName>
        <identifiers>
          <bioguideId>B001267</bioguideId>
          <lisID>1965</lisID>
          <gpoId>8302</gpoId>
        </identifiers>
      </item>
      <item>
        <state>NV</state>
        <fullName>Sen. Rosen, Jacky [D-NV]</fullName>
        <party>D</party>
        <bioguideId>R000608</bioguideId>
        <sponsorshipWithdrawnDate />
        <isOriginalCosponsor>True</isOriginalCosponsor>
        <firstName>Jacklyn</firstName>
        <middleName />
        <sponsorshipDate>2019-03-14</sponsorshipDate>
        <lastName>Rosen</lastName>
        <identifiers>
          <lisID>2339</lisID>
          <bioguideId>R000608</bioguideId>
          <gpoId />
        </identifiers>
      </item>
      <item>
        <state>WA</state>
        <fullName>Sen. Cantwell, Maria [D-WA]</fullName>
        <party>D</party>
        <bioguideId>C000127</bioguideId>
        <sponsorshipWithdrawnDate />
        <isOriginalCosponsor>True</isOriginalCosponsor>
        <firstName>MARIA</firstName>
        <middleName />
        <sponsorshipDate>2019-03-14</sponsorshipDate>
        <lastName>CANTWELL</lastName>
        <identifiers>
          <gpoId>8288</gpoId>
          <lisID>172</lisID>
          <bioguideId>C000127</bioguideId>
        </identifiers>
      </item>
      <item>
        <state>VT</state>
        <fullName>Sen. Sanders, Bernard [I-VT]</fullName>
        <party>I</party>
        <bioguideId>S000033</bioguideId>
        <sponsorshipWithdrawnDate />
        <isOriginalCosponsor>True</isOriginalCosponsor>
        <firstName>Bernard</firstName>
        <middleName />
        <sponsorshipDate>2019-03-14</sponsorshipDate>
        <lastName>Sanders</lastName>
        <identifiers>
          <lisID>1010</lisID>
          <gpoId>8270</gpoId>
          <bioguideId>S000033</bioguideId>
        </identifiers>
      </item>
      <item>
        <state>OH</state>
        <fullName>Sen. Brown, Sherrod [D-OH]</fullName>
        <party>D</party>
        <bioguideId>B000944</bioguideId>
        <sponsorshipWithdrawnDate />
        <isOriginalCosponsor>True</isOriginalCosponsor>
        <firstName>Sherrod</firstName>
        <middleName />
        <sponsorshipDate>2019-03-14</sponsorshipDate>
        <lastName>Brown</lastName>
        <identifiers>
          <gpoId>8309</gpoId>
          <bioguideId>B000944</bioguideId>
          <lisID>136</lisID>
        </identifiers>
      </item>
      <item>
        <state>DE</state>
        <fullName>Sen. Coons, Christopher A. [D-DE]</fullName>
        <party>D</party>
        <bioguideId>C001088</bioguideId>
        <sponsorshipWithdrawnDate />
        <isOriginalCosponsor>True</isOriginalCosponsor>
        <firstName>Christopher</firstName>
        <middleName>A.</middleName>
        <sponsorshipDate>2019-03-14</sponsorshipDate>
        <lastName>Coons</lastName>
        <identifiers>
          <lisID>1984</lisID>
          <gpoId>8297</gpoId>
          <bioguideId>C001088</bioguideId>
        </identifiers>
      </item>
      <item>
        <state>RI</state>
        <fullName>Sen. Reed, Jack [D-RI]</fullName>
        <party>D</party>
        <bioguideId>R000122</bioguideId>
        <sponsorshipWithdrawnDate />
        <isOriginalCosponsor>True</isOriginalCosponsor>
        <firstName>JOHN</firstName>
        <middleName>F.</middleName>
        <sponsorshipDate>2019-03-14</sponsorshipDate>
        <lastName>REED</lastName>
        <identifiers>
          <lisID>949</lisID>
          <bioguideId>R000122</bioguideId>
          <gpoId>8272</gpoId>
        </identifiers>
      </item>
      <item>
        <state>NJ</state>
        <fullName>Sen. Booker, Cory A. [D-NJ]</fullName>
        <party>D</party>
        <bioguideId>B001288</bioguideId>
        <sponsorshipWithdrawnDate />
        <isOriginalCosponsor>True</isOriginalCosponsor>
        <firstName>Cory</firstName>
        <middleName>A.</middleName>
        <sponsorshipDate>2019-03-14</sponsorshipDate>
        <lastName>Booker</lastName>
        <identifiers>
          <bioguideId>B001288</bioguideId>
          <lisID>2194</lisID>
          <gpoId />
        </identifiers>
      </item>
      <item>
        <state>CA</state>
        <fullName>Sen. Feinstein, Dianne [D-CA]</fullName>
        <party>D</party>
        <bioguideId>F000062</bioguideId>
        <sponsorshipWithdrawnDate />
        <isOriginalCosponsor>True</isOriginalCosponsor>
        <firstName>DIANNE</firstName>
        <middleName />
        <sponsorshipDate>2019-03-14</sponsorshipDate>
        <lastName>FEINSTEIN</lastName>
        <identifiers>
          <lisID>1332</lisID>
          <gpoId>8338</gpoId>
          <bioguideId>F000062</bioguideId>
        </identifiers>
      </item>
      <item>
        <state>MD</state>
        <fullName>Sen. Van Hollen, Chris [D-MD]</fullName>
        <party>D</party>
        <bioguideId>V000128</bioguideId>
        <sponsorshipWithdrawnDate />
        <isOriginalCosponsor>True</isOriginalCosponsor>
        <firstName>Chris</firstName>
        <middleName />
        <sponsorshipDate>2019-03-14</sponsorshipDate>
        <lastName>Van Hollen</lastName>
        <identifiers>
          <lisID>1729</lisID>
          <gpoId>7983</gpoId>
          <bioguideId>V000128</bioguideId>
        </identifiers>
      </item>
      <item>
        <state>CT</state>
        <fullName>Sen. Murphy, Christopher [D-CT]</fullName>
        <party>D</party>
        <bioguideId>M001169</bioguideId>
        <sponsorshipWithdrawnDate />
        <isOriginalCosponsor>True</isOriginalCosponsor>
        <firstName>Christopher</firstName>
        <middleName />
        <sponsorshipDate>2019-03-14</sponsorshipDate>
        <lastName>Murphy</lastName>
        <identifiers>
          <lisID>1837</lisID>
          <gpoId>7870</gpoId>
          <bioguideId>M001169</bioguideId>
        </identifiers>
      </item>
      <item>
        <state>MD</state>
        <fullName>Sen. Cardin, Benjamin L. [D-MD]</fullName>
        <party>D</party>
        <bioguideId>C000141</bioguideId>
        <sponsorshipWithdrawnDate />
        <isOriginalCosponsor>True</isOriginalCosponsor>
        <firstName>BENJAMIN</firstName>
        <middleName>L.</middleName>
        <sponsorshipDate>2019-03-14</sponsorshipDate>
        <lastName>CARDIN</lastName>
        <identifiers>
          <lisID>174</lisID>
          <gpoId>8287</gpoId>
          <bioguideId>C000141</bioguideId>
        </identifiers>
      </item>
      <item>
        <state>HI</state>
        <fullName>Sen. Hirono, Mazie K. [D-HI]</fullName>
        <party>D</party>
        <bioguideId>H001042</bioguideId>
        <sponsorshipWithdrawnDate />
        <isOriginalCosponsor>True</isOriginalCosponsor>
        <firstName>Mazie</firstName>
        <middleName>K.</middleName>
        <sponsorshipDate>2019-03-14</sponsorshipDate>
        <lastName>Hirono</lastName>
        <identifiers>
          <lisID>1844</lisID>
          <bioguideId>H001042</bioguideId>
          <gpoId>7913</gpoId>
        </identifiers>
      </item>
      <item>
        <state>IL</state>
        <fullName>Sen. Duckworth, Tammy [D-IL]</fullName>
        <party>D</party>
        <bioguideId>D000622</bioguideId>
        <sponsorshipWithdrawnDate />
        <isOriginalCosponsor>True</isOriginalCosponsor>
        <firstName>Tammy</firstName>
        <middleName />
        <sponsorshipDate>2019-03-14</sponsorshipDate>
        <lastName>Duckworth</lastName>
        <identifiers>
          <lisID>2123</lisID>
          <gpoId />
          <bioguideId>D000622</bioguideId>
        </identifiers>
      </item>
      <item>
        <state>IL</state>
        <fullName>Sen. Durbin, Richard J. [D-IL]</fullName>
        <party>D</party>
        <bioguideId>D000563</bioguideId>
        <sponsorshipWithdrawnDate />
        <isOriginalCosponsor>True</isOriginalCosponsor>
        <firstName>RICHARD</firstName>
        <middleName>J.</middleName>
        <sponsorshipDate>2019-03-14</sponsorshipDate>
        <lastName>DURBIN</lastName>
        <identifiers>
          <gpoId>8326</gpoId>
          <lisID>326</lisID>
          <bioguideId>D000563</bioguideId>
        </identifiers>
      </item>
      <item>
        <state>MI</state>
        <fullName>Sen. Stabenow, Debbie [D-MI]</fullName>
        <party>D</party>
        <bioguideId>S000770</bioguideId>
        <sponsorshipWithdrawnDate />
        <isOriginalCosponsor>True</isOriginalCosponsor>
        <firstName>DEBORAH</firstName>
        <middleName>ANN</middleName>
        <sponsorshipDate>2019-03-14</sponsorshipDate>
        <lastName>STABENOW</lastName>
        <identifiers>
          <gpoId>8261</gpoId>
          <lisID>1531</lisID>
          <bioguideId>S000770</bioguideId>
        </identifiers>
      </item>
      <item>
        <state>WA</state>
        <fullName>Sen. Murray, Patty [D-WA]</fullName>
        <party>D</party>
        <bioguideId>M001111</bioguideId>
        <sponsorshipWithdrawnDate />
        <isOriginalCosponsor>True</isOriginalCosponsor>
        <firstName>PATTY</firstName>
        <middleName />
        <sponsorshipDate>2019-03-14</sponsorshipDate>
        <lastName>MURRAY</lastName>
        <identifiers>
          <lisID>1409</lisID>
          <bioguideId>M001111</bioguideId>
          <gpoId>8237</gpoId>
        </identifiers>
      </item>
      <item>
        <state>NH</state>
        <fullName>Sen. Hassan, Margaret Wood [D-NH]</fullName>
        <party>D</party>
        <bioguideId>H001076</bioguideId>
        <sponsorshipWithdrawnDate />
        <isOriginalCosponsor>True</isOriginalCosponsor>
        <firstName>Margaret</firstName>
        <middleName>Wood</middleName>
        <sponsorshipDate>2019-03-14</sponsorshipDate>
        <lastName>Hassan</lastName>
        <identifiers>
          <gpoId />
          <bioguideId>H001076</bioguideId>
          <lisID>2302</lisID>
        </identifiers>
      </item>
      <item>
        <state>RI</state>
        <fullName>Sen. Whitehouse, Sheldon [D-RI]</fullName>
        <party>D</party>
        <bioguideId>W000802</bioguideId>
        <sponsorshipWithdrawnDate />
        <isOriginalCosponsor>True</isOriginalCosponsor>
        <firstName>Sheldon</firstName>
        <middleName />
        <sponsorshipDate>2019-03-14</sponsorshipDate>
        <lastName>Whitehouse</lastName>
        <identifiers>
          <lisID>1823</lisID>
          <gpoId>8264</gpoId>
          <bioguideId>W000802</bioguideId>
        </identifiers>
      </item>
      <item>
        <state>WI</state>
        <fullName>Sen. Baldwin, Tammy [D-WI]</fullName>
        <party>D</party>
        <bioguideId>B001230</bioguideId>
        <sponsorshipWithdrawnDate />
        <isOriginalCosponsor>True</isOriginalCosponsor>
        <firstName>Tammy</firstName>
        <middleName />
        <sponsorshipDate>2019-03-14</sponsorshipDate>
        <lastName>Baldwin</lastName>
        <identifiers>
          <lisID>1558</lisID>
          <bioguideId>B001230</bioguideId>
          <gpoId>8215</gpoId>
        </identifiers>
      </item>
      <item>
        <state>PA</state>
        <fullName>Sen. Casey, Robert P., Jr. [D-PA]</fullName>
        <party>D</party>
        <bioguideId>C001070</bioguideId>
        <sponsorshipWithdrawnDate />
        <isOriginalCosponsor>True</isOriginalCosponsor>
        <firstName>Bob</firstName>
        <middleName />
        <sponsorshipDate>2019-03-14</sponsorshipDate>
        <lastName>Casey</lastName>
        <identifiers>
          <gpoId>8282</gpoId>
          <lisID>1828</lisID>
          <bioguideId>C001070</bioguideId>
        </identifiers>
      </item>
      <item>
        <state>OR</state>
        <fullName>Sen. Wyden, Ron [D-OR]</fullName>
        <party>D</party>
        <bioguideId>W000779</bioguideId>
        <sponsorshipWithdrawnDate />
        <isOriginalCosponsor>True</isOriginalCosponsor>
        <firstName>RON</firstName>
        <middleName />
        <sponsorshipDate>2019-03-14</sponsorshipDate>
        <lastName>WYDEN</lastName>
        <identifiers>
          <lisID>1247</lisID>
          <gpoId>8265</gpoId>
          <bioguideId>W000779</bioguideId>
        </identifiers>
      </item>
      <item>
        <state>VA</state>
        <fullName>Sen. Kaine, Tim [D-VA]</fullName>
        <party>D</party>
        <bioguideId>K000384</bioguideId>
        <sponsorshipWithdrawnDate />
        <isOriginalCosponsor>True</isOriginalCosponsor>
        <firstName>Timothy</firstName>
        <middleName />
        <sponsorshipDate>2019-03-14</sponsorshipDate>
        <lastName>Kaine</lastName>
        <identifiers>
          <lisID>2176</lisID>
          <gpoId />
          <bioguideId>K000384</bioguideId>
        </identifiers>
      </item>
      <item>
        <state>DE</state>
        <fullName>Sen. Carper, Thomas R. [D-DE]</fullName>
        <party>D</party>
        <bioguideId>C000174</bioguideId>
        <sponsorshipWithdrawnDate />
        <isOriginalCosponsor>False</isOriginalCosponsor>
        <firstName>THOMAS</firstName>
        <middleName>R.</middleName>
        <sponsorshipDate>2019-03-25</sponsorshipDate>
        <lastName>CARPER</lastName>
        <identifiers>
          <gpoId>8283</gpoId>
          <lisID>179</lisID>
          <bioguideId>C000174</bioguideId>
        </identifiers>
      </item>
    </cosponsors>
    <actions>
      <item>
        <actionDate>2019-03-14</actionDate>
        <committee>
          <name>Judiciary Committee</name>
          <systemCode>ssju00</systemCode>
        </committee>
        <links>
          <link>
            <url>https://www.congress.gov/congressional-record/volume-165/senate-section/page/S1906-1907</url>
            <name>S1906-1907</name>
          </link>
        </links>
        <sourceSystem>
          <name>Senate</name>
          <code>0</code>
        </sourceSystem>
        <text>Referred to the Committee on the Judiciary. (text: CR S1906-1907)</text>
        <type>IntroReferral</type>
      </item>
      <item>
        <type>IntroReferral</type>
        <committee />
        <actionDate>2019-03-14</actionDate>
        <actionCode>10000</actionCode>
        <links />
        <text>Introduced in Senate</text>
        <sourceSystem>
          <name>Library of Congress</name>
          <code>9</code>
        </sourceSystem>
      </item>
      <actionByCounts>
        <senate>2</senate>
      </actionByCounts>
      <actionTypeCounts>
        <referredToCommittee>1</referredToCommittee>
        <introducedInSenate>1</introducedInSenate>
      </actionTypeCounts>
    </actions>
    <laws />
  </bill>
  <dublinCore xmlns:dc="http://purl.org/dc/elements/1.1/">
    <dc:format>text/xml</dc:format>
    <dc:language>EN</dc:language>
    <dc:rights>Pursuant to Title 17 Section 105 of the United States Code, this file is not subject to copyright protection and is in the public domain.</dc:rights>
    <dc:contributor>Congressional Research Service, Library of Congress</dc:contributor>
    <dc:description>This file contains bill summaries and statuses for federal legislation. A bill summary describes the most significant provisions of a piece of legislation and details the effects the legislative text may have on current law and federal programs. Bill summaries are authored by the Congressional Research Service (CRS) of the Library of Congress. As stated in Public Law 91-510 (2 USC 166 (d)(6)), one of the duties of CRS is "to prepare summaries and digests of bills and resolutions of a public general nature introduced in the Senate or House of Representatives". For more information, refer to the User Guide that accompanies this file.</dc:description>
  </dublinCore>
</billStatus>

