<?xml version="1.0" encoding="UTF-8"?>
<billStatus>
  <bill>
    <notes />
    <actions>
      <actionByCounts>
        <senate>2</senate>
      </actionByCounts>
      <actionTypeCounts>
        <referredToCommittee>1</referredToCommittee>
        <introducedInSenate>1</introducedInSenate>
      </actionTypeCounts>
      <item>
        <actionDate>2019-09-17</actionDate>
        <committee>
          <name>Energy and Natural Resources Committee</name>
          <systemCode>sseg00</systemCode>
        </committee>
        <links>
          <link>
            <name>S5542</name>
            <url>https://www.congress.gov/congressional-record/volume-165/senate-section/page/S5542</url>
          </link>
        </links>
        <sourceSystem>
          <name>Senate</name>
          <code>0</code>
        </sourceSystem>
        <text>Referred to the Committee on Energy and Natural Resources. (text: CR S5542)</text>
        <type>IntroReferral</type>
      </item>
      <item>
        <actionDate>2019-09-17</actionDate>
        <links />
        <sourceSystem>
          <name>Library of Congress</name>
          <code>9</code>
        </sourceSystem>
        <type>IntroReferral</type>
        <actionCode>10000</actionCode>
        <text>Introduced in Senate</text>
        <committee />
      </item>
    </actions>
    <subjects>
      <billSubjects>
        <policyArea>
          <name>Public Lands and Natural Resources</name>
        </policyArea>
        <legislativeSubjects />
      </billSubjects>
    </subjects>
    <cosponsors />
    <billNumber>315</billNumber>
    <createDate>2019-09-18T04:57:15Z</createDate>
    <policyArea>
      <name>Public Lands and Natural Resources</name>
    </policyArea>
    <summaries>
      <billSummaries>
        <item>
          <actionDate>2019-09-17</actionDate>
          <text><![CDATA[<p>This bill memorializes the discovery of the wreckage of the Clotilda, the last known slave ship to arrive in the United States. </p>]]></text>
          <actionDesc>Introduced in Senate</actionDesc>
          <versionCode>00</versionCode>
          <updateDate>2019-09-17T04:00:00Z</updateDate>
          <name>Introduced in Senate</name>
          <lastSummaryUpdateDate>2019-11-25T23:23:22Z</lastSummaryUpdateDate>
        </item>
      </billSummaries>
    </summaries>
    <titles>
      <item>
        <chamberName />
        <parentTitleType />
        <chamberCode />
        <title>A resolution memorializing the discovery of the Clotilda.</title>
        <titleType>Official Title as Introduced</titleType>
      </item>
      <item>
        <chamberName />
        <parentTitleType />
        <chamberCode />
        <title>A resolution memorializing the discovery of the Clotilda.</title>
        <titleType>Display Title</titleType>
      </item>
    </titles>
    <relatedBills />
    <sponsors>
      <item>
        <fullName>Sen. Jones, Doug  [D-AL]</fullName>
        <party>D</party>
        <middleName />
        <lastName>Jones</lastName>
        <state>AL</state>
        <bioguideId>J000300</bioguideId>
        <identifiers>
          <bioguideId>J000300</bioguideId>
          <gpoId />
          <lisID>2364</lisID>
        </identifiers>
        <firstName>Doug</firstName>
        <byRequestType />
      </item>
    </sponsors>
    <calendarNumbers />
    <recordedVotes />
    <congress>116</congress>
    <latestAction>
      <actionDate>2019-09-17</actionDate>
      <links />
      <text>Referred to the Committee on Energy and Natural Resources. (text: CR S5542)</text>
    </latestAction>
    <amendments />
    <billType>SRES</billType>
    <originChamber>Senate</originChamber>
    <committeeReports />
    <updateDate>2019-11-25T23:30:36Z</updateDate>
    <textVersions>
      <item>
        <formats>
          <item>
            <url>https://www.govinfo.gov/content/pkg/BILLS-116sres315is/xml/BILLS-116sres315is.xml</url>
          </item>
        </formats>
        <type>Introduced in Senate</type>
        <date>2019-09-17T04:00:00Z</date>
      </item>
    </textVersions>
    <cboCostEstimates />
    <committees>
      <billCommittees>
        <item>
          <systemCode>sseg00</systemCode>
          <name>Energy and Natural Resources Committee</name>
          <subcommittees />
          <chamber>Senate</chamber>
          <type>Standing</type>
          <activities>
            <item>
              <date>2019-09-18T00:29:32Z</date>
              <name>Referred to</name>
            </item>
          </activities>
        </item>
      </billCommittees>
    </committees>
    <title>A resolution memorializing the discovery of the Clotilda.</title>
    <laws />
    <introducedDate>2019-09-17</introducedDate>
    <version>1.0.0</version>
  </bill>
  <dublinCore xmlns:dc="http://purl.org/dc/elements/1.1/">
    <dc:format>text/xml</dc:format>
    <dc:language>EN</dc:language>
    <dc:rights>Pursuant to Title 17 Section 105 of the United States Code, this file is not subject to copyright protection and is in the public domain.</dc:rights>
    <dc:contributor>Congressional Research Service, Library of Congress</dc:contributor>
    <dc:description>This file contains bill summaries and statuses for federal legislation. A bill summary describes the most significant provisions of a piece of legislation and details the effects the legislative text may have on current law and federal programs. Bill summaries are authored by the Congressional Research Service (CRS) of the Library of Congress. As stated in Public Law 91-510 (2 USC 166 (d)(6)), one of the duties of CRS is "to prepare summaries and digests of bills and resolutions of a public general nature introduced in the Senate or House of Representatives". For more information, refer to the User Guide that accompanies this file.</dc:description>
  </dublinCore>
</billStatus>

