<?xml version="1.0" encoding="UTF-8"?>
<billStatus>
  <bill>
    <version>1.0.0</version>
    <cboCostEstimates />
    <relatedBills />
    <amendments />
    <summaries>
      <billSummaries>
        <item>
          <text><![CDATA[<p>This resolution authorizes expenditures by the Senate Committee on Health, Education, Labor, and Pensions for the 116th Congress.</p>]]></text>
          <actionDate>2019-02-11</actionDate>
          <actionDesc>Introduced in Senate</actionDesc>
          <name>Introduced in Senate</name>
          <lastSummaryUpdateDate>2019-04-05T13:25:08Z</lastSummaryUpdateDate>
          <versionCode>00</versionCode>
          <updateDate>2019-02-11T05:00:00Z</updateDate>
        </item>
        <item>
          <text><![CDATA[<p>This resolution authorizes expenditures by the Senate Committee on Health, Education, Labor, and Pensions for the 116th Congress.</p>]]></text>
          <actionDate>2019-02-11</actionDate>
          <actionDesc>Reported to Senate</actionDesc>
          <name>Reported to Senate</name>
          <lastSummaryUpdateDate>2019-04-05T13:24:59Z</lastSummaryUpdateDate>
          <versionCode>25</versionCode>
          <updateDate>2019-02-11T13:43:31Z</updateDate>
        </item>
      </billSummaries>
    </summaries>
    <policyArea>
      <name>Congress</name>
    </policyArea>
    <sponsors>
      <item>
        <firstName>Lamar</firstName>
        <middleName />
        <state>TN</state>
        <bioguideId>A000360</bioguideId>
        <identifiers>
          <bioguideId>A000360</bioguideId>
          <lisID>1695</lisID>
          <gpoId>8304</gpoId>
        </identifiers>
        <fullName>Sen. Alexander, Lamar [R-TN]</fullName>
        <party>R</party>
        <lastName>Alexander</lastName>
        <byRequestType />
      </item>
    </sponsors>
    <notes />
    <billNumber>64</billNumber>
    <updateDate>2019-11-15T22:00:39Z</updateDate>
    <titles>
      <item>
        <title>An original resolution authorizing expenditures by the Committee on Health, Education, Labor, and Pensions.</title>
        <chamberCode />
        <parentTitleType />
        <titleType>Official Title as Introduced</titleType>
        <chamberName />
      </item>
      <item>
        <title>An original resolution authorizing expenditures by the Committee on Health, Education, Labor, and Pensions.</title>
        <chamberCode />
        <parentTitleType />
        <titleType>Display Title</titleType>
        <chamberName />
      </item>
    </titles>
    <createDate>2019-02-12T05:25:14Z</createDate>
    <title>An original resolution authorizing expenditures by the Committee on Health, Education, Labor, and Pensions.</title>
    <textVersions>
      <item>
        <date>2019-02-11T05:00:00Z</date>
        <type>Introduced in Senate</type>
        <formats>
          <item>
            <url>https://www.govinfo.gov/content/pkg/BILLS-116sres64is/xml/BILLS-116sres64is.xml</url>
          </item>
        </formats>
      </item>
    </textVersions>
    <recordedVotes />
    <calendarNumbers />
    <committeeReports />
    <congress>116</congress>
    <latestAction>
      <actionDate>2019-02-11</actionDate>
      <links />
      <text>Referred to the Committee on Rules and Administration. (text: CR S1168)</text>
    </latestAction>
    <actions>
      <actionByCounts>
        <senate>4</senate>
      </actionByCounts>
      <actionTypeCounts>
        <originalBillReported>1</originalBillReported>
        <referredToCommittee>1</referredToCommittee>
        <introducedInSenate>1</introducedInSenate>
        <reportedToSenate>1</reportedToSenate>
      </actionTypeCounts>
      <item>
        <actionDate>2019-02-11</actionDate>
        <committee>
          <name>Rules and Administration Committee</name>
          <systemCode>ssra00</systemCode>
        </committee>
        <links>
          <link>
            <name>S1168</name>
            <url>https://www.congress.gov/congressional-record/volume-165/senate-section/page/S1168</url>
          </link>
        </links>
        <sourceSystem>
          <code>0</code>
          <name>Senate</name>
        </sourceSystem>
        <text>Referred to the Committee on Rules and Administration. (text: CR S1168)</text>
        <type>IntroReferral</type>
      </item>
      <item>
        <actionDate>2019-02-11</actionDate>
        <committee>
          <name>HELP Committee</name>
          <systemCode>sshr00</systemCode>
        </committee>
        <links />
        <sourceSystem>
          <code>0</code>
          <name>Senate</name>
        </sourceSystem>
        <text>Committee on Health, Education, Labor, and Pensions. Original measure reported to Senate by Senator Alexander. Without written report.</text>
        <type>Committee</type>
      </item>
      <item>
        <type>Committee</type>
        <actionDate>2019-02-11</actionDate>
        <sourceSystem>
          <code>9</code>
          <name>Library of Congress</name>
        </sourceSystem>
        <text>Committee on Health, Education, Labor, and Pensions. Original measure reported to Senate by Senator Alexander. Without written report.</text>
        <links />
        <actionCode>14000</actionCode>
        <committee>
          <name>HELP Committee</name>
          <systemCode>sshr00</systemCode>
        </committee>
      </item>
      <item>
        <type>IntroReferral</type>
        <actionDate>2019-02-11</actionDate>
        <actionCode>10000</actionCode>
        <text>Introduced in Senate</text>
        <links />
        <sourceSystem>
          <code>9</code>
          <name>Library of Congress</name>
        </sourceSystem>
        <committee />
      </item>
    </actions>
    <originChamber>Senate</originChamber>
    <committees>
      <billCommittees>
        <item>
          <chamber>Senate</chamber>
          <subcommittees />
          <type>Standing</type>
          <activities>
            <item>
              <name>Referred to</name>
              <date>2019-02-11T22:24:52Z</date>
            </item>
          </activities>
          <name>Rules and Administration Committee</name>
          <systemCode>ssra00</systemCode>
        </item>
        <item>
          <chamber>Senate</chamber>
          <subcommittees />
          <type>Standing</type>
          <activities>
            <item>
              <name>Reported original measure</name>
              <date>2019-02-11T22:24:38Z</date>
            </item>
          </activities>
          <name>HELP Committee</name>
          <systemCode>sshr00</systemCode>
        </item>
      </billCommittees>
    </committees>
    <introducedDate>2019-02-11</introducedDate>
    <subjects>
      <billSubjects>
        <legislativeSubjects>
          <item>
            <name>Congressional committees</name>
          </item>
          <item>
            <name>Senate Committee on Health, Education, Labor, and Pensions</name>
          </item>
        </legislativeSubjects>
        <policyArea>
          <name>Congress</name>
        </policyArea>
      </billSubjects>
    </subjects>
    <cosponsors />
    <billType>SRES</billType>
    <laws />
  </bill>
  <dublinCore xmlns:dc="http://purl.org/dc/elements/1.1/">
    <dc:format>text/xml</dc:format>
    <dc:language>EN</dc:language>
    <dc:rights>Pursuant to Title 17 Section 105 of the United States Code, this file is not subject to copyright protection and is in the public domain.</dc:rights>
    <dc:contributor>Congressional Research Service, Library of Congress</dc:contributor>
    <dc:description>This file contains bill summaries and statuses for federal legislation. A bill summary describes the most significant provisions of a piece of legislation and details the effects the legislative text may have on current law and federal programs. Bill summaries are authored by the Congressional Research Service (CRS) of the Library of Congress. As stated in Public Law 91-510 (2 USC 166 (d)(6)), one of the duties of CRS is "to prepare summaries and digests of bills and resolutions of a public general nature introduced in the Senate or House of Representatives". For more information, refer to the User Guide that accompanies this file.</dc:description>
  </dublinCore>
</billStatus>

