<?xml version="1.0" encoding="UTF-8"?>
<billStatus>
  <bill>
    <policyArea>
      <name>International Affairs</name>
    </policyArea>
    <relatedBills />
    <introducedDate>2019-07-18</introducedDate>
    <committeeReports />
    <amendments />
    <textVersions>
      <item>
        <formats>
          <item>
            <url>https://www.govinfo.gov/content/pkg/BILLS-116sres278is/xml/BILLS-116sres278is.xml</url>
          </item>
        </formats>
        <date>2019-07-18T04:00:00Z</date>
        <type>Introduced in Senate</type>
      </item>
    </textVersions>
    <cboCostEstimates />
    <subjects>
      <billSubjects>
        <legislativeSubjects>
          <item>
            <name>Alliances</name>
          </item>
          <item>
            <name>Asia</name>
          </item>
          <item>
            <name>Collective security</name>
          </item>
          <item>
            <name>Europe</name>
          </item>
          <item>
            <name>International law and treaties</name>
          </item>
          <item>
            <name>Military assistance, sales, and agreements</name>
          </item>
          <item>
            <name>Russia</name>
          </item>
          <item>
            <name>Sanctions</name>
          </item>
          <item>
            <name>Turkey</name>
          </item>
        </legislativeSubjects>
        <policyArea>
          <name>International Affairs</name>
        </policyArea>
      </billSubjects>
    </subjects>
    <laws />
    <calendarNumbers />
    <notes />
    <actions>
      <actionTypeCounts>
        <introducedInSenate>1</introducedInSenate>
        <referredToCommittee>1</referredToCommittee>
      </actionTypeCounts>
      <item>
        <actionDate>2019-07-18</actionDate>
        <committee>
          <systemCode>ssfr00</systemCode>
          <name>Foreign Relations Committee</name>
        </committee>
        <links>
          <link>
            <url>https://www.congress.gov/congressional-record/volume-165/senate-section/page/S4954</url>
            <name>S4954</name>
          </link>
        </links>
        <sourceSystem>
          <code>0</code>
          <name>Senate</name>
        </sourceSystem>
        <text>Referred to the Committee on Foreign Relations. (text: CR S4954)</text>
        <type>IntroReferral</type>
      </item>
      <item>
        <actionCode>10000</actionCode>
        <text>Introduced in Senate</text>
        <sourceSystem>
          <code>9</code>
          <name>Library of Congress</name>
        </sourceSystem>
        <actionDate>2019-07-18</actionDate>
        <type>IntroReferral</type>
        <links />
        <committee />
      </item>
      <actionByCounts>
        <senate>2</senate>
      </actionByCounts>
    </actions>
    <originChamber>Senate</originChamber>
    <committees>
      <billCommittees>
        <item>
          <subcommittees />
          <type>Standing</type>
          <systemCode>ssfr00</systemCode>
          <chamber>Senate</chamber>
          <name>Foreign Relations Committee</name>
          <activities>
            <item>
              <date>2019-07-18T20:27:42Z</date>
              <name>Referred to</name>
            </item>
          </activities>
        </item>
      </billCommittees>
    </committees>
    <titles>
      <item>
        <parentTitleType />
        <chamberCode />
        <title>A resolution expressing the sense of the Senate regarding Turkey's purchase of the S-400 air and missile defense system from the Russian Federation and its membership in NATO, and for other purposes.</title>
        <titleType>Official Title as Introduced</titleType>
        <chamberName />
      </item>
      <item>
        <parentTitleType />
        <chamberCode />
        <title>A resolution expressing the sense of the Senate regarding Turkey's purchase of the S-400 air and missile defense system from the Russian Federation and its membership in NATO, and for other purposes.</title>
        <titleType>Display Title</titleType>
        <chamberName />
      </item>
    </titles>
    <summaries>
      <billSummaries />
    </summaries>
    <recordedVotes />
    <title>A resolution expressing the sense of the Senate regarding Turkey's purchase of the S-400 air and missile defense system from the Russian Federation and its membership in NATO, and for other purposes.</title>
    <sponsors>
      <item>
        <party>R</party>
        <state>FL</state>
        <identifiers>
          <lisID>2470</lisID>
          <gpoId />
          <bioguideId>S001217</bioguideId>
        </identifiers>
        <middleName />
        <byRequestType />
        <bioguideId>S001217</bioguideId>
        <firstName>Rick</firstName>
        <fullName>Sen. Scott, Rick  [R-FL]</fullName>
        <lastName>Scott</lastName>
      </item>
    </sponsors>
    <cosponsors>
      <item>
        <bioguideId>Y000064</bioguideId>
        <state>IN</state>
        <party>R</party>
        <fullName>Sen. Young, Todd [R-IN]</fullName>
        <lastName>Young</lastName>
        <sponsorshipWithdrawnDate />
        <isOriginalCosponsor>True</isOriginalCosponsor>
        <firstName>Todd</firstName>
        <identifiers>
          <bioguideId>Y000064</bioguideId>
          <lisID>2019</lisID>
          <gpoId>7948</gpoId>
        </identifiers>
        <middleName />
        <sponsorshipDate>2019-07-18</sponsorshipDate>
      </item>
    </cosponsors>
    <billNumber>278</billNumber>
    <congress>116</congress>
    <latestAction>
      <links />
      <actionDate>2019-07-18</actionDate>
      <text>Referred to the Committee on Foreign Relations. (text: CR S4954)</text>
    </latestAction>
    <billType>SRES</billType>
    <updateDate>2019-11-15T21:56:33Z</updateDate>
    <createDate>2019-07-19T04:42:17Z</createDate>
    <version>1.0.0</version>
  </bill>
  <dublinCore xmlns:dc="http://purl.org/dc/elements/1.1/">
    <dc:format>text/xml</dc:format>
    <dc:language>EN</dc:language>
    <dc:rights>Pursuant to Title 17 Section 105 of the United States Code, this file is not subject to copyright protection and is in the public domain.</dc:rights>
    <dc:contributor>Congressional Research Service, Library of Congress</dc:contributor>
    <dc:description>This file contains bill summaries and statuses for federal legislation. A bill summary describes the most significant provisions of a piece of legislation and details the effects the legislative text may have on current law and federal programs. Bill summaries are authored by the Congressional Research Service (CRS) of the Library of Congress. As stated in Public Law 91-510 (2 USC 166 (d)(6)), one of the duties of CRS is "to prepare summaries and digests of bills and resolutions of a public general nature introduced in the Senate or House of Representatives". For more information, refer to the User Guide that accompanies this file.</dc:description>
  </dublinCore>
</billStatus>

