<?xml version="1.0" encoding="UTF-8"?>
<billStatus>
  <bill>
    <subjects>
      <billSubjects>
        <legislativeSubjects>
          <item>
            <name>Alaska Natives and Hawaiians</name>
          </item>
          <item>
            <name>Assault and harassment offenses</name>
          </item>
          <item>
            <name>Correctional facilities and imprisonment</name>
          </item>
          <item>
            <name>Crime prevention</name>
          </item>
          <item>
            <name>Crime victims</name>
          </item>
          <item>
            <name>Crimes against children</name>
          </item>
          <item>
            <name>Disability and health-based discrimination</name>
          </item>
          <item>
            <name>Domestic violence and child abuse</name>
          </item>
          <item>
            <name>Immigrant health and welfare</name>
          </item>
          <item>
            <name>Racial and ethnic relations</name>
          </item>
          <item>
            <name>Sex offenses</name>
          </item>
          <item>
            <name>Sex, gender, sexual orientation discrimination</name>
          </item>
          <item>
            <name>Violent crime</name>
          </item>
        </legislativeSubjects>
        <policyArea>
          <name>Crime and Law Enforcement</name>
        </policyArea>
      </billSubjects>
    </subjects>
    <relatedBills>
      <item>
        <relationshipDetails>
          <item>
            <identifiedBy>CRS</identifiedBy>
            <type>Identical bill</type>
          </item>
        </relationshipDetails>
        <latestTitle>Committing to elevate the voices, leadership, and needs of communities that face systemic barriers in the effort to end sexual violence and support all survivors of sexual violence and gender-based violence, including immigrant survivors, survivors who are incarcerated, survivors with disabilities, survivors of color, American Indian or Alaska Native survivors, survivors of child sexual abuse, and lesbian, gay, bisexual, transgender, queer, and intersex survivors.</latestTitle>
        <type>HRES</type>
        <number>514</number>
        <latestAction>
          <text>Referred to the Subcommittee on Crime, Terrorism, and Homeland Security.</text>
          <actionDate>2019-07-30</actionDate>
        </latestAction>
        <congress>116</congress>
      </item>
    </relatedBills>
    <notes />
    <committees>
      <billCommittees>
        <item>
          <type>Standing</type>
          <subcommittees />
          <systemCode>sshr00</systemCode>
          <name>HELP Committee</name>
          <chamber>Senate</chamber>
          <activities>
            <item>
              <name>Referred to</name>
              <date>2019-07-23T19:53:28Z</date>
            </item>
          </activities>
        </item>
      </billCommittees>
    </committees>
    <summaries>
      <billSummaries />
    </summaries>
    <version>1.0.0</version>
    <originChamber>Senate</originChamber>
    <congress>116</congress>
    <latestAction>
      <actionDate>2019-07-23</actionDate>
      <text>Referred to the Committee on Health, Education, Labor, and Pensions. (text: CR S5016-5017)</text>
      <links />
    </latestAction>
    <actions>
      <actionByCounts>
        <senate>2</senate>
      </actionByCounts>
      <item>
        <actionDate>2019-07-23</actionDate>
        <committee>
          <systemCode>sshr00</systemCode>
          <name>HELP Committee</name>
        </committee>
        <links>
          <link>
            <name>S5016-5017</name>
            <url>https://www.congress.gov/congressional-record/volume-165/senate-section/page/S5016-5017</url>
          </link>
        </links>
        <sourceSystem>
          <name>Senate</name>
          <code>0</code>
        </sourceSystem>
        <text>Referred to the Committee on Health, Education, Labor, and Pensions. (text: CR S5016-5017)</text>
        <type>IntroReferral</type>
      </item>
      <item>
        <committee />
        <type>IntroReferral</type>
        <actionDate>2019-07-23</actionDate>
        <actionCode>10000</actionCode>
        <text>Introduced in Senate</text>
        <links />
        <sourceSystem>
          <name>Library of Congress</name>
          <code>9</code>
        </sourceSystem>
      </item>
      <actionTypeCounts>
        <referredToCommittee>1</referredToCommittee>
        <introducedInSenate>1</introducedInSenate>
      </actionTypeCounts>
    </actions>
    <createDate>2019-07-24T04:57:15Z</createDate>
    <titles>
      <item>
        <title>A resolution committing to elevate the voices, leadership, and needs of communities that face systemic barriers in the effort to end sexual violence and support all survivors of sexual violence and gender-based violence, including immigrant survivors, survivors who are incarcerated, survivors with disabilities, survivors of color, American Indian or Alaska Native survivors, survivors of child sexual abuse, and lesbian, gay, bisexual, transgender, queer, and intersex survivors.</title>
        <chamberCode />
        <parentTitleType />
        <titleType>Official Title as Introduced</titleType>
        <chamberName />
      </item>
      <item>
        <title>A resolution committing to elevate the voices, leadership, and needs of communities that face systemic barriers in the effort to end sexual violence and support all survivors of sexual violence and gender-based violence, including immigrant survivors, survivors who are incarcerated, survivors with disabilities, survivors of color, American Indian or Alaska Native survivors, survivors of child sexual abuse, and lesbian, gay, bisexual, transgender, queer, and intersex survivors.</title>
        <chamberCode />
        <parentTitleType />
        <titleType>Display Title</titleType>
        <chamberName />
      </item>
    </titles>
    <laws />
    <introducedDate>2019-07-23</introducedDate>
    <calendarNumbers />
    <recordedVotes />
    <textVersions>
      <item>
        <type>Introduced in Senate</type>
        <formats>
          <item>
            <url>https://www.govinfo.gov/content/pkg/BILLS-116sres281is/xml/BILLS-116sres281is.xml</url>
          </item>
        </formats>
        <date>2019-07-23T04:00:00Z</date>
      </item>
    </textVersions>
    <cosponsors>
      <item>
        <party>D</party>
        <lastName>Harris</lastName>
        <firstName>Kamala</firstName>
        <bioguideId>H001075</bioguideId>
        <state>CA</state>
        <sponsorshipDate>2019-07-23</sponsorshipDate>
        <fullName>Sen. Harris, Kamala D. [D-CA]</fullName>
        <identifiers>
          <lisID>2301</lisID>
          <gpoId />
          <bioguideId>H001075</bioguideId>
        </identifiers>
        <middleName>D.</middleName>
        <sponsorshipWithdrawnDate />
        <isOriginalCosponsor>True</isOriginalCosponsor>
      </item>
    </cosponsors>
    <amendments />
    <billNumber>281</billNumber>
    <updateDate>2019-11-15T22:00:47Z</updateDate>
    <cboCostEstimates />
    <title>A resolution committing to elevate the voices, leadership, and needs of communities that face systemic barriers in the effort to end sexual violence and support all survivors of sexual violence and gender-based violence, including immigrant survivors, survivors who are incarcerated, survivors with disabilities, survivors of color, American Indian or Alaska Native survivors, survivors of child sexual abuse, and lesbian, gay, bisexual, transgender, queer, and intersex survivors.</title>
    <committeeReports />
    <policyArea>
      <name>Crime and Law Enforcement</name>
    </policyArea>
    <sponsors>
      <item>
        <party>D</party>
        <lastName>Booker</lastName>
        <firstName>Cory</firstName>
        <state>NJ</state>
        <fullName>Sen. Booker, Cory A. [D-NJ]</fullName>
        <identifiers>
          <lisID>2194</lisID>
          <gpoId />
          <bioguideId>B001288</bioguideId>
        </identifiers>
        <middleName>A.</middleName>
        <bioguideId>B001288</bioguideId>
        <byRequestType />
      </item>
    </sponsors>
    <billType>SRES</billType>
  </bill>
  <dublinCore xmlns:dc="http://purl.org/dc/elements/1.1/">
    <dc:format>text/xml</dc:format>
    <dc:language>EN</dc:language>
    <dc:rights>Pursuant to Title 17 Section 105 of the United States Code, this file is not subject to copyright protection and is in the public domain.</dc:rights>
    <dc:contributor>Congressional Research Service, Library of Congress</dc:contributor>
    <dc:description>This file contains bill summaries and statuses for federal legislation. A bill summary describes the most significant provisions of a piece of legislation and details the effects the legislative text may have on current law and federal programs. Bill summaries are authored by the Congressional Research Service (CRS) of the Library of Congress. As stated in Public Law 91-510 (2 USC 166 (d)(6)), one of the duties of CRS is "to prepare summaries and digests of bills and resolutions of a public general nature introduced in the Senate or House of Representatives". For more information, refer to the User Guide that accompanies this file.</dc:description>
  </dublinCore>
</billStatus>

