<?xml version="1.0" encoding="UTF-8"?>
<billStatus>
  <bill>
    <relatedBills>
      <item>
        <number>254</number>
        <latestTitle>Expressing support for the designation of the week of March 25 through March 29, 2019, as "Public Schools Week".</latestTitle>
        <congress>116</congress>
        <type>HRES</type>
        <latestAction>
          <actionDate>2019-03-25</actionDate>
          <text>Referred to the House Committee on Oversight and Reform.</text>
        </latestAction>
        <relationshipDetails>
          <item>
            <type>Related bill</type>
            <identifiedBy>CRS</identifiedBy>
          </item>
        </relationshipDetails>
      </item>
    </relatedBills>
    <amendments />
    <committeeReports />
    <latestAction>
      <text>Submitted in the Senate, considered, and agreed to without amendment and with a preamble by Unanimous Consent. (consideration: CR S2062; text: CR S2057)</text>
      <links />
      <actionDate>2019-03-27</actionDate>
    </latestAction>
    <version>1.0.0</version>
    <policyArea>
      <name>Education</name>
    </policyArea>
    <sponsors>
      <item>
        <middleName>MARGARET</middleName>
        <state>ME</state>
        <firstName>SUSAN</firstName>
        <byRequestType />
        <fullName>Sen. Collins, Susan M. [R-ME]</fullName>
        <lastName>COLLINS</lastName>
        <bioguideId>C001035</bioguideId>
        <identifiers>
          <lisID>1541</lisID>
          <bioguideId>C001035</bioguideId>
          <gpoId>8291</gpoId>
        </identifiers>
        <party>R</party>
      </item>
    </sponsors>
    <laws />
    <actions>
      <actionTypeCounts>
        <introducedInSenate>1</introducedInSenate>
        <passedAgreedToInSenate>1</passedAgreedToInSenate>
        <passedOrAgreedToInSenateDayOf>1</passedOrAgreedToInSenateDayOf>
      </actionTypeCounts>
      <item>
        <actionDate>2019-03-27</actionDate>
        <committee />
        <links>
          <link>
            <url>https://www.congress.gov/congressional-record/volume-165/senate-section/page/S2057</url>
            <name>S2057</name>
          </link>
          <link>
            <url>https://www.congress.gov/congressional-record/volume-165/senate-section/page/S2062</url>
            <name>S2062</name>
          </link>
        </links>
        <sourceSystem>
          <code>0</code>
          <name>Senate</name>
        </sourceSystem>
        <text>Submitted in the Senate, considered, and agreed to without amendment and with a preamble by Unanimous Consent. (consideration: CR S2062; text: CR S2057)</text>
        <type>Floor</type>
      </item>
      <item>
        <links>
          <link>
            <url>https://www.congress.gov/congressional-record/volume-165/senate-section/page/S2057</url>
            <name>S2057</name>
          </link>
          <link>
            <url>https://www.congress.gov/congressional-record/volume-165/senate-section/page/S2062</url>
            <name>S2062</name>
          </link>
        </links>
        <actionCode>17000</actionCode>
        <sourceSystem>
          <code>9</code>
          <name>Library of Congress</name>
        </sourceSystem>
        <text>Passed/agreed to in Senate: Submitted in the Senate, considered, and agreed to without amendment and with a preamble by Unanimous Consent.(consideration: CR S2062; text: CR S2057)</text>
        <actionDate>2019-03-27</actionDate>
        <type>Floor</type>
        <committee />
      </item>
      <item>
        <links />
        <actionCode>10000</actionCode>
        <sourceSystem>
          <code>9</code>
          <name>Library of Congress</name>
        </sourceSystem>
        <text>Introduced in Senate</text>
        <actionDate>2019-03-27</actionDate>
        <type>IntroReferral</type>
        <committee />
      </item>
      <actionByCounts>
        <senate>3</senate>
      </actionByCounts>
    </actions>
    <billType>SRES</billType>
    <updateDate>2019-04-04T13:43:41Z</updateDate>
    <congress>116</congress>
    <calendarNumbers />
    <recordedVotes />
    <introducedDate>2019-03-27</introducedDate>
    <notes />
    <summaries>
      <billSummaries />
    </summaries>
    <cosponsors>
      <item>
        <party>D</party>
        <firstName>Jon</firstName>
        <state>MT</state>
        <fullName>Sen. Tester, Jon [D-MT]</fullName>
        <middleName />
        <lastName>Tester</lastName>
        <identifiers>
          <bioguideId>T000464</bioguideId>
          <gpoId>8258</gpoId>
          <lisID>1829</lisID>
        </identifiers>
        <sponsorshipDate>2019-03-27</sponsorshipDate>
        <bioguideId>T000464</bioguideId>
        <sponsorshipWithdrawnDate />
        <isOriginalCosponsor>True</isOriginalCosponsor>
      </item>
      <item>
        <party>R</party>
        <firstName>SHELLEY</firstName>
        <state>WV</state>
        <fullName>Sen. Capito, Shelley Moore [R-WV]</fullName>
        <middleName>MOORE</middleName>
        <lastName>CAPITO</lastName>
        <identifiers>
          <lisID>1676</lisID>
          <bioguideId>C001047</bioguideId>
          <gpoId>8223</gpoId>
        </identifiers>
        <sponsorshipDate>2019-03-27</sponsorshipDate>
        <bioguideId>C001047</bioguideId>
        <sponsorshipWithdrawnDate />
        <isOriginalCosponsor>True</isOriginalCosponsor>
      </item>
      <item>
        <party>D</party>
        <firstName>Doug</firstName>
        <state>AL</state>
        <fullName>Sen. Jones, Doug  [D-AL]</fullName>
        <middleName />
        <lastName>Jones</lastName>
        <identifiers>
          <bioguideId>J000300</bioguideId>
          <lisID>2364</lisID>
          <gpoId />
        </identifiers>
        <sponsorshipDate>2019-03-27</sponsorshipDate>
        <bioguideId>J000300</bioguideId>
        <sponsorshipWithdrawnDate />
        <isOriginalCosponsor>True</isOriginalCosponsor>
      </item>
      <item>
        <party>D</party>
        <firstName>Sherrod</firstName>
        <state>OH</state>
        <fullName>Sen. Brown, Sherrod [D-OH]</fullName>
        <middleName />
        <lastName>Brown</lastName>
        <identifiers>
          <bioguideId>B000944</bioguideId>
          <gpoId>8309</gpoId>
          <lisID>136</lisID>
        </identifiers>
        <sponsorshipDate>2019-03-27</sponsorshipDate>
        <bioguideId>B000944</bioguideId>
        <sponsorshipWithdrawnDate />
        <isOriginalCosponsor>True</isOriginalCosponsor>
      </item>
      <item>
        <party>D</party>
        <firstName>Sheldon</firstName>
        <state>RI</state>
        <fullName>Sen. Whitehouse, Sheldon [D-RI]</fullName>
        <middleName />
        <lastName>Whitehouse</lastName>
        <identifiers>
          <lisID>1823</lisID>
          <bioguideId>W000802</bioguideId>
          <gpoId>8264</gpoId>
        </identifiers>
        <sponsorshipDate>2019-03-27</sponsorshipDate>
        <bioguideId>W000802</bioguideId>
        <sponsorshipWithdrawnDate />
        <isOriginalCosponsor>True</isOriginalCosponsor>
      </item>
      <item>
        <party>D</party>
        <firstName>Chris</firstName>
        <state>MD</state>
        <fullName>Sen. Van Hollen, Chris [D-MD]</fullName>
        <middleName />
        <lastName>Van Hollen</lastName>
        <identifiers>
          <bioguideId>V000128</bioguideId>
          <gpoId>7983</gpoId>
          <lisID>1729</lisID>
        </identifiers>
        <sponsorshipDate>2019-03-27</sponsorshipDate>
        <bioguideId>V000128</bioguideId>
        <sponsorshipWithdrawnDate />
        <isOriginalCosponsor>True</isOriginalCosponsor>
      </item>
      <item>
        <party>I</party>
        <firstName>Angus</firstName>
        <state>ME</state>
        <fullName>Sen. King, Angus S., Jr. [I-ME]</fullName>
        <middleName />
        <lastName>King</lastName>
        <identifiers>
          <gpoId />
          <lisID>2185</lisID>
          <bioguideId>K000383</bioguideId>
        </identifiers>
        <sponsorshipDate>2019-03-27</sponsorshipDate>
        <bioguideId>K000383</bioguideId>
        <sponsorshipWithdrawnDate />
        <isOriginalCosponsor>True</isOriginalCosponsor>
      </item>
      <item>
        <party>D</party>
        <firstName>Elizabeth</firstName>
        <state>MA</state>
        <fullName>Sen. Warren, Elizabeth [D-MA]</fullName>
        <middleName>A.</middleName>
        <lastName>Warren</lastName>
        <identifiers>
          <bioguideId>W000817</bioguideId>
          <gpoId />
          <lisID>2182</lisID>
        </identifiers>
        <sponsorshipDate>2019-03-27</sponsorshipDate>
        <bioguideId>W000817</bioguideId>
        <sponsorshipWithdrawnDate />
        <isOriginalCosponsor>True</isOriginalCosponsor>
      </item>
      <item>
        <party>D</party>
        <firstName>Tina</firstName>
        <state>MN</state>
        <fullName>Sen. Smith, Tina  [D-MN]</fullName>
        <middleName />
        <lastName>Smith</lastName>
        <identifiers>
          <bioguideId>S001203</bioguideId>
          <lisID>2365</lisID>
          <gpoId />
        </identifiers>
        <sponsorshipDate>2019-03-27</sponsorshipDate>
        <bioguideId>S001203</bioguideId>
        <sponsorshipWithdrawnDate />
        <isOriginalCosponsor>True</isOriginalCosponsor>
      </item>
      <item>
        <party>D</party>
        <firstName>THOMAS</firstName>
        <state>DE</state>
        <fullName>Sen. Carper, Thomas R. [D-DE]</fullName>
        <middleName>R.</middleName>
        <lastName>CARPER</lastName>
        <identifiers>
          <lisID>179</lisID>
          <bioguideId>C000174</bioguideId>
          <gpoId>8283</gpoId>
        </identifiers>
        <sponsorshipDate>2019-03-27</sponsorshipDate>
        <bioguideId>C000174</bioguideId>
        <sponsorshipWithdrawnDate />
        <isOriginalCosponsor>True</isOriginalCosponsor>
      </item>
      <item>
        <party>D</party>
        <firstName>RICHARD</firstName>
        <state>IL</state>
        <fullName>Sen. Durbin, Richard J. [D-IL]</fullName>
        <middleName>J.</middleName>
        <lastName>DURBIN</lastName>
        <identifiers>
          <gpoId>8326</gpoId>
          <lisID>326</lisID>
          <bioguideId>D000563</bioguideId>
        </identifiers>
        <sponsorshipDate>2019-03-27</sponsorshipDate>
        <bioguideId>D000563</bioguideId>
        <sponsorshipWithdrawnDate />
        <isOriginalCosponsor>True</isOriginalCosponsor>
      </item>
      <item>
        <party>D</party>
        <firstName>Timothy</firstName>
        <state>VA</state>
        <fullName>Sen. Kaine, Tim [D-VA]</fullName>
        <middleName />
        <lastName>Kaine</lastName>
        <identifiers>
          <gpoId />
          <bioguideId>K000384</bioguideId>
          <lisID>2176</lisID>
        </identifiers>
        <sponsorshipDate>2019-03-27</sponsorshipDate>
        <bioguideId>K000384</bioguideId>
        <sponsorshipWithdrawnDate />
        <isOriginalCosponsor>True</isOriginalCosponsor>
      </item>
      <item>
        <party>D</party>
        <firstName>Margaret</firstName>
        <state>NH</state>
        <fullName>Sen. Hassan, Margaret Wood [D-NH]</fullName>
        <middleName>Wood</middleName>
        <lastName>Hassan</lastName>
        <identifiers>
          <gpoId />
          <bioguideId>H001076</bioguideId>
          <lisID>2302</lisID>
        </identifiers>
        <sponsorshipDate>2019-03-27</sponsorshipDate>
        <bioguideId>H001076</bioguideId>
        <sponsorshipWithdrawnDate />
        <isOriginalCosponsor>True</isOriginalCosponsor>
      </item>
      <item>
        <party>D</party>
        <firstName>Richard</firstName>
        <state>CT</state>
        <fullName>Sen. Blumenthal, Richard [D-CT]</fullName>
        <middleName />
        <lastName>Blumenthal</lastName>
        <identifiers>
          <bioguideId>B001277</bioguideId>
          <gpoId>8332</gpoId>
          <lisID>2076</lisID>
        </identifiers>
        <sponsorshipDate>2019-03-27</sponsorshipDate>
        <bioguideId>B001277</bioguideId>
        <sponsorshipWithdrawnDate />
        <isOriginalCosponsor>True</isOriginalCosponsor>
      </item>
      <item>
        <party>I</party>
        <firstName>Bernard</firstName>
        <state>VT</state>
        <fullName>Sen. Sanders, Bernard [I-VT]</fullName>
        <middleName />
        <lastName>Sanders</lastName>
        <identifiers>
          <bioguideId>S000033</bioguideId>
          <lisID>1010</lisID>
          <gpoId>8270</gpoId>
        </identifiers>
        <sponsorshipDate>2019-03-27</sponsorshipDate>
        <bioguideId>S000033</bioguideId>
        <sponsorshipWithdrawnDate />
        <isOriginalCosponsor>True</isOriginalCosponsor>
      </item>
      <item>
        <party>D</party>
        <firstName>Tammy</firstName>
        <state>WI</state>
        <fullName>Sen. Baldwin, Tammy [D-WI]</fullName>
        <middleName />
        <lastName>Baldwin</lastName>
        <identifiers>
          <bioguideId>B001230</bioguideId>
          <gpoId>8215</gpoId>
          <lisID>1558</lisID>
        </identifiers>
        <sponsorshipDate>2019-03-27</sponsorshipDate>
        <bioguideId>B001230</bioguideId>
        <sponsorshipWithdrawnDate />
        <isOriginalCosponsor>True</isOriginalCosponsor>
      </item>
      <item>
        <party>D</party>
        <firstName>Jeanne</firstName>
        <state>NH</state>
        <fullName>Sen. Shaheen, Jeanne [D-NH]</fullName>
        <middleName />
        <lastName>Shaheen</lastName>
        <identifiers>
          <bioguideId>S001181</bioguideId>
          <gpoId>8276</gpoId>
          <lisID>1901</lisID>
        </identifiers>
        <sponsorshipDate>2019-03-27</sponsorshipDate>
        <bioguideId>S001181</bioguideId>
        <sponsorshipWithdrawnDate />
        <isOriginalCosponsor>True</isOriginalCosponsor>
      </item>
      <item>
        <party>D</party>
        <firstName>Michael</firstName>
        <state>CO</state>
        <fullName>Sen. Bennet, Michael F. [D-CO]</fullName>
        <middleName>F.</middleName>
        <lastName>Bennet</lastName>
        <identifiers>
          <gpoId>8302</gpoId>
          <bioguideId>B001267</bioguideId>
          <lisID>1965</lisID>
        </identifiers>
        <sponsorshipDate>2019-03-27</sponsorshipDate>
        <bioguideId>B001267</bioguideId>
        <sponsorshipWithdrawnDate />
        <isOriginalCosponsor>True</isOriginalCosponsor>
      </item>
      <item>
        <party>D</party>
        <firstName>JOHN</firstName>
        <state>RI</state>
        <fullName>Sen. Reed, Jack [D-RI]</fullName>
        <middleName>F.</middleName>
        <lastName>REED</lastName>
        <identifiers>
          <bioguideId>R000122</bioguideId>
          <lisID>949</lisID>
          <gpoId>8272</gpoId>
        </identifiers>
        <sponsorshipDate>2019-03-27</sponsorshipDate>
        <bioguideId>R000122</bioguideId>
        <sponsorshipWithdrawnDate />
        <isOriginalCosponsor>True</isOriginalCosponsor>
      </item>
      <item>
        <party>D</party>
        <firstName>Cory</firstName>
        <state>NJ</state>
        <fullName>Sen. Booker, Cory A. [D-NJ]</fullName>
        <middleName>A.</middleName>
        <lastName>Booker</lastName>
        <identifiers>
          <bioguideId>B001288</bioguideId>
          <lisID>2194</lisID>
          <gpoId />
        </identifiers>
        <sponsorshipDate>2019-03-27</sponsorshipDate>
        <bioguideId>B001288</bioguideId>
        <sponsorshipWithdrawnDate />
        <isOriginalCosponsor>True</isOriginalCosponsor>
      </item>
      <item>
        <party>D</party>
        <firstName>DIANNE</firstName>
        <state>CA</state>
        <fullName>Sen. Feinstein, Dianne [D-CA]</fullName>
        <middleName />
        <lastName>FEINSTEIN</lastName>
        <identifiers>
          <gpoId>8338</gpoId>
          <lisID>1332</lisID>
          <bioguideId>F000062</bioguideId>
        </identifiers>
        <sponsorshipDate>2019-03-27</sponsorshipDate>
        <bioguideId>F000062</bioguideId>
        <sponsorshipWithdrawnDate />
        <isOriginalCosponsor>True</isOriginalCosponsor>
      </item>
      <item>
        <party>D</party>
        <firstName>Amy</firstName>
        <state>MN</state>
        <fullName>Sen. Klobuchar, Amy [D-MN]</fullName>
        <middleName />
        <lastName>Klobuchar</lastName>
        <identifiers>
          <gpoId>8249</gpoId>
          <lisID>1826</lisID>
          <bioguideId>K000367</bioguideId>
        </identifiers>
        <sponsorshipDate>2019-03-27</sponsorshipDate>
        <bioguideId>K000367</bioguideId>
        <sponsorshipWithdrawnDate />
        <isOriginalCosponsor>True</isOriginalCosponsor>
      </item>
      <item>
        <party>D</party>
        <firstName>Mazie</firstName>
        <state>HI</state>
        <fullName>Sen. Hirono, Mazie K. [D-HI]</fullName>
        <middleName>K.</middleName>
        <lastName>Hirono</lastName>
        <identifiers>
          <bioguideId>H001042</bioguideId>
          <gpoId>7913</gpoId>
          <lisID>1844</lisID>
        </identifiers>
        <sponsorshipDate>2019-03-27</sponsorshipDate>
        <bioguideId>H001042</bioguideId>
        <sponsorshipWithdrawnDate />
        <isOriginalCosponsor>True</isOriginalCosponsor>
      </item>
      <item>
        <party>D</party>
        <firstName>Jacklyn</firstName>
        <state>NV</state>
        <fullName>Sen. Rosen, Jacky [D-NV]</fullName>
        <middleName />
        <lastName>Rosen</lastName>
        <identifiers>
          <bioguideId>R000608</bioguideId>
          <gpoId />
          <lisID>2339</lisID>
        </identifiers>
        <sponsorshipDate>2019-03-27</sponsorshipDate>
        <bioguideId>R000608</bioguideId>
        <sponsorshipWithdrawnDate />
        <isOriginalCosponsor>True</isOriginalCosponsor>
      </item>
      <item>
        <party>D</party>
        <firstName>Kyrsten</firstName>
        <state>AZ</state>
        <fullName>Sen. Sinema, Kyrsten [D-AZ]</fullName>
        <middleName />
        <lastName>Sinema</lastName>
        <identifiers>
          <gpoId />
          <lisID>2099</lisID>
          <bioguideId>S001191</bioguideId>
        </identifiers>
        <sponsorshipDate>2019-03-27</sponsorshipDate>
        <bioguideId>S001191</bioguideId>
        <sponsorshipWithdrawnDate />
        <isOriginalCosponsor>True</isOriginalCosponsor>
      </item>
      <item>
        <party>D</party>
        <firstName>Kamala</firstName>
        <state>CA</state>
        <fullName>Sen. Harris, Kamala D. [D-CA]</fullName>
        <middleName>D.</middleName>
        <lastName>Harris</lastName>
        <identifiers>
          <bioguideId>H001075</bioguideId>
          <gpoId />
          <lisID>2301</lisID>
        </identifiers>
        <sponsorshipDate>2019-03-27</sponsorshipDate>
        <bioguideId>H001075</bioguideId>
        <sponsorshipWithdrawnDate />
        <isOriginalCosponsor>True</isOriginalCosponsor>
      </item>
    </cosponsors>
    <originChamber>Senate</originChamber>
    <textVersions>
      <item>
        <date>2019-03-27T04:00:00Z</date>
        <type>Agreed to Senate</type>
        <formats>
          <item>
            <url>https://www.govinfo.gov/content/pkg/BILLS-116sres126ats/xml/BILLS-116sres126ats.xml</url>
          </item>
        </formats>
      </item>
    </textVersions>
    <committees>
      <billCommittees />
    </committees>
    <createDate>2019-03-28T04:42:07Z</createDate>
    <billNumber>126</billNumber>
    <titles>
      <item>
        <chamberName />
        <titleType>Official Title as Introduced</titleType>
        <parentTitleType />
        <chamberCode />
        <title>A resolution expressing support for the designation of the week of March 25 through March 29, 2019, as "Public Schools Week".</title>
      </item>
      <item>
        <chamberName />
        <titleType>Display Title</titleType>
        <parentTitleType />
        <chamberCode />
        <title>A resolution expressing support for the designation of the week of March 25 through March 29, 2019, as "Public Schools Week".</title>
      </item>
    </titles>
    <cboCostEstimates />
    <subjects>
      <billSubjects>
        <policyArea>
          <name>Education</name>
        </policyArea>
        <legislativeSubjects>
          <item>
            <name>Commemorative events and holidays</name>
          </item>
          <item>
            <name>Elementary and secondary education</name>
          </item>
        </legislativeSubjects>
      </billSubjects>
    </subjects>
    <title>A resolution expressing support for the designation of the week of March 25 through March 29, 2019, as "Public Schools Week".</title>
  </bill>
  <dublinCore xmlns:dc="http://purl.org/dc/elements/1.1/">
    <dc:format>text/xml</dc:format>
    <dc:language>EN</dc:language>
    <dc:rights>Pursuant to Title 17 Section 105 of the United States Code, this file is not subject to copyright protection and is in the public domain.</dc:rights>
    <dc:contributor>Congressional Research Service, Library of Congress</dc:contributor>
    <dc:description>This file contains bill summaries and statuses for federal legislation. A bill summary describes the most significant provisions of a piece of legislation and details the effects the legislative text may have on current law and federal programs. Bill summaries are authored by the Congressional Research Service (CRS) of the Library of Congress. As stated in Public Law 91-510 (2 USC 166 (d)(6)), one of the duties of CRS is "to prepare summaries and digests of bills and resolutions of a public general nature introduced in the Senate or House of Representatives". For more information, refer to the User Guide that accompanies this file.</dc:description>
  </dublinCore>
</billStatus>

