<?xml version="1.0" encoding="UTF-8"?>
<billStatus>
  <bill>
    <summaries>
      <billSummaries />
    </summaries>
    <updateDate>2019-10-05T10:00:44Z</updateDate>
    <subjects>
      <billSubjects>
        <policyArea>
          <name>Families</name>
        </policyArea>
        <legislativeSubjects>
          <item>
            <name>Adoption and foster care</name>
          </item>
          <item>
            <name>Child care and development</name>
          </item>
          <item>
            <name>Child safety and welfare</name>
          </item>
          <item>
            <name>Commemorative events and holidays</name>
          </item>
          <item>
            <name>Congressional tributes</name>
          </item>
          <item>
            <name>Family relationships</name>
          </item>
          <item>
            <name>Family services</name>
          </item>
        </legislativeSubjects>
      </billSubjects>
    </subjects>
    <committeeReports />
    <createDate>2019-09-24T04:27:20Z</createDate>
    <sponsors>
      <item>
        <bioguideId>W000779</bioguideId>
        <byRequestType />
        <fullName>Sen. Wyden, Ron [D-OR]</fullName>
        <party>D</party>
        <state>OR</state>
        <middleName />
        <identifiers>
          <gpoId>8265</gpoId>
          <lisID>1247</lisID>
          <bioguideId>W000779</bioguideId>
        </identifiers>
        <lastName>WYDEN</lastName>
        <firstName>RON</firstName>
      </item>
    </sponsors>
    <policyArea>
      <name>Families</name>
    </policyArea>
    <billType>SRES</billType>
    <latestAction>
      <actionDate>2019-09-23</actionDate>
      <text>Submitted in the Senate, considered, and agreed to without amendment and with a preamble by Unanimous Consent. (consideration: CR S5633; text: CR S5631-5632)</text>
      <links />
    </latestAction>
    <notes />
    <cosponsors>
      <item>
        <state>IA</state>
        <bioguideId>G000386</bioguideId>
        <middleName>ERNEST</middleName>
        <party>R</party>
        <firstName>CHARLES</firstName>
        <lastName>GRASSLEY</lastName>
        <sponsorshipWithdrawnDate />
        <fullName>Sen. Grassley, Chuck [R-IA]</fullName>
        <isOriginalCosponsor>True</isOriginalCosponsor>
        <sponsorshipDate>2019-09-23</sponsorshipDate>
        <identifiers>
          <bioguideId>G000386</bioguideId>
          <lisID>457</lisID>
          <gpoId>8316</gpoId>
        </identifiers>
      </item>
      <item>
        <state>KS</state>
        <bioguideId>R000307</bioguideId>
        <middleName />
        <party>R</party>
        <firstName>PAT</firstName>
        <lastName>ROBERTS</lastName>
        <sponsorshipWithdrawnDate />
        <fullName>Sen. Roberts, Pat [R-KS]</fullName>
        <isOriginalCosponsor>True</isOriginalCosponsor>
        <sponsorshipDate>2019-09-23</sponsorshipDate>
        <identifiers>
          <gpoId>8275</gpoId>
          <lisID>968</lisID>
          <bioguideId>R000307</bioguideId>
        </identifiers>
      </item>
      <item>
        <state>PA</state>
        <bioguideId>C001070</bioguideId>
        <middleName />
        <party>D</party>
        <firstName>Bob</firstName>
        <lastName>Casey</lastName>
        <sponsorshipWithdrawnDate />
        <fullName>Sen. Casey, Robert P., Jr. [D-PA]</fullName>
        <isOriginalCosponsor>True</isOriginalCosponsor>
        <sponsorshipDate>2019-09-23</sponsorshipDate>
        <identifiers>
          <bioguideId>C001070</bioguideId>
          <lisID>1828</lisID>
          <gpoId>8282</gpoId>
        </identifiers>
      </item>
      <item>
        <state>NH</state>
        <bioguideId>H001076</bioguideId>
        <middleName>Wood</middleName>
        <party>D</party>
        <firstName>Margaret</firstName>
        <lastName>Hassan</lastName>
        <sponsorshipWithdrawnDate />
        <fullName>Sen. Hassan, Margaret Wood [D-NH]</fullName>
        <isOriginalCosponsor>True</isOriginalCosponsor>
        <sponsorshipDate>2019-09-23</sponsorshipDate>
        <identifiers>
          <gpoId />
          <lisID>2302</lisID>
          <bioguideId>H001076</bioguideId>
        </identifiers>
      </item>
      <item>
        <state>AL</state>
        <bioguideId>J000300</bioguideId>
        <middleName />
        <party>D</party>
        <firstName>Doug</firstName>
        <lastName>Jones</lastName>
        <sponsorshipWithdrawnDate />
        <fullName>Sen. Jones, Doug  [D-AL]</fullName>
        <isOriginalCosponsor>True</isOriginalCosponsor>
        <sponsorshipDate>2019-09-23</sponsorshipDate>
        <identifiers>
          <bioguideId>J000300</bioguideId>
          <gpoId />
          <lisID>2364</lisID>
        </identifiers>
      </item>
      <item>
        <state>OH</state>
        <bioguideId>B000944</bioguideId>
        <middleName />
        <party>D</party>
        <firstName>Sherrod</firstName>
        <lastName>Brown</lastName>
        <sponsorshipWithdrawnDate />
        <fullName>Sen. Brown, Sherrod [D-OH]</fullName>
        <isOriginalCosponsor>True</isOriginalCosponsor>
        <sponsorshipDate>2019-09-23</sponsorshipDate>
        <identifiers>
          <gpoId>8309</gpoId>
          <lisID>136</lisID>
          <bioguideId>B000944</bioguideId>
        </identifiers>
      </item>
      <item>
        <state>MN</state>
        <bioguideId>K000367</bioguideId>
        <middleName />
        <party>D</party>
        <firstName>Amy</firstName>
        <lastName>Klobuchar</lastName>
        <sponsorshipWithdrawnDate />
        <fullName>Sen. Klobuchar, Amy [D-MN]</fullName>
        <isOriginalCosponsor>True</isOriginalCosponsor>
        <sponsorshipDate>2019-09-23</sponsorshipDate>
        <identifiers>
          <bioguideId>K000367</bioguideId>
          <gpoId>8249</gpoId>
          <lisID>1826</lisID>
        </identifiers>
      </item>
      <item>
        <state>AZ</state>
        <bioguideId>S001191</bioguideId>
        <middleName />
        <party>D</party>
        <firstName>Kyrsten</firstName>
        <lastName>Sinema</lastName>
        <sponsorshipWithdrawnDate />
        <fullName>Sen. Sinema, Kyrsten [D-AZ]</fullName>
        <isOriginalCosponsor>True</isOriginalCosponsor>
        <sponsorshipDate>2019-09-23</sponsorshipDate>
        <identifiers>
          <gpoId />
          <lisID>2099</lisID>
          <bioguideId>S001191</bioguideId>
        </identifiers>
      </item>
      <item>
        <state>NY</state>
        <bioguideId>S000148</bioguideId>
        <middleName>E.</middleName>
        <party>D</party>
        <firstName>CHARLES</firstName>
        <lastName>SCHUMER</lastName>
        <sponsorshipWithdrawnDate />
        <fullName>Sen. Schumer, Charles E. [D-NY]</fullName>
        <isOriginalCosponsor>True</isOriginalCosponsor>
        <sponsorshipDate>2019-09-23</sponsorshipDate>
        <identifiers>
          <bioguideId>S000148</bioguideId>
          <gpoId>8279</gpoId>
          <lisID>1036</lisID>
        </identifiers>
      </item>
      <item>
        <state>WI</state>
        <bioguideId>B001230</bioguideId>
        <middleName />
        <party>D</party>
        <firstName>Tammy</firstName>
        <lastName>Baldwin</lastName>
        <sponsorshipWithdrawnDate />
        <fullName>Sen. Baldwin, Tammy [D-WI]</fullName>
        <isOriginalCosponsor>True</isOriginalCosponsor>
        <sponsorshipDate>2019-09-23</sponsorshipDate>
        <identifiers>
          <gpoId>8215</gpoId>
          <lisID>1558</lisID>
          <bioguideId>B001230</bioguideId>
        </identifiers>
      </item>
      <item>
        <state>IN</state>
        <bioguideId>Y000064</bioguideId>
        <middleName />
        <party>R</party>
        <firstName>Todd</firstName>
        <lastName>Young</lastName>
        <sponsorshipWithdrawnDate />
        <fullName>Sen. Young, Todd [R-IN]</fullName>
        <isOriginalCosponsor>True</isOriginalCosponsor>
        <sponsorshipDate>2019-09-23</sponsorshipDate>
        <identifiers>
          <bioguideId>Y000064</bioguideId>
          <gpoId>7948</gpoId>
          <lisID>2019</lisID>
        </identifiers>
      </item>
      <item>
        <state>VA</state>
        <bioguideId>K000384</bioguideId>
        <middleName />
        <party>D</party>
        <firstName>Timothy</firstName>
        <lastName>Kaine</lastName>
        <sponsorshipWithdrawnDate />
        <fullName>Sen. Kaine, Tim [D-VA]</fullName>
        <isOriginalCosponsor>True</isOriginalCosponsor>
        <sponsorshipDate>2019-09-23</sponsorshipDate>
        <identifiers>
          <bioguideId>K000384</bioguideId>
          <lisID>2176</lisID>
          <gpoId />
        </identifiers>
      </item>
      <item>
        <state>MT</state>
        <bioguideId>D000618</bioguideId>
        <middleName />
        <party>R</party>
        <firstName>Steve</firstName>
        <lastName>Daines</lastName>
        <sponsorshipWithdrawnDate />
        <fullName>Sen. Daines, Steve [R-MT]</fullName>
        <isOriginalCosponsor>True</isOriginalCosponsor>
        <sponsorshipDate>2019-09-23</sponsorshipDate>
        <identifiers>
          <lisID>2138</lisID>
          <gpoId />
          <bioguideId>D000618</bioguideId>
        </identifiers>
      </item>
      <item>
        <state>MD</state>
        <bioguideId>V000128</bioguideId>
        <middleName />
        <party>D</party>
        <firstName>Chris</firstName>
        <lastName>Van Hollen</lastName>
        <sponsorshipWithdrawnDate />
        <fullName>Sen. Van Hollen, Chris [D-MD]</fullName>
        <isOriginalCosponsor>True</isOriginalCosponsor>
        <sponsorshipDate>2019-09-23</sponsorshipDate>
        <identifiers>
          <bioguideId>V000128</bioguideId>
          <gpoId>7983</gpoId>
          <lisID>1729</lisID>
        </identifiers>
      </item>
    </cosponsors>
    <originChamber>Senate</originChamber>
    <billNumber>323</billNumber>
    <calendarNumbers />
    <amendments />
    <introducedDate>2019-09-23</introducedDate>
    <version>1.0.0</version>
    <cboCostEstimates />
    <relatedBills>
      <item>
        <latestAction>
          <text>Referred to the House Committee on Ways and Means.</text>
          <actionDate>2019-08-27</actionDate>
        </latestAction>
        <type>HRES</type>
        <congress>116</congress>
        <latestTitle>Expressing support for the designation of September 2019 as "National Kinship Care Month".</latestTitle>
        <number>542</number>
        <relationshipDetails>
          <item>
            <type>Related bill</type>
            <identifiedBy>CRS</identifiedBy>
          </item>
        </relationshipDetails>
      </item>
    </relatedBills>
    <textVersions>
      <item>
        <type>Agreed to Senate</type>
        <date>2019-09-23T04:00:00Z</date>
        <formats>
          <item>
            <url>https://www.govinfo.gov/content/pkg/BILLS-116sres323ats/xml/BILLS-116sres323ats.xml</url>
          </item>
        </formats>
      </item>
    </textVersions>
    <recordedVotes />
    <congress>116</congress>
    <title>A resolution designating September 2019 as "National Kinship Care Month".</title>
    <titles>
      <item>
        <title>A resolution designating September 2019 as "National Kinship Care Month".</title>
        <chamberCode />
        <titleType>Official Title as Introduced</titleType>
        <parentTitleType />
        <chamberName />
      </item>
      <item>
        <title>A resolution designating September 2019 as "National Kinship Care Month".</title>
        <chamberCode />
        <titleType>Display Title</titleType>
        <parentTitleType />
        <chamberName />
      </item>
    </titles>
    <committees>
      <billCommittees />
    </committees>
    <actions>
      <item>
        <actionDate>2019-09-23</actionDate>
        <committee />
        <links>
          <link>
            <name>S5631-5632</name>
            <url>https://www.congress.gov/congressional-record/volume-165/senate-section/page/S5631-5632</url>
          </link>
          <link>
            <name>S5633</name>
            <url>https://www.congress.gov/congressional-record/volume-165/senate-section/page/S5633</url>
          </link>
        </links>
        <sourceSystem>
          <code>0</code>
          <name>Senate</name>
        </sourceSystem>
        <text>Submitted in the Senate, considered, and agreed to without amendment and with a preamble by Unanimous Consent. (consideration: CR S5633; text: CR S5631-5632)</text>
        <type>Floor</type>
      </item>
      <item>
        <sourceSystem>
          <code>9</code>
          <name>Library of Congress</name>
        </sourceSystem>
        <actionDate>2019-09-23</actionDate>
        <type>Floor</type>
        <links>
          <link>
            <name>S5631-5632</name>
            <url>https://www.congress.gov/congressional-record/volume-165/senate-section/page/S5631-5632</url>
          </link>
          <link>
            <name>S5633</name>
            <url>https://www.congress.gov/congressional-record/volume-165/senate-section/page/S5633</url>
          </link>
        </links>
        <committee />
        <text>Passed/agreed to in Senate: Submitted in the Senate, considered, and agreed to without amendment and with a preamble by Unanimous Consent.(consideration: CR S5633; text: CR S5631-5632)</text>
        <actionCode>17000</actionCode>
      </item>
      <item>
        <sourceSystem>
          <code>9</code>
          <name>Library of Congress</name>
        </sourceSystem>
        <actionDate>2019-09-23</actionDate>
        <type>IntroReferral</type>
        <links />
        <committee />
        <text>Introduced in Senate</text>
        <actionCode>10000</actionCode>
      </item>
      <actionByCounts>
        <senate>3</senate>
      </actionByCounts>
      <actionTypeCounts>
        <passedOrAgreedToInSenateDayOf>1</passedOrAgreedToInSenateDayOf>
        <passedAgreedToInSenate>1</passedAgreedToInSenate>
        <introducedInSenate>1</introducedInSenate>
      </actionTypeCounts>
    </actions>
    <laws />
  </bill>
  <dublinCore xmlns:dc="http://purl.org/dc/elements/1.1/">
    <dc:format>text/xml</dc:format>
    <dc:language>EN</dc:language>
    <dc:rights>Pursuant to Title 17 Section 105 of the United States Code, this file is not subject to copyright protection and is in the public domain.</dc:rights>
    <dc:contributor>Congressional Research Service, Library of Congress</dc:contributor>
    <dc:description>This file contains bill summaries and statuses for federal legislation. A bill summary describes the most significant provisions of a piece of legislation and details the effects the legislative text may have on current law and federal programs. Bill summaries are authored by the Congressional Research Service (CRS) of the Library of Congress. As stated in Public Law 91-510 (2 USC 166 (d)(6)), one of the duties of CRS is "to prepare summaries and digests of bills and resolutions of a public general nature introduced in the Senate or House of Representatives". For more information, refer to the User Guide that accompanies this file.</dc:description>
  </dublinCore>
</billStatus>

