<?xml version="1.0" encoding="UTF-8"?>
<billStatus>
  <bill>
    <billNumber>206</billNumber>
    <committeeReports />
    <cboCostEstimates />
    <summaries>
      <billSummaries />
    </summaries>
    <notes />
    <createDate>2019-05-15T04:42:14Z</createDate>
    <cosponsors>
      <item>
        <bioguideId>Y000064</bioguideId>
        <state>IN</state>
        <party>R</party>
        <fullName>Sen. Young, Todd [R-IN]</fullName>
        <lastName>Young</lastName>
        <sponsorshipWithdrawnDate />
        <isOriginalCosponsor>True</isOriginalCosponsor>
        <firstName>Todd</firstName>
        <identifiers>
          <bioguideId>Y000064</bioguideId>
          <lisID>2019</lisID>
          <gpoId>7948</gpoId>
        </identifiers>
        <middleName />
        <sponsorshipDate>2019-05-14</sponsorshipDate>
      </item>
    </cosponsors>
    <originChamber>Senate</originChamber>
    <amendments />
    <updateDate>2019-11-15T21:56:33Z</updateDate>
    <relatedBills />
    <latestAction>
      <text>Placed on Senate Legislative Calendar under General Orders. Calendar No. 146.</text>
      <actionDate>2019-07-15</actionDate>
      <links />
    </latestAction>
    <introducedDate>2019-05-14</introducedDate>
    <laws />
    <subjects>
      <billSubjects>
        <legislativeSubjects>
          <item>
            <name>Commemorative events and holidays</name>
          </item>
          <item>
            <name>Conflicts and wars</name>
          </item>
          <item>
            <name>Foreign aid and international relief</name>
          </item>
          <item>
            <name>Human rights</name>
          </item>
          <item>
            <name>International law and treaties</name>
          </item>
          <item>
            <name>Military operations and strategy</name>
          </item>
          <item>
            <name>Sanctions</name>
          </item>
          <item>
            <name>Terrorism</name>
          </item>
        </legislativeSubjects>
        <policyArea>
          <name>International Affairs</name>
        </policyArea>
      </billSubjects>
    </subjects>
    <calendarNumbers>
      <item>
        <calendar>Senate Calendar of Business</calendar>
        <number>0146</number>
      </item>
    </calendarNumbers>
    <textVersions>
      <item>
        <type>Reported to Senate</type>
        <date>2019-07-15T04:00:00Z</date>
        <formats>
          <item>
            <url>https://www.govinfo.gov/content/pkg/BILLS-116sres206rs/xml/BILLS-116sres206rs.xml</url>
          </item>
        </formats>
      </item>
      <item>
        <type>Introduced in Senate</type>
        <date>2019-05-14T04:00:00Z</date>
        <formats>
          <item>
            <url>https://www.govinfo.gov/content/pkg/BILLS-116sres206is/xml/BILLS-116sres206is.xml</url>
          </item>
        </formats>
      </item>
    </textVersions>
    <version>1.0.0</version>
    <policyArea>
      <name>International Affairs</name>
    </policyArea>
    <recordedVotes />
    <sponsors>
      <item>
        <bioguideId>B001288</bioguideId>
        <state>NJ</state>
        <party>D</party>
        <fullName>Sen. Booker, Cory A. [D-NJ]</fullName>
        <firstName>Cory</firstName>
        <lastName>Booker</lastName>
        <byRequestType />
        <middleName>A.</middleName>
        <identifiers>
          <lisID>2194</lisID>
          <gpoId />
          <bioguideId>B001288</bioguideId>
        </identifiers>
      </item>
    </sponsors>
    <billType>SRES</billType>
    <title>A resolution marking the 70th anniversary of the four Geneva Conventions of 1949, expressing concern about significant violations of international humanitarian law on contemporary battlefields, and encouraging United States leadership in ensuring greater respect for international humanitarian law in current conflicts, particularly with its security partners.</title>
    <congress>116</congress>
    <committees>
      <billCommittees>
        <item>
          <type>Standing</type>
          <chamber>Senate</chamber>
          <systemCode>ssfr00</systemCode>
          <name>Foreign Relations Committee</name>
          <activities>
            <item>
              <name>Reported by</name>
              <date>2019-07-15T21:21:27Z</date>
            </item>
            <item>
              <name>Markup by</name>
              <date>2019-06-25T18:15:40Z</date>
            </item>
            <item>
              <name>Referred to</name>
              <date>2019-05-14T18:56:46Z</date>
            </item>
          </activities>
          <subcommittees />
        </item>
      </billCommittees>
    </committees>
    <actions>
      <actionTypeCounts>
        <reportedToSenate>2</reportedToSenate>
        <introducedInSenate>1</introducedInSenate>
        <orderedReported>1</orderedReported>
        <placedOnCalendarGeneralOrders>1</placedOnCalendarGeneralOrders>
        <referredToCommittee>1</referredToCommittee>
      </actionTypeCounts>
      <item>
        <actionDate>2019-07-15</actionDate>
        <committee />
        <links />
        <sourceSystem>
          <code>0</code>
          <name>Senate</name>
        </sourceSystem>
        <text>Placed on Senate Legislative Calendar under General Orders. Calendar No. 146.</text>
        <type>Calendars</type>
      </item>
      <item>
        <actionDate>2019-07-15</actionDate>
        <committee>
          <systemCode>ssfr00</systemCode>
          <name>Foreign Relations Committee</name>
        </committee>
        <links />
        <sourceSystem>
          <code>0</code>
          <name>Senate</name>
        </sourceSystem>
        <text>Committee on Foreign Relations. Reported by Senator Risch with an amendment in the nature of a substitute and an amendment to the title and with an amended preamble. Without written report.</text>
        <type>Committee</type>
      </item>
      <item>
        <actionCode>14000</actionCode>
        <text>Committee on Foreign Relations. Reported by Senator Risch with an amendment in the nature of a substitute and an amendment to the title and with an amended preamble. Without written report.</text>
        <sourceSystem>
          <code>9</code>
          <name>Library of Congress</name>
        </sourceSystem>
        <actionDate>2019-07-15</actionDate>
        <type>Committee</type>
        <links />
        <committee>
          <systemCode>ssfr00</systemCode>
          <name>Foreign Relations Committee</name>
        </committee>
      </item>
      <item>
        <actionDate>2019-06-25</actionDate>
        <committee>
          <systemCode>ssfr00</systemCode>
          <name>Foreign Relations Committee</name>
        </committee>
        <links />
        <sourceSystem>
          <code>0</code>
          <name>Senate</name>
        </sourceSystem>
        <text>Committee on Foreign Relations. Ordered to be reported with an amendment favorably.</text>
        <type>Committee</type>
      </item>
      <item>
        <actionDate>2019-05-14</actionDate>
        <committee>
          <systemCode>ssfr00</systemCode>
          <name>Foreign Relations Committee</name>
        </committee>
        <links>
          <link>
            <url>https://www.congress.gov/congressional-record/volume-165/senate-section/page/S2834</url>
            <name>S2834</name>
          </link>
        </links>
        <sourceSystem>
          <code>0</code>
          <name>Senate</name>
        </sourceSystem>
        <text>Referred to the Committee on Foreign Relations. (text: CR S2834)</text>
        <type>IntroReferral</type>
      </item>
      <item>
        <actionCode>10000</actionCode>
        <text>Introduced in Senate</text>
        <sourceSystem>
          <code>9</code>
          <name>Library of Congress</name>
        </sourceSystem>
        <actionDate>2019-05-14</actionDate>
        <type>IntroReferral</type>
        <links />
        <committee />
      </item>
      <actionByCounts>
        <senate>6</senate>
      </actionByCounts>
    </actions>
    <titles>
      <item>
        <chamberName />
        <title>A resolution marking the 70th anniversary of the four Geneva Conventions of 1949, expressing concern about significant violations of international humanitarian law on contemporary battlefields, and encouraging United States leadership in ensuring greater respect for international humanitarian law in current conflicts, particularly with its security partners.</title>
        <parentTitleType />
        <titleType>Official Title as Introduced</titleType>
        <chamberCode />
      </item>
      <item>
        <chamberName />
        <title>A resolution marking the 70th anniversary of the four Geneva Conventions of 1949, expressing concern about significant violations of international humanitarian law on contemporary battlefields, and encouraging United States leadership in ensuring greater respect for international humanitarian law in current conflicts, particularly with its security partners.</title>
        <parentTitleType />
        <titleType>Display Title</titleType>
        <chamberCode />
      </item>
    </titles>
  </bill>
  <dublinCore xmlns:dc="http://purl.org/dc/elements/1.1/">
    <dc:format>text/xml</dc:format>
    <dc:language>EN</dc:language>
    <dc:rights>Pursuant to Title 17 Section 105 of the United States Code, this file is not subject to copyright protection and is in the public domain.</dc:rights>
    <dc:contributor>Congressional Research Service, Library of Congress</dc:contributor>
    <dc:description>This file contains bill summaries and statuses for federal legislation. A bill summary describes the most significant provisions of a piece of legislation and details the effects the legislative text may have on current law and federal programs. Bill summaries are authored by the Congressional Research Service (CRS) of the Library of Congress. As stated in Public Law 91-510 (2 USC 166 (d)(6)), one of the duties of CRS is "to prepare summaries and digests of bills and resolutions of a public general nature introduced in the Senate or House of Representatives". For more information, refer to the User Guide that accompanies this file.</dc:description>
  </dublinCore>
</billStatus>

