<?xml version="1.0" encoding="UTF-8"?>
<billStatus>
  <bill>
    <createDate>2019-08-01T07:42:15Z</createDate>
    <relatedBills />
    <updateDate>2019-08-16T10:34:26Z</updateDate>
    <title>A resolution designating the first week in August 2019 as "World Breastfeeding Week", and designating August 2019 as "National Breastfeeding Month".</title>
    <recordedVotes />
    <calendarNumbers />
    <actions>
      <actionByCounts>
        <senate>2</senate>
      </actionByCounts>
      <actionTypeCounts>
        <introducedInSenate>1</introducedInSenate>
        <referredToCommittee>1</referredToCommittee>
      </actionTypeCounts>
      <item>
        <actionDate>2019-07-31</actionDate>
        <committee>
          <systemCode>ssju00</systemCode>
          <name>Judiciary Committee</name>
        </committee>
        <links>
          <link>
            <name>S5258</name>
            <url>https://www.congress.gov/congressional-record/volume-165/senate-section/page/S5258</url>
          </link>
        </links>
        <sourceSystem>
          <code>0</code>
          <name>Senate</name>
        </sourceSystem>
        <text>Referred to the Committee on the Judiciary. (text: CR S5258)</text>
        <type>IntroReferral</type>
      </item>
      <item>
        <actionDate>2019-07-31</actionDate>
        <committee />
        <sourceSystem>
          <code>9</code>
          <name>Library of Congress</name>
        </sourceSystem>
        <type>IntroReferral</type>
        <links />
        <text>Introduced in Senate</text>
        <actionCode>10000</actionCode>
      </item>
    </actions>
    <billNumber>299</billNumber>
    <policyArea>
      <name>Health</name>
    </policyArea>
    <version>1.0.0</version>
    <sponsors>
      <item>
        <party>D</party>
        <bioguideId>M001176</bioguideId>
        <fullName>Sen. Merkley, Jeff [D-OR]</fullName>
        <lastName>Merkley</lastName>
        <middleName />
        <byRequestType />
        <state>OR</state>
        <firstName>Jeff</firstName>
        <identifiers>
          <gpoId>8238</gpoId>
          <bioguideId>M001176</bioguideId>
          <lisID>1900</lisID>
        </identifiers>
      </item>
    </sponsors>
    <cosponsors>
      <item>
        <sponsorshipDate>2019-07-31</sponsorshipDate>
        <sponsorshipWithdrawnDate />
        <state>IL</state>
        <middleName />
        <bioguideId>D000622</bioguideId>
        <firstName>Tammy</firstName>
        <party>D</party>
        <lastName>Duckworth</lastName>
        <identifiers>
          <gpoId />
          <bioguideId>D000622</bioguideId>
          <lisID>2123</lisID>
        </identifiers>
        <fullName>Sen. Duckworth, Tammy [D-IL]</fullName>
        <isOriginalCosponsor>True</isOriginalCosponsor>
      </item>
      <item>
        <sponsorshipDate>2019-07-31</sponsorshipDate>
        <sponsorshipWithdrawnDate />
        <state>CT</state>
        <middleName />
        <bioguideId>B001277</bioguideId>
        <firstName>Richard</firstName>
        <party>D</party>
        <lastName>Blumenthal</lastName>
        <identifiers>
          <lisID>2076</lisID>
          <bioguideId>B001277</bioguideId>
          <gpoId>8332</gpoId>
        </identifiers>
        <fullName>Sen. Blumenthal, Richard [D-CT]</fullName>
        <isOriginalCosponsor>True</isOriginalCosponsor>
      </item>
      <item>
        <sponsorshipDate>2019-07-31</sponsorshipDate>
        <sponsorshipWithdrawnDate />
        <state>MA</state>
        <middleName>J.</middleName>
        <bioguideId>M000133</bioguideId>
        <firstName>EDWARD</firstName>
        <party>D</party>
        <lastName>MARKEY</lastName>
        <identifiers>
          <lisID>735</lisID>
          <gpoId>7972</gpoId>
          <bioguideId>M000133</bioguideId>
        </identifiers>
        <fullName>Sen. Markey, Edward J. [D-MA]</fullName>
        <isOriginalCosponsor>True</isOriginalCosponsor>
      </item>
      <item>
        <sponsorshipDate>2019-07-31</sponsorshipDate>
        <sponsorshipWithdrawnDate />
        <state>OH</state>
        <middleName />
        <bioguideId>B000944</bioguideId>
        <firstName>Sherrod</firstName>
        <party>D</party>
        <lastName>Brown</lastName>
        <identifiers>
          <gpoId>8309</gpoId>
          <bioguideId>B000944</bioguideId>
          <lisID>136</lisID>
        </identifiers>
        <fullName>Sen. Brown, Sherrod [D-OH]</fullName>
        <isOriginalCosponsor>True</isOriginalCosponsor>
      </item>
      <item>
        <sponsorshipDate>2019-07-31</sponsorshipDate>
        <sponsorshipWithdrawnDate />
        <state>HI</state>
        <middleName>K.</middleName>
        <bioguideId>H001042</bioguideId>
        <firstName>Mazie</firstName>
        <party>D</party>
        <lastName>Hirono</lastName>
        <identifiers>
          <lisID>1844</lisID>
          <gpoId>7913</gpoId>
          <bioguideId>H001042</bioguideId>
        </identifiers>
        <fullName>Sen. Hirono, Mazie K. [D-HI]</fullName>
        <isOriginalCosponsor>True</isOriginalCosponsor>
      </item>
      <item>
        <sponsorshipDate>2019-07-31</sponsorshipDate>
        <sponsorshipWithdrawnDate />
        <state>MD</state>
        <middleName>L.</middleName>
        <bioguideId>C000141</bioguideId>
        <firstName>BENJAMIN</firstName>
        <party>D</party>
        <lastName>CARDIN</lastName>
        <identifiers>
          <bioguideId>C000141</bioguideId>
          <lisID>174</lisID>
          <gpoId>8287</gpoId>
        </identifiers>
        <fullName>Sen. Cardin, Benjamin L. [D-MD]</fullName>
        <isOriginalCosponsor>True</isOriginalCosponsor>
      </item>
      <item>
        <sponsorshipDate>2019-07-31</sponsorshipDate>
        <sponsorshipWithdrawnDate />
        <state>DE</state>
        <middleName>A.</middleName>
        <bioguideId>C001088</bioguideId>
        <firstName>Christopher</firstName>
        <party>D</party>
        <lastName>Coons</lastName>
        <identifiers>
          <lisID>1984</lisID>
          <gpoId>8297</gpoId>
          <bioguideId>C001088</bioguideId>
        </identifiers>
        <fullName>Sen. Coons, Christopher A. [D-DE]</fullName>
        <isOriginalCosponsor>True</isOriginalCosponsor>
      </item>
      <item>
        <sponsorshipDate>2019-08-01</sponsorshipDate>
        <sponsorshipWithdrawnDate />
        <state>WA</state>
        <middleName />
        <bioguideId>C000127</bioguideId>
        <firstName>MARIA</firstName>
        <party>D</party>
        <lastName>CANTWELL</lastName>
        <identifiers>
          <gpoId>8288</gpoId>
          <bioguideId>C000127</bioguideId>
          <lisID>172</lisID>
        </identifiers>
        <fullName>Sen. Cantwell, Maria [D-WA]</fullName>
        <isOriginalCosponsor>False</isOriginalCosponsor>
      </item>
      <item>
        <sponsorshipDate>2019-08-01</sponsorshipDate>
        <sponsorshipWithdrawnDate />
        <state>OR</state>
        <middleName />
        <bioguideId>W000779</bioguideId>
        <firstName>RON</firstName>
        <party>D</party>
        <lastName>WYDEN</lastName>
        <identifiers>
          <gpoId>8265</gpoId>
          <bioguideId>W000779</bioguideId>
          <lisID>1247</lisID>
        </identifiers>
        <fullName>Sen. Wyden, Ron [D-OR]</fullName>
        <isOriginalCosponsor>False</isOriginalCosponsor>
      </item>
    </cosponsors>
    <textVersions>
      <item>
        <date>2019-07-31T04:00:00Z</date>
        <type>Introduced in Senate</type>
        <formats>
          <item>
            <url>https://www.govinfo.gov/content/pkg/BILLS-116sres299is/xml/BILLS-116sres299is.xml</url>
          </item>
        </formats>
      </item>
    </textVersions>
    <titles>
      <item>
        <chamberName />
        <titleType>Official Title as Introduced</titleType>
        <title>A resolution designating the first week in August 2019 as "World Breastfeeding Week", and designating August 2019 as "National Breastfeeding Month".</title>
        <parentTitleType />
        <chamberCode />
      </item>
      <item>
        <chamberName />
        <titleType>Display Title</titleType>
        <title>A resolution designating the first week in August 2019 as "World Breastfeeding Week", and designating August 2019 as "National Breastfeeding Month".</title>
        <parentTitleType />
        <chamberCode />
      </item>
    </titles>
    <amendments />
    <laws />
    <congress>116</congress>
    <notes />
    <committees>
      <billCommittees>
        <item>
          <systemCode>ssju00</systemCode>
          <chamber>Senate</chamber>
          <subcommittees />
          <name>Judiciary Committee</name>
          <activities>
            <item>
              <date>2019-07-31T22:01:49Z</date>
              <name>Referred to</name>
            </item>
          </activities>
          <type>Standing</type>
        </item>
      </billCommittees>
    </committees>
    <originChamber>Senate</originChamber>
    <billType>SRES</billType>
    <cboCostEstimates />
    <committeeReports />
    <introducedDate>2019-07-31</introducedDate>
    <summaries>
      <billSummaries />
    </summaries>
    <latestAction>
      <text>Referred to the Committee on the Judiciary. (text: CR S5258)</text>
      <links />
      <actionDate>2019-07-31</actionDate>
    </latestAction>
    <subjects>
      <billSubjects>
        <legislativeSubjects />
        <policyArea>
          <name>Health</name>
        </policyArea>
      </billSubjects>
    </subjects>
  </bill>
  <dublinCore xmlns:dc="http://purl.org/dc/elements/1.1/">
    <dc:format>text/xml</dc:format>
    <dc:language>EN</dc:language>
    <dc:rights>Pursuant to Title 17 Section 105 of the United States Code, this file is not subject to copyright protection and is in the public domain.</dc:rights>
    <dc:contributor>Congressional Research Service, Library of Congress</dc:contributor>
    <dc:description>This file contains bill summaries and statuses for federal legislation. A bill summary describes the most significant provisions of a piece of legislation and details the effects the legislative text may have on current law and federal programs. Bill summaries are authored by the Congressional Research Service (CRS) of the Library of Congress. As stated in Public Law 91-510 (2 USC 166 (d)(6)), one of the duties of CRS is "to prepare summaries and digests of bills and resolutions of a public general nature introduced in the Senate or House of Representatives". For more information, refer to the User Guide that accompanies this file.</dc:description>
  </dublinCore>
</billStatus>

