<?xml version="1.0" encoding="UTF-8"?>
<billStatus>
  <bill>
    <version>1.0.0</version>
    <cboCostEstimates />
    <relatedBills>
      <item>
        <congress>116</congress>
        <latestAction>
          <actionDate>2019-09-10</actionDate>
          <text>Referred to the House Committee on Energy and Commerce.</text>
        </latestAction>
        <number>549</number>
        <type>HRES</type>
        <latestTitle>Reaffirming the commitment to media diversity and pledging to work with media entities and diverse stakeholders to develop common ground solutions to eliminate barriers to media diversity.</latestTitle>
        <relationshipDetails>
          <item>
            <type>Identical bill</type>
            <identifiedBy>CRS</identifiedBy>
          </item>
        </relationshipDetails>
      </item>
    </relatedBills>
    <amendments />
    <summaries>
      <billSummaries>
        <item>
          <lastSummaryUpdateDate>2019-10-30T15:16:05Z</lastSummaryUpdateDate>
          <text><![CDATA[<p>This resolution reaffirms the Senate's commitment to media diversity and expresses its pledge to eliminate barriers to such diversity. </p>]]></text>
          <versionCode>00</versionCode>
          <actionDate>2019-09-10</actionDate>
          <actionDesc>Introduced in Senate</actionDesc>
          <updateDate>2019-09-10T04:00:00Z</updateDate>
          <name>Introduced in Senate</name>
        </item>
      </billSummaries>
    </summaries>
    <policyArea>
      <name>Science, Technology, Communications</name>
    </policyArea>
    <sponsors>
      <item>
        <firstName>Jacklyn</firstName>
        <middleName />
        <state>NV</state>
        <bioguideId>R000608</bioguideId>
        <identifiers>
          <lisID>2339</lisID>
          <gpoId />
          <bioguideId>R000608</bioguideId>
        </identifiers>
        <fullName>Sen. Rosen, Jacky [D-NV]</fullName>
        <party>D</party>
        <lastName>Rosen</lastName>
        <byRequestType />
      </item>
    </sponsors>
    <notes />
    <billNumber>306</billNumber>
    <updateDate>2019-11-15T21:55:32Z</updateDate>
    <titles>
      <item>
        <chamberName />
        <title>A resolution reaffirming the commitment to media diversity and pledging to work with media entities and diverse stakeholders to develop common ground solutions to eliminate barriers to media diversity.</title>
        <parentTitleType />
        <titleType>Official Title as Introduced</titleType>
        <chamberCode />
      </item>
      <item>
        <chamberName />
        <title>A resolution reaffirming the commitment to media diversity and pledging to work with media entities and diverse stakeholders to develop common ground solutions to eliminate barriers to media diversity.</title>
        <parentTitleType />
        <titleType>Display Title</titleType>
        <chamberCode />
      </item>
    </titles>
    <createDate>2019-09-11T04:27:12Z</createDate>
    <title>A resolution reaffirming the commitment to media diversity and pledging to work with media entities and diverse stakeholders to develop common ground solutions to eliminate barriers to media diversity.</title>
    <textVersions>
      <item>
        <formats>
          <item>
            <url>https://www.govinfo.gov/content/pkg/BILLS-116sres306is/xml/BILLS-116sres306is.xml</url>
          </item>
        </formats>
        <type>Introduced in Senate</type>
        <date>2019-09-10T04:00:00Z</date>
      </item>
    </textVersions>
    <recordedVotes />
    <calendarNumbers />
    <committeeReports />
    <congress>116</congress>
    <latestAction>
      <actionDate>2019-09-10</actionDate>
      <links />
      <text>Referred to the Committee on Commerce, Science, and Transportation. (text: CR S5410)</text>
    </latestAction>
    <actions>
      <actionTypeCounts>
        <introducedInSenate>1</introducedInSenate>
        <referredToCommittee>1</referredToCommittee>
      </actionTypeCounts>
      <item>
        <actionDate>2019-09-10</actionDate>
        <committee>
          <systemCode>sscm00</systemCode>
          <name>Commerce, Science, and Transportation Committee</name>
        </committee>
        <links>
          <link>
            <url>https://www.congress.gov/congressional-record/volume-165/senate-section/page/S5410</url>
            <name>S5410</name>
          </link>
        </links>
        <sourceSystem>
          <code>0</code>
          <name>Senate</name>
        </sourceSystem>
        <text>Referred to the Committee on Commerce, Science, and Transportation. (text: CR S5410)</text>
        <type>IntroReferral</type>
      </item>
      <item>
        <actionCode>10000</actionCode>
        <text>Introduced in Senate</text>
        <sourceSystem>
          <code>9</code>
          <name>Library of Congress</name>
        </sourceSystem>
        <actionDate>2019-09-10</actionDate>
        <type>IntroReferral</type>
        <links />
        <committee />
      </item>
      <actionByCounts>
        <senate>2</senate>
      </actionByCounts>
    </actions>
    <originChamber>Senate</originChamber>
    <committees>
      <billCommittees>
        <item>
          <type>Standing</type>
          <subcommittees />
          <systemCode>sscm00</systemCode>
          <name>Commerce, Science, and Transportation Committee</name>
          <chamber>Senate</chamber>
          <activities>
            <item>
              <name>Referred to</name>
              <date>2019-09-10T18:51:44Z</date>
            </item>
          </activities>
        </item>
      </billCommittees>
    </committees>
    <introducedDate>2019-09-10</introducedDate>
    <subjects>
      <billSubjects>
        <legislativeSubjects />
        <policyArea>
          <name>Science, Technology, Communications</name>
        </policyArea>
      </billSubjects>
    </subjects>
    <cosponsors>
      <item>
        <firstName>Marco</firstName>
        <isOriginalCosponsor>True</isOriginalCosponsor>
        <middleName />
        <fullName>Sen. Rubio, Marco [R-FL]</fullName>
        <lastName>Rubio</lastName>
        <identifiers>
          <lisID>2084</lisID>
          <gpoId>8242</gpoId>
          <bioguideId>R000595</bioguideId>
        </identifiers>
        <sponsorshipWithdrawnDate />
        <state>FL</state>
        <bioguideId>R000595</bioguideId>
        <party>R</party>
        <sponsorshipDate>2019-09-10</sponsorshipDate>
      </item>
    </cosponsors>
    <billType>SRES</billType>
    <laws />
  </bill>
  <dublinCore xmlns:dc="http://purl.org/dc/elements/1.1/">
    <dc:format>text/xml</dc:format>
    <dc:language>EN</dc:language>
    <dc:rights>Pursuant to Title 17 Section 105 of the United States Code, this file is not subject to copyright protection and is in the public domain.</dc:rights>
    <dc:contributor>Congressional Research Service, Library of Congress</dc:contributor>
    <dc:description>This file contains bill summaries and statuses for federal legislation. A bill summary describes the most significant provisions of a piece of legislation and details the effects the legislative text may have on current law and federal programs. Bill summaries are authored by the Congressional Research Service (CRS) of the Library of Congress. As stated in Public Law 91-510 (2 USC 166 (d)(6)), one of the duties of CRS is "to prepare summaries and digests of bills and resolutions of a public general nature introduced in the Senate or House of Representatives". For more information, refer to the User Guide that accompanies this file.</dc:description>
  </dublinCore>
</billStatus>

