<?xml version="1.0" encoding="UTF-8"?>
<billStatus>
  <bill>
    <relatedBills />
    <calendarNumbers />
    <createDate>2019-04-05T04:42:07Z</createDate>
    <cosponsors>
      <item>
        <isOriginalCosponsor>True</isOriginalCosponsor>
        <state>MT</state>
        <fullName>Sen. Tester, Jon [D-MT]</fullName>
        <bioguideId>T000464</bioguideId>
        <party>D</party>
        <lastName>Tester</lastName>
        <middleName />
        <firstName>Jon</firstName>
        <sponsorshipWithdrawnDate />
        <sponsorshipDate>2019-04-04</sponsorshipDate>
        <identifiers>
          <bioguideId>T000464</bioguideId>
          <gpoId>8258</gpoId>
          <lisID>1829</lisID>
        </identifiers>
      </item>
      <item>
        <isOriginalCosponsor>True</isOriginalCosponsor>
        <state>ND</state>
        <fullName>Sen. Hoeven, John [R-ND]</fullName>
        <bioguideId>H001061</bioguideId>
        <party>R</party>
        <lastName>Hoeven</lastName>
        <middleName />
        <firstName>John</firstName>
        <sponsorshipWithdrawnDate />
        <sponsorshipDate>2019-04-04</sponsorshipDate>
        <identifiers>
          <gpoId>8331</gpoId>
          <lisID>2079</lisID>
          <bioguideId>H001061</bioguideId>
        </identifiers>
      </item>
      <item>
        <isOriginalCosponsor>True</isOriginalCosponsor>
        <state>SD</state>
        <fullName>Sen. Rounds, Mike  [R-SD]</fullName>
        <bioguideId>R000605</bioguideId>
        <party>R</party>
        <lastName>Rounds</lastName>
        <middleName />
        <firstName>Mike</firstName>
        <sponsorshipWithdrawnDate />
        <sponsorshipDate>2019-04-04</sponsorshipDate>
        <identifiers>
          <lisID>2288</lisID>
          <gpoId />
          <bioguideId>R000605</bioguideId>
        </identifiers>
      </item>
      <item>
        <isOriginalCosponsor>True</isOriginalCosponsor>
        <state>MA</state>
        <fullName>Sen. Warren, Elizabeth [D-MA]</fullName>
        <bioguideId>W000817</bioguideId>
        <party>D</party>
        <lastName>Warren</lastName>
        <middleName>A.</middleName>
        <firstName>Elizabeth</firstName>
        <sponsorshipWithdrawnDate />
        <sponsorshipDate>2019-04-04</sponsorshipDate>
        <identifiers>
          <bioguideId>W000817</bioguideId>
          <lisID>2182</lisID>
          <gpoId />
        </identifiers>
      </item>
      <item>
        <isOriginalCosponsor>True</isOriginalCosponsor>
        <state>CO</state>
        <fullName>Sen. Gardner, Cory [R-CO]</fullName>
        <bioguideId>G000562</bioguideId>
        <party>R</party>
        <lastName>Gardner</lastName>
        <middleName />
        <firstName>Cory</firstName>
        <sponsorshipWithdrawnDate />
        <sponsorshipDate>2019-04-04</sponsorshipDate>
        <identifiers>
          <gpoId>7862</gpoId>
          <lisID>1998</lisID>
          <bioguideId>G000562</bioguideId>
        </identifiers>
      </item>
      <item>
        <isOriginalCosponsor>True</isOriginalCosponsor>
        <state>ID</state>
        <fullName>Sen. Crapo, Mike [R-ID]</fullName>
        <bioguideId>C000880</bioguideId>
        <party>R</party>
        <lastName>CRAPO</lastName>
        <middleName>D.</middleName>
        <firstName>MICHAEL</firstName>
        <sponsorshipWithdrawnDate />
        <sponsorshipDate>2019-04-04</sponsorshipDate>
        <identifiers>
          <lisID>250</lisID>
          <gpoId>8289</gpoId>
          <bioguideId>C000880</bioguideId>
        </identifiers>
      </item>
      <item>
        <isOriginalCosponsor>True</isOriginalCosponsor>
        <state>OK</state>
        <fullName>Sen. Lankford, James [R-OK]</fullName>
        <bioguideId>L000575</bioguideId>
        <party>R</party>
        <lastName>Lankford</lastName>
        <middleName />
        <firstName>James</firstName>
        <sponsorshipWithdrawnDate />
        <sponsorshipDate>2019-04-04</sponsorshipDate>
        <identifiers>
          <gpoId>8113</gpoId>
          <lisID>2050</lisID>
          <bioguideId>L000575</bioguideId>
        </identifiers>
      </item>
      <item>
        <isOriginalCosponsor>True</isOriginalCosponsor>
        <state>AK</state>
        <fullName>Sen. Murkowski, Lisa [R-AK]</fullName>
        <bioguideId>M001153</bioguideId>
        <party>R</party>
        <lastName>Murkowski</lastName>
        <middleName />
        <firstName>Lisa</firstName>
        <sponsorshipWithdrawnDate />
        <sponsorshipDate>2019-04-04</sponsorshipDate>
        <identifiers>
          <bioguideId>M001153</bioguideId>
          <gpoId>8234</gpoId>
          <lisID>1694</lisID>
        </identifiers>
      </item>
      <item>
        <isOriginalCosponsor>False</isOriginalCosponsor>
        <state>NM</state>
        <fullName>Sen. Udall, Tom [D-NM]</fullName>
        <bioguideId>U000039</bioguideId>
        <party>D</party>
        <lastName>UDALL</lastName>
        <middleName />
        <firstName>TOM</firstName>
        <sponsorshipWithdrawnDate />
        <sponsorshipDate>2019-04-11</sponsorshipDate>
        <identifiers>
          <bioguideId>U000039</bioguideId>
          <lisID>1567</lisID>
          <gpoId>8260</gpoId>
        </identifiers>
      </item>
      <item>
        <isOriginalCosponsor>False</isOriginalCosponsor>
        <state>NV</state>
        <fullName>Sen. Cortez Masto, Catherine  [D-NV]</fullName>
        <bioguideId>C001113</bioguideId>
        <party>D</party>
        <lastName>Cortez Masto</lastName>
        <middleName />
        <firstName>Catherine</firstName>
        <sponsorshipWithdrawnDate />
        <sponsorshipDate>2019-04-29</sponsorshipDate>
        <identifiers>
          <bioguideId>C001113</bioguideId>
          <gpoId />
          <lisID>2299</lisID>
        </identifiers>
      </item>
      <item>
        <isOriginalCosponsor>False</isOriginalCosponsor>
        <state>OR</state>
        <fullName>Sen. Wyden, Ron [D-OR]</fullName>
        <bioguideId>W000779</bioguideId>
        <party>D</party>
        <lastName>WYDEN</lastName>
        <middleName />
        <firstName>RON</firstName>
        <sponsorshipWithdrawnDate />
        <sponsorshipDate>2019-05-02</sponsorshipDate>
        <identifiers>
          <bioguideId>W000779</bioguideId>
          <lisID>1247</lisID>
          <gpoId>8265</gpoId>
        </identifiers>
      </item>
      <item>
        <isOriginalCosponsor>False</isOriginalCosponsor>
        <state>ND</state>
        <fullName>Sen. Cramer, Kevin [R-ND]</fullName>
        <bioguideId>C001096</bioguideId>
        <party>R</party>
        <lastName>Cramer</lastName>
        <middleName />
        <firstName>Kevin</firstName>
        <sponsorshipWithdrawnDate />
        <sponsorshipDate>2019-05-02</sponsorshipDate>
        <identifiers>
          <gpoId />
          <lisID>2144</lisID>
          <bioguideId>C001096</bioguideId>
        </identifiers>
      </item>
    </cosponsors>
    <originChamber>Senate</originChamber>
    <amendments />
    <committeeReports />
    <latestAction>
      <links />
      <text>Resolution agreed to in Senate without amendment and with a preamble by Unanimous Consent. (text: CR 4/4/2019 S2279-2280)</text>
      <actionDate>2019-05-02</actionDate>
    </latestAction>
    <billType>SRES</billType>
    <actions>
      <item>
        <actionDate>2019-05-02</actionDate>
        <committee />
        <links>
          <link>
            <name>CR 4/4/2019 S2279</name>
            <url>https://www.congress.gov/congressional-record/volume-165/senate-section/page/S2279</url>
          </link>
        </links>
        <sourceSystem>
          <name>Senate</name>
          <code>0</code>
        </sourceSystem>
        <text>Resolution agreed to in Senate without amendment and with a preamble by Unanimous Consent. (text: CR 4/4/2019 S2279-2280)</text>
        <type>Floor</type>
      </item>
      <item>
        <links>
          <link>
            <name>CR 4/4/2019 S2279</name>
            <url>https://www.congress.gov/congressional-record/volume-165/senate-section/page/S2279</url>
          </link>
        </links>
        <committee />
        <actionDate>2019-05-02</actionDate>
        <sourceSystem>
          <name>Library of Congress</name>
          <code>9</code>
        </sourceSystem>
        <type>Floor</type>
        <text>Passed/agreed to in Senate: Resolution agreed to in Senate without amendment and with a preamble by Unanimous Consent.(text: CR 4/4/2019 S2279-2280)</text>
        <actionCode>17000</actionCode>
      </item>
      <item>
        <actionDate>2019-05-02</actionDate>
        <committee>
          <name>Judiciary Committee</name>
          <systemCode>ssju00</systemCode>
        </committee>
        <links>
          <link>
            <name>S2623</name>
            <url>https://www.congress.gov/congressional-record/volume-165/senate-section/page/S2623</url>
          </link>
        </links>
        <sourceSystem>
          <name>Senate</name>
          <code>0</code>
        </sourceSystem>
        <text>Senate Committee on the Judiciary discharged by Unanimous Consent. (consideration: CR S2623)</text>
        <type>Discharge</type>
      </item>
      <item>
        <links>
          <link>
            <name>S2623</name>
            <url>https://www.congress.gov/congressional-record/volume-165/senate-section/page/S2623</url>
          </link>
        </links>
        <committee>
          <name>Judiciary Committee</name>
          <systemCode>ssju00</systemCode>
        </committee>
        <actionDate>2019-05-02</actionDate>
        <sourceSystem>
          <name>Library of Congress</name>
          <code>9</code>
        </sourceSystem>
        <type>Committee</type>
        <text>Senate Committee on the Judiciary discharged by Unanimous Consent.(consideration: CR S2623)</text>
        <actionCode>14500</actionCode>
      </item>
      <item>
        <actionDate>2019-04-04</actionDate>
        <committee>
          <name>Judiciary Committee</name>
          <systemCode>ssju00</systemCode>
        </committee>
        <links />
        <sourceSystem>
          <name>Senate</name>
          <code>0</code>
        </sourceSystem>
        <text>Referred to the Committee on the Judiciary.</text>
        <type>IntroReferral</type>
      </item>
      <item>
        <links />
        <committee />
        <actionDate>2019-04-04</actionDate>
        <sourceSystem>
          <name>Library of Congress</name>
          <code>9</code>
        </sourceSystem>
        <type>IntroReferral</type>
        <text>Introduced in Senate</text>
        <actionCode>10000</actionCode>
      </item>
      <actionByCounts>
        <senate>6</senate>
      </actionByCounts>
      <actionTypeCounts>
        <introducedInSenate>1</introducedInSenate>
        <passedAgreedToInSenate>1</passedAgreedToInSenate>
        <senateCommitteeDischarged>1</senateCommitteeDischarged>
        <referredToCommittee>1</referredToCommittee>
        <committeeDischarged>1</committeeDischarged>
        <agreedToInSenate>1</agreedToInSenate>
      </actionTypeCounts>
    </actions>
    <policyArea>
      <name>Native Americans</name>
    </policyArea>
    <titles>
      <item>
        <title>A resolution designating May 5, 2019, as the "National Day of Awareness for Missing and Murdered Native Women and Girls".</title>
        <chamberCode />
        <titleType>Official Title as Introduced</titleType>
        <parentTitleType />
        <chamberName />
      </item>
      <item>
        <title>A resolution designating May 5, 2019, as the "National Day of Awareness for Missing and Murdered Native Women and Girls".</title>
        <chamberCode />
        <titleType>Display Title</titleType>
        <parentTitleType />
        <chamberName />
      </item>
    </titles>
    <congress>116</congress>
    <subjects>
      <billSubjects>
        <policyArea>
          <name>Native Americans</name>
        </policyArea>
        <legislativeSubjects>
          <item>
            <name>Alaska Natives and Hawaiians</name>
          </item>
          <item>
            <name>Commemorative events and holidays</name>
          </item>
          <item>
            <name>Crime victims</name>
          </item>
          <item>
            <name>Crimes against women</name>
          </item>
          <item>
            <name>Indian social and development programs</name>
          </item>
          <item>
            <name>Violent crime</name>
          </item>
        </legislativeSubjects>
      </billSubjects>
    </subjects>
    <summaries>
      <billSummaries>
        <item>
          <actionDate>2019-04-04</actionDate>
          <versionCode>00</versionCode>
          <actionDesc>Introduced in Senate</actionDesc>
          <text><![CDATA[<p>This resolution designates May 5, 2019, as the National Day of Awareness for Missing and Murdered Native Women and Girls.</p>]]></text>
          <updateDate>2019-04-04T04:00:00Z</updateDate>
          <lastSummaryUpdateDate>2019-05-08T15:29:03Z</lastSummaryUpdateDate>
          <name>Introduced in Senate</name>
        </item>
        <item>
          <actionDate>2019-05-02</actionDate>
          <versionCode>55</versionCode>
          <actionDesc>Passed Senate</actionDesc>
          <text><![CDATA[<p>This resolution designates May 5, 2019, as the National Day of Awareness for Missing and Murdered Native Women and Girls.</p>]]></text>
          <updateDate>2019-05-02T13:55:48Z</updateDate>
          <lastSummaryUpdateDate>2019-10-01T22:16:11Z</lastSummaryUpdateDate>
          <name>Passed Senate</name>
        </item>
      </billSummaries>
    </summaries>
    <updateDate>2019-10-04T04:27:39Z</updateDate>
    <sponsors>
      <item>
        <state>MT</state>
        <fullName>Sen. Daines, Steve [R-MT]</fullName>
        <bioguideId>D000618</bioguideId>
        <party>R</party>
        <lastName>Daines</lastName>
        <middleName />
        <identifiers>
          <bioguideId>D000618</bioguideId>
          <gpoId />
          <lisID>2138</lisID>
        </identifiers>
        <firstName>Steve</firstName>
        <byRequestType />
      </item>
    </sponsors>
    <committees>
      <billCommittees>
        <item>
          <systemCode>ssju00</systemCode>
          <name>Judiciary Committee</name>
          <subcommittees />
          <type>Standing</type>
          <chamber>Senate</chamber>
          <activities>
            <item>
              <name>Discharged from</name>
              <date>2019-05-02T20:39:12Z</date>
            </item>
            <item>
              <name>Referred to</name>
              <date>2019-04-04T20:48:35Z</date>
            </item>
          </activities>
        </item>
      </billCommittees>
    </committees>
    <title>A resolution designating May 5, 2019, as the "National Day of Awareness for Missing and Murdered Native Women and Girls".</title>
    <version>1.0.0</version>
    <introducedDate>2019-04-04</introducedDate>
    <notes />
    <cboCostEstimates />
    <billNumber>144</billNumber>
    <laws />
    <recordedVotes />
    <textVersions>
      <item>
        <formats>
          <item>
            <url>https://www.govinfo.gov/content/pkg/BILLS-116sres144ats/xml/BILLS-116sres144ats.xml</url>
          </item>
        </formats>
        <type>Agreed to Senate</type>
        <date>2019-05-02T04:00:00Z</date>
      </item>
      <item>
        <formats>
          <item>
            <url>https://www.govinfo.gov/content/pkg/BILLS-116sres144is/xml/BILLS-116sres144is.xml</url>
          </item>
        </formats>
        <type>Introduced in Senate</type>
        <date>2019-04-04T04:00:00Z</date>
      </item>
    </textVersions>
  </bill>
  <dublinCore xmlns:dc="http://purl.org/dc/elements/1.1/">
    <dc:format>text/xml</dc:format>
    <dc:language>EN</dc:language>
    <dc:rights>Pursuant to Title 17 Section 105 of the United States Code, this file is not subject to copyright protection and is in the public domain.</dc:rights>
    <dc:contributor>Congressional Research Service, Library of Congress</dc:contributor>
    <dc:description>This file contains bill summaries and statuses for federal legislation. A bill summary describes the most significant provisions of a piece of legislation and details the effects the legislative text may have on current law and federal programs. Bill summaries are authored by the Congressional Research Service (CRS) of the Library of Congress. As stated in Public Law 91-510 (2 USC 166 (d)(6)), one of the duties of CRS is "to prepare summaries and digests of bills and resolutions of a public general nature introduced in the Senate or House of Representatives". For more information, refer to the User Guide that accompanies this file.</dc:description>
  </dublinCore>
</billStatus>

