<?xml version="1.0" encoding="UTF-8"?>
<billStatus>
  <bill>
    <latestAction>
      <text>Submitted in the Senate, considered, and agreed to without amendment and with a preamble by Unanimous Consent. (consideration: CR S6485; text: CR S6481)</text>
      <actionDate>2019-11-07</actionDate>
      <links />
    </latestAction>
    <updateDate>2019-11-14T14:45:33Z</updateDate>
    <recordedVotes />
    <subjects>
      <billSubjects>
        <legislativeSubjects />
      </billSubjects>
    </subjects>
    <createDate>2019-11-08T06:12:27Z</createDate>
    <summaries>
      <billSummaries />
    </summaries>
    <calendarNumbers />
    <laws />
    <originChamber>Senate</originChamber>
    <relatedBills>
      <item>
        <type>HRES</type>
        <number>677</number>
        <relationshipDetails>
          <item>
            <identifiedBy>CRS</identifiedBy>
            <type>Related bill</type>
          </item>
        </relationshipDetails>
        <congress>116</congress>
        <latestAction>
          <actionDate>2019-11-01</actionDate>
          <text>Referred to the House Committee on Small Business.</text>
        </latestAction>
        <latestTitle>Supporting the goals and ideals of National Veterans Small Business Week.</latestTitle>
      </item>
    </relatedBills>
    <titles>
      <item>
        <parentTitleType />
        <title>A resolution designating the week of November 4 through November 8, 2019, as "National Veterans Small Business Week".</title>
        <chamberName />
        <titleType>Official Title as Introduced</titleType>
        <chamberCode />
      </item>
      <item>
        <parentTitleType />
        <title>A resolution designating the week of November 4 through November 8, 2019, as "National Veterans Small Business Week".</title>
        <chamberName />
        <titleType>Display Title</titleType>
        <chamberCode />
      </item>
    </titles>
    <sponsors>
      <item>
        <identifiers>
          <gpoId>8242</gpoId>
          <bioguideId>R000595</bioguideId>
          <lisID>2084</lisID>
        </identifiers>
        <lastName>Rubio</lastName>
        <bioguideId>R000595</bioguideId>
        <byRequestType />
        <party>R</party>
        <middleName />
        <fullName>Sen. Rubio, Marco [R-FL]</fullName>
        <state>FL</state>
        <firstName>Marco</firstName>
      </item>
    </sponsors>
    <introducedDate>2019-11-07</introducedDate>
    <cosponsors>
      <item>
        <fullName>Sen. Cardin, Benjamin L. [D-MD]</fullName>
        <party>D</party>
        <identifiers>
          <gpoId>8287</gpoId>
          <bioguideId>C000141</bioguideId>
          <lisID>174</lisID>
        </identifiers>
        <sponsorshipWithdrawnDate />
        <bioguideId>C000141</bioguideId>
        <lastName>CARDIN</lastName>
        <sponsorshipDate>2019-11-07</sponsorshipDate>
        <firstName>BENJAMIN</firstName>
        <isOriginalCosponsor>True</isOriginalCosponsor>
        <state>MD</state>
        <middleName>L.</middleName>
      </item>
      <item>
        <fullName>Sen. Risch, James E. [R-ID]</fullName>
        <party>R</party>
        <identifiers>
          <lisID>1896</lisID>
          <gpoId>8274</gpoId>
          <bioguideId>R000584</bioguideId>
        </identifiers>
        <sponsorshipWithdrawnDate />
        <bioguideId>R000584</bioguideId>
        <lastName>Risch</lastName>
        <sponsorshipDate>2019-11-07</sponsorshipDate>
        <firstName>James</firstName>
        <isOriginalCosponsor>True</isOriginalCosponsor>
        <state>ID</state>
        <middleName>E.</middleName>
      </item>
      <item>
        <fullName>Sen. Cantwell, Maria [D-WA]</fullName>
        <party>D</party>
        <identifiers>
          <lisID>172</lisID>
          <gpoId>8288</gpoId>
          <bioguideId>C000127</bioguideId>
        </identifiers>
        <sponsorshipWithdrawnDate />
        <bioguideId>C000127</bioguideId>
        <lastName>CANTWELL</lastName>
        <sponsorshipDate>2019-11-07</sponsorshipDate>
        <firstName>MARIA</firstName>
        <isOriginalCosponsor>True</isOriginalCosponsor>
        <state>WA</state>
        <middleName />
      </item>
      <item>
        <fullName>Sen. Grassley, Chuck [R-IA]</fullName>
        <party>R</party>
        <identifiers>
          <lisID>457</lisID>
          <bioguideId>G000386</bioguideId>
          <gpoId>8316</gpoId>
        </identifiers>
        <sponsorshipWithdrawnDate />
        <bioguideId>G000386</bioguideId>
        <lastName>GRASSLEY</lastName>
        <sponsorshipDate>2019-11-07</sponsorshipDate>
        <firstName>CHARLES</firstName>
        <isOriginalCosponsor>True</isOriginalCosponsor>
        <state>IA</state>
        <middleName>ERNEST</middleName>
      </item>
      <item>
        <fullName>Sen. Shaheen, Jeanne [D-NH]</fullName>
        <party>D</party>
        <identifiers>
          <lisID>1901</lisID>
          <bioguideId>S001181</bioguideId>
          <gpoId>8276</gpoId>
        </identifiers>
        <sponsorshipWithdrawnDate />
        <bioguideId>S001181</bioguideId>
        <lastName>Shaheen</lastName>
        <sponsorshipDate>2019-11-07</sponsorshipDate>
        <firstName>Jeanne</firstName>
        <isOriginalCosponsor>True</isOriginalCosponsor>
        <state>NH</state>
        <middleName />
      </item>
      <item>
        <fullName>Sen. Romney, Mitt  [R-UT]</fullName>
        <party>R</party>
        <identifiers>
          <gpoId />
          <bioguideId>R000615</bioguideId>
          <lisID>2466</lisID>
        </identifiers>
        <sponsorshipWithdrawnDate />
        <bioguideId>R000615</bioguideId>
        <lastName>Romney</lastName>
        <sponsorshipDate>2019-11-07</sponsorshipDate>
        <firstName>Mitt</firstName>
        <isOriginalCosponsor>True</isOriginalCosponsor>
        <state>UT</state>
        <middleName />
      </item>
      <item>
        <fullName>Sen. Booker, Cory A. [D-NJ]</fullName>
        <party>D</party>
        <identifiers>
          <lisID>2194</lisID>
          <gpoId />
          <bioguideId>B001288</bioguideId>
        </identifiers>
        <sponsorshipWithdrawnDate />
        <bioguideId>B001288</bioguideId>
        <lastName>Booker</lastName>
        <sponsorshipDate>2019-11-07</sponsorshipDate>
        <firstName>Cory</firstName>
        <isOriginalCosponsor>True</isOriginalCosponsor>
        <state>NJ</state>
        <middleName>A.</middleName>
      </item>
      <item>
        <fullName>Sen. Cassidy, Bill [R-LA]</fullName>
        <party>R</party>
        <identifiers>
          <lisID>1925</lisID>
          <gpoId>7964</gpoId>
          <bioguideId>C001075</bioguideId>
        </identifiers>
        <sponsorshipWithdrawnDate />
        <bioguideId>C001075</bioguideId>
        <lastName>Cassidy</lastName>
        <sponsorshipDate>2019-11-07</sponsorshipDate>
        <firstName>Bill</firstName>
        <isOriginalCosponsor>True</isOriginalCosponsor>
        <state>LA</state>
        <middleName />
      </item>
      <item>
        <fullName>Sen. Hirono, Mazie K. [D-HI]</fullName>
        <party>D</party>
        <identifiers>
          <gpoId>7913</gpoId>
          <bioguideId>H001042</bioguideId>
          <lisID>1844</lisID>
        </identifiers>
        <sponsorshipWithdrawnDate />
        <bioguideId>H001042</bioguideId>
        <lastName>Hirono</lastName>
        <sponsorshipDate>2019-11-07</sponsorshipDate>
        <firstName>Mazie</firstName>
        <isOriginalCosponsor>True</isOriginalCosponsor>
        <state>HI</state>
        <middleName>K.</middleName>
      </item>
      <item>
        <fullName>Sen. Inhofe, James M. [R-OK]</fullName>
        <party>R</party>
        <identifiers>
          <gpoId>8322</gpoId>
          <bioguideId>I000024</bioguideId>
          <lisID>583</lisID>
        </identifiers>
        <sponsorshipWithdrawnDate />
        <bioguideId>I000024</bioguideId>
        <lastName>INHOFE</lastName>
        <sponsorshipDate>2019-11-07</sponsorshipDate>
        <firstName>JIM</firstName>
        <isOriginalCosponsor>True</isOriginalCosponsor>
        <state>OK</state>
        <middleName />
      </item>
      <item>
        <fullName>Sen. Rosen, Jacky [D-NV]</fullName>
        <party>D</party>
        <identifiers>
          <lisID>2339</lisID>
          <gpoId />
          <bioguideId>R000608</bioguideId>
        </identifiers>
        <sponsorshipWithdrawnDate />
        <bioguideId>R000608</bioguideId>
        <lastName>Rosen</lastName>
        <sponsorshipDate>2019-11-07</sponsorshipDate>
        <firstName>Jacklyn</firstName>
        <isOriginalCosponsor>True</isOriginalCosponsor>
        <state>NV</state>
        <middleName />
      </item>
      <item>
        <fullName>Sen. Young, Todd [R-IN]</fullName>
        <party>R</party>
        <identifiers>
          <lisID>2019</lisID>
          <gpoId>7948</gpoId>
          <bioguideId>Y000064</bioguideId>
        </identifiers>
        <sponsorshipWithdrawnDate />
        <bioguideId>Y000064</bioguideId>
        <lastName>Young</lastName>
        <sponsorshipDate>2019-11-07</sponsorshipDate>
        <firstName>Todd</firstName>
        <isOriginalCosponsor>True</isOriginalCosponsor>
        <state>IN</state>
        <middleName />
      </item>
      <item>
        <fullName>Sen. Feinstein, Dianne [D-CA]</fullName>
        <party>D</party>
        <identifiers>
          <gpoId>8338</gpoId>
          <bioguideId>F000062</bioguideId>
          <lisID>1332</lisID>
        </identifiers>
        <sponsorshipWithdrawnDate />
        <bioguideId>F000062</bioguideId>
        <lastName>FEINSTEIN</lastName>
        <sponsorshipDate>2019-11-07</sponsorshipDate>
        <firstName>DIANNE</firstName>
        <isOriginalCosponsor>True</isOriginalCosponsor>
        <state>CA</state>
        <middleName />
      </item>
      <item>
        <fullName>Sen. Moran, Jerry [R-KS]</fullName>
        <party>R</party>
        <identifiers>
          <gpoId>8307</gpoId>
          <bioguideId>M000934</bioguideId>
          <lisID>1507</lisID>
        </identifiers>
        <sponsorshipWithdrawnDate />
        <bioguideId>M000934</bioguideId>
        <lastName>Moran</lastName>
        <sponsorshipDate>2019-11-07</sponsorshipDate>
        <firstName>Jerry</firstName>
        <isOriginalCosponsor>True</isOriginalCosponsor>
        <state>KS</state>
        <middleName />
      </item>
      <item>
        <fullName>Sen. Reed, Jack [D-RI]</fullName>
        <party>D</party>
        <identifiers>
          <lisID>949</lisID>
          <bioguideId>R000122</bioguideId>
          <gpoId>8272</gpoId>
        </identifiers>
        <sponsorshipWithdrawnDate />
        <bioguideId>R000122</bioguideId>
        <lastName>REED</lastName>
        <sponsorshipDate>2019-11-07</sponsorshipDate>
        <firstName>JOHN</firstName>
        <isOriginalCosponsor>True</isOriginalCosponsor>
        <state>RI</state>
        <middleName>F.</middleName>
      </item>
      <item>
        <fullName>Sen. Braun, Mike  [R-IN]</fullName>
        <party>R</party>
        <identifiers>
          <lisID>2462</lisID>
          <gpoId />
          <bioguideId>B001310</bioguideId>
        </identifiers>
        <sponsorshipWithdrawnDate />
        <bioguideId>B001310</bioguideId>
        <lastName>Braun</lastName>
        <sponsorshipDate>2019-11-07</sponsorshipDate>
        <firstName>Mike</firstName>
        <isOriginalCosponsor>True</isOriginalCosponsor>
        <state>IN</state>
        <middleName />
      </item>
      <item>
        <fullName>Sen. Blumenthal, Richard [D-CT]</fullName>
        <party>D</party>
        <identifiers>
          <lisID>2076</lisID>
          <gpoId>8332</gpoId>
          <bioguideId>B001277</bioguideId>
        </identifiers>
        <sponsorshipWithdrawnDate />
        <bioguideId>B001277</bioguideId>
        <lastName>Blumenthal</lastName>
        <sponsorshipDate>2019-11-07</sponsorshipDate>
        <firstName>Richard</firstName>
        <isOriginalCosponsor>True</isOriginalCosponsor>
        <state>CT</state>
        <middleName />
      </item>
      <item>
        <fullName>Sen. Boozman, John [R-AR]</fullName>
        <party>R</party>
        <identifiers>
          <lisID>1687</lisID>
          <gpoId>8247</gpoId>
          <bioguideId>B001236</bioguideId>
        </identifiers>
        <sponsorshipWithdrawnDate />
        <bioguideId>B001236</bioguideId>
        <lastName>Boozman</lastName>
        <sponsorshipDate>2019-11-07</sponsorshipDate>
        <firstName>John</firstName>
        <isOriginalCosponsor>True</isOriginalCosponsor>
        <state>AR</state>
        <middleName />
      </item>
      <item>
        <fullName>Sen. Kaine, Tim [D-VA]</fullName>
        <party>D</party>
        <identifiers>
          <lisID>2176</lisID>
          <gpoId />
          <bioguideId>K000384</bioguideId>
        </identifiers>
        <sponsorshipWithdrawnDate />
        <bioguideId>K000384</bioguideId>
        <lastName>Kaine</lastName>
        <sponsorshipDate>2019-11-07</sponsorshipDate>
        <firstName>Timothy</firstName>
        <isOriginalCosponsor>True</isOriginalCosponsor>
        <state>VA</state>
        <middleName />
      </item>
      <item>
        <fullName>Sen. Ernst, Joni  [R-IA]</fullName>
        <party>R</party>
        <identifiers>
          <gpoId />
          <bioguideId>E000295</bioguideId>
          <lisID>2283</lisID>
        </identifiers>
        <sponsorshipWithdrawnDate />
        <bioguideId>E000295</bioguideId>
        <lastName>Ernst</lastName>
        <sponsorshipDate>2019-11-07</sponsorshipDate>
        <firstName>Joni</firstName>
        <isOriginalCosponsor>True</isOriginalCosponsor>
        <state>IA</state>
        <middleName />
      </item>
      <item>
        <fullName>Sen. Jones, Doug  [D-AL]</fullName>
        <party>D</party>
        <identifiers>
          <lisID>2364</lisID>
          <gpoId />
          <bioguideId>J000300</bioguideId>
        </identifiers>
        <sponsorshipWithdrawnDate />
        <bioguideId>J000300</bioguideId>
        <lastName>Jones</lastName>
        <sponsorshipDate>2019-11-07</sponsorshipDate>
        <firstName>Doug</firstName>
        <isOriginalCosponsor>True</isOriginalCosponsor>
        <state>AL</state>
        <middleName />
      </item>
      <item>
        <fullName>Sen. Alexander, Lamar [R-TN]</fullName>
        <party>R</party>
        <identifiers>
          <gpoId>8304</gpoId>
          <bioguideId>A000360</bioguideId>
          <lisID>1695</lisID>
        </identifiers>
        <sponsorshipWithdrawnDate />
        <bioguideId>A000360</bioguideId>
        <lastName>Alexander</lastName>
        <sponsorshipDate>2019-11-07</sponsorshipDate>
        <firstName>Lamar</firstName>
        <isOriginalCosponsor>True</isOriginalCosponsor>
        <state>TN</state>
        <middleName />
      </item>
      <item>
        <fullName>Sen. Sinema, Kyrsten [D-AZ]</fullName>
        <party>D</party>
        <identifiers>
          <lisID>2099</lisID>
          <bioguideId>S001191</bioguideId>
          <gpoId />
        </identifiers>
        <sponsorshipWithdrawnDate />
        <bioguideId>S001191</bioguideId>
        <lastName>Sinema</lastName>
        <sponsorshipDate>2019-11-07</sponsorshipDate>
        <firstName>Kyrsten</firstName>
        <isOriginalCosponsor>True</isOriginalCosponsor>
        <state>AZ</state>
        <middleName />
      </item>
      <item>
        <fullName>Sen. Scott, Tim [R-SC]</fullName>
        <party>R</party>
        <identifiers>
          <lisID>2056</lisID>
          <gpoId>8141</gpoId>
          <bioguideId>S001184</bioguideId>
        </identifiers>
        <sponsorshipWithdrawnDate />
        <bioguideId>S001184</bioguideId>
        <lastName>Scott</lastName>
        <sponsorshipDate>2019-11-07</sponsorshipDate>
        <firstName>Tim</firstName>
        <isOriginalCosponsor>True</isOriginalCosponsor>
        <state>SC</state>
        <middleName />
      </item>
      <item>
        <fullName>Sen. Barrasso, John [R-WY]</fullName>
        <party>R</party>
        <identifiers>
          <lisID>1881</lisID>
          <gpoId>8300</gpoId>
          <bioguideId>B001261</bioguideId>
        </identifiers>
        <sponsorshipWithdrawnDate />
        <bioguideId>B001261</bioguideId>
        <lastName>Barrasso</lastName>
        <sponsorshipDate>2019-11-07</sponsorshipDate>
        <firstName>John</firstName>
        <isOriginalCosponsor>True</isOriginalCosponsor>
        <state>WY</state>
        <middleName />
      </item>
      <item>
        <fullName>Sen. Collins, Susan M. [R-ME]</fullName>
        <party>R</party>
        <identifiers>
          <lisID>1541</lisID>
          <gpoId>8291</gpoId>
          <bioguideId>C001035</bioguideId>
        </identifiers>
        <sponsorshipWithdrawnDate />
        <bioguideId>C001035</bioguideId>
        <lastName>COLLINS</lastName>
        <sponsorshipDate>2019-11-07</sponsorshipDate>
        <firstName>SUSAN</firstName>
        <isOriginalCosponsor>True</isOriginalCosponsor>
        <state>ME</state>
        <middleName>MARGARET</middleName>
      </item>
      <item>
        <fullName>Sen. Isakson, Johnny [R-GA]</fullName>
        <party>R</party>
        <identifiers>
          <lisID>1608</lisID>
          <gpoId>8323</gpoId>
          <bioguideId>I000055</bioguideId>
        </identifiers>
        <sponsorshipWithdrawnDate />
        <bioguideId>I000055</bioguideId>
        <lastName>Isakson</lastName>
        <sponsorshipDate>2019-11-07</sponsorshipDate>
        <firstName>Johnny</firstName>
        <isOriginalCosponsor>True</isOriginalCosponsor>
        <state>GA</state>
        <middleName />
      </item>
      <item>
        <fullName>Sen. Daines, Steve [R-MT]</fullName>
        <party>R</party>
        <identifiers>
          <lisID>2138</lisID>
          <gpoId />
          <bioguideId>D000618</bioguideId>
        </identifiers>
        <sponsorshipWithdrawnDate />
        <bioguideId>D000618</bioguideId>
        <lastName>Daines</lastName>
        <sponsorshipDate>2019-11-07</sponsorshipDate>
        <firstName>Steve</firstName>
        <isOriginalCosponsor>True</isOriginalCosponsor>
        <state>MT</state>
        <middleName />
      </item>
      <item>
        <fullName>Sen. Roberts, Pat [R-KS]</fullName>
        <party>R</party>
        <identifiers>
          <lisID>968</lisID>
          <gpoId>8275</gpoId>
          <bioguideId>R000307</bioguideId>
        </identifiers>
        <sponsorshipWithdrawnDate />
        <bioguideId>R000307</bioguideId>
        <lastName>ROBERTS</lastName>
        <sponsorshipDate>2019-11-07</sponsorshipDate>
        <firstName>PAT</firstName>
        <isOriginalCosponsor>True</isOriginalCosponsor>
        <state>KS</state>
        <middleName />
      </item>
      <item>
        <fullName>Sen. Kennedy, John [R-LA]</fullName>
        <party>R</party>
        <identifiers>
          <lisID>2303</lisID>
          <gpoId />
          <bioguideId>K000393</bioguideId>
        </identifiers>
        <sponsorshipWithdrawnDate />
        <bioguideId>K000393</bioguideId>
        <lastName>Kennedy</lastName>
        <sponsorshipDate>2019-11-07</sponsorshipDate>
        <firstName>John</firstName>
        <isOriginalCosponsor>True</isOriginalCosponsor>
        <state>LA</state>
        <middleName>Neely</middleName>
      </item>
      <item>
        <fullName>Sen. Lankford, James [R-OK]</fullName>
        <party>R</party>
        <identifiers>
          <lisID>2050</lisID>
          <gpoId>8113</gpoId>
          <bioguideId>L000575</bioguideId>
        </identifiers>
        <sponsorshipWithdrawnDate />
        <bioguideId>L000575</bioguideId>
        <lastName>Lankford</lastName>
        <sponsorshipDate>2019-11-07</sponsorshipDate>
        <firstName>James</firstName>
        <isOriginalCosponsor>True</isOriginalCosponsor>
        <state>OK</state>
        <middleName />
      </item>
      <item>
        <fullName>Sen. Scott, Rick  [R-FL]</fullName>
        <party>R</party>
        <identifiers>
          <lisID>2470</lisID>
          <gpoId />
          <bioguideId>S001217</bioguideId>
        </identifiers>
        <sponsorshipWithdrawnDate />
        <bioguideId>S001217</bioguideId>
        <lastName>Scott</lastName>
        <sponsorshipDate>2019-11-07</sponsorshipDate>
        <firstName>Rick</firstName>
        <isOriginalCosponsor>True</isOriginalCosponsor>
        <state>FL</state>
        <middleName />
      </item>
      <item>
        <fullName>Sen. Hawley, Josh  [R-MO]</fullName>
        <party>R</party>
        <identifiers>
          <gpoId />
          <bioguideId>H001089</bioguideId>
          <lisID>2464</lisID>
        </identifiers>
        <sponsorshipWithdrawnDate />
        <bioguideId>H001089</bioguideId>
        <lastName>Hawley</lastName>
        <sponsorshipDate>2019-11-07</sponsorshipDate>
        <firstName>Josh</firstName>
        <isOriginalCosponsor>True</isOriginalCosponsor>
        <state>MO</state>
        <middleName />
      </item>
      <item>
        <fullName>Sen. McSally, Martha [R-AZ]</fullName>
        <party>R</party>
        <identifiers>
          <lisID>2225</lisID>
          <bioguideId>M001197</bioguideId>
          <gpoId />
        </identifiers>
        <sponsorshipWithdrawnDate />
        <bioguideId>M001197</bioguideId>
        <lastName>McSally</lastName>
        <sponsorshipDate>2019-11-07</sponsorshipDate>
        <firstName>Martha</firstName>
        <isOriginalCosponsor>True</isOriginalCosponsor>
        <state>AZ</state>
        <middleName />
      </item>
    </cosponsors>
    <notes />
    <amendments />
    <billType>SRES</billType>
    <congress>116</congress>
    <textVersions>
      <item>
        <date>2019-11-07T05:00:00Z</date>
        <type>Agreed to Senate</type>
        <formats>
          <item>
            <url>https://www.govinfo.gov/content/pkg/BILLS-116sres413ats/xml/BILLS-116sres413ats.xml</url>
          </item>
        </formats>
      </item>
    </textVersions>
    <billNumber>413</billNumber>
    <actions>
      <item>
        <actionDate>2019-11-07</actionDate>
        <committee />
        <links>
          <link>
            <url>https://www.congress.gov/congressional-record/volume-165/senate-section/page/S6481</url>
            <name>S6481</name>
          </link>
          <link>
            <url>https://www.congress.gov/congressional-record/volume-165/senate-section/page/S6485</url>
            <name>S6485</name>
          </link>
        </links>
        <sourceSystem>
          <code>0</code>
          <name>Senate</name>
        </sourceSystem>
        <text>Submitted in the Senate, considered, and agreed to without amendment and with a preamble by Unanimous Consent. (consideration: CR S6485; text: CR S6481)</text>
        <type>Floor</type>
      </item>
      <item>
        <actionCode>17000</actionCode>
        <actionDate>2019-11-07</actionDate>
        <committee />
        <links>
          <link>
            <url>https://www.congress.gov/congressional-record/volume-165/senate-section/page/S6481</url>
            <name>S6481</name>
          </link>
          <link>
            <url>https://www.congress.gov/congressional-record/volume-165/senate-section/page/S6485</url>
            <name>S6485</name>
          </link>
        </links>
        <text>Passed/agreed to in Senate: Submitted in the Senate, considered, and agreed to without amendment and with a preamble by Unanimous Consent.(consideration: CR S6485; text: CR S6481)</text>
        <sourceSystem>
          <code>9</code>
          <name>Library of Congress</name>
        </sourceSystem>
        <type>Floor</type>
      </item>
      <item>
        <actionCode>10000</actionCode>
        <actionDate>2019-11-07</actionDate>
        <committee />
        <links />
        <text>Introduced in Senate</text>
        <sourceSystem>
          <code>9</code>
          <name>Library of Congress</name>
        </sourceSystem>
        <type>IntroReferral</type>
      </item>
      <actionByCounts>
        <senate>3</senate>
      </actionByCounts>
      <actionTypeCounts>
        <passedOrAgreedToInSenateDayOf>1</passedOrAgreedToInSenateDayOf>
        <passedAgreedToInSenate>1</passedAgreedToInSenate>
        <introducedInSenate>1</introducedInSenate>
      </actionTypeCounts>
    </actions>
    <committees>
      <billCommittees />
    </committees>
    <committeeReports />
    <cboCostEstimates />
    <title>A resolution designating the week of November 4 through November 8, 2019, as "National Veterans Small Business Week".</title>
    <version>1.0.0</version>
    <policyArea />
  </bill>
  <dublinCore xmlns:dc="http://purl.org/dc/elements/1.1/">
    <dc:format>text/xml</dc:format>
    <dc:language>EN</dc:language>
    <dc:rights>Pursuant to Title 17 Section 105 of the United States Code, this file is not subject to copyright protection and is in the public domain.</dc:rights>
    <dc:contributor>Congressional Research Service, Library of Congress</dc:contributor>
    <dc:description>This file contains bill summaries and statuses for federal legislation. A bill summary describes the most significant provisions of a piece of legislation and details the effects the legislative text may have on current law and federal programs. Bill summaries are authored by the Congressional Research Service (CRS) of the Library of Congress. As stated in Public Law 91-510 (2 USC 166 (d)(6)), one of the duties of CRS is "to prepare summaries and digests of bills and resolutions of a public general nature introduced in the Senate or House of Representatives". For more information, refer to the User Guide that accompanies this file.</dc:description>
  </dublinCore>
</billStatus>

