<?xml version="1.0" encoding="UTF-8"?>
<billStatus>
  <bill>
    <committeeReports />
    <billType>SRES</billType>
    <cboCostEstimates />
    <laws />
    <amendments />
    <notes />
    <calendarNumbers />
    <committees>
      <billCommittees />
    </committees>
    <titles>
      <item>
        <chamberCode />
        <parentTitleType />
        <titleType>Official Title as Introduced</titleType>
        <chamberName />
        <title>A resolution celebrating Black History Month.</title>
      </item>
      <item>
        <chamberCode />
        <parentTitleType />
        <titleType>Display Title</titleType>
        <chamberName />
        <title>A resolution celebrating Black History Month.</title>
      </item>
    </titles>
    <sponsors>
      <item>
        <state>NJ</state>
        <identifiers>
          <lisID>2194</lisID>
          <gpoId />
          <bioguideId>B001288</bioguideId>
        </identifiers>
        <bioguideId>B001288</bioguideId>
        <lastName>Booker</lastName>
        <middleName>A.</middleName>
        <firstName>Cory</firstName>
        <byRequestType />
        <fullName>Sen. Booker, Cory A. [D-NJ]</fullName>
        <party>D</party>
      </item>
    </sponsors>
    <createDate>2019-02-28T05:40:09Z</createDate>
    <summaries>
      <billSummaries>
        <item>
          <name>Introduced in Senate</name>
          <versionCode>00</versionCode>
          <text><![CDATA[<p>This resolution recognizes Black History Month as an opportunity to reflect on U.S. history and to commemorate the contributions of African Americans. </p> <p>Calls for the United States to (1) honor the contribution of pioneers who helped to ensure its legacy; and (2) move forward as a nation "indivisible, with liberty and justice for all."</p>]]></text>
          <updateDate>2019-02-27T05:00:00Z</updateDate>
          <lastSummaryUpdateDate>2019-03-11T14:53:35Z</lastSummaryUpdateDate>
          <actionDate>2019-02-27</actionDate>
          <actionDesc>Introduced in Senate</actionDesc>
        </item>
        <item>
          <name>Passed Senate</name>
          <versionCode>55</versionCode>
          <text><![CDATA[<p>This resolution recognizes Black History Month as an opportunity to reflect on U.S. history and to commemorate the contributions of African Americans. </p> <p>Calls for the United States to (1) honor the contribution of pioneers who helped to ensure its legacy; and (2) move forward as a nation "indivisible, with liberty and justice for all."</p>]]></text>
          <updateDate>2019-02-27T13:40:56Z</updateDate>
          <lastSummaryUpdateDate>2019-03-11T20:42:10Z</lastSummaryUpdateDate>
          <actionDate>2019-02-27</actionDate>
          <actionDesc>Passed Senate</actionDesc>
        </item>
      </billSummaries>
    </summaries>
    <cosponsors>
      <item>
        <fullName>Sen. Harris, Kamala D. [D-CA]</fullName>
        <isOriginalCosponsor>True</isOriginalCosponsor>
        <sponsorshipDate>2019-02-27</sponsorshipDate>
        <lastName>Harris</lastName>
        <middleName>D.</middleName>
        <firstName>Kamala</firstName>
        <sponsorshipWithdrawnDate />
        <identifiers>
          <lisID>2301</lisID>
          <gpoId />
          <bioguideId>H001075</bioguideId>
        </identifiers>
        <bioguideId>H001075</bioguideId>
        <party>D</party>
        <state>CA</state>
      </item>
      <item>
        <fullName>Sen. Paul, Rand [R-KY]</fullName>
        <isOriginalCosponsor>True</isOriginalCosponsor>
        <sponsorshipDate>2019-02-27</sponsorshipDate>
        <lastName>Paul</lastName>
        <middleName />
        <firstName>Rand</firstName>
        <sponsorshipWithdrawnDate />
        <identifiers>
          <lisID>2082</lisID>
          <gpoId>8308</gpoId>
          <bioguideId>P000603</bioguideId>
        </identifiers>
        <bioguideId>P000603</bioguideId>
        <party>R</party>
        <state>KY</state>
      </item>
      <item>
        <fullName>Sen. Reed, Jack [D-RI]</fullName>
        <isOriginalCosponsor>True</isOriginalCosponsor>
        <sponsorshipDate>2019-02-27</sponsorshipDate>
        <lastName>REED</lastName>
        <middleName>F.</middleName>
        <firstName>JOHN</firstName>
        <sponsorshipWithdrawnDate />
        <identifiers>
          <gpoId>8272</gpoId>
          <lisID>949</lisID>
          <bioguideId>R000122</bioguideId>
        </identifiers>
        <bioguideId>R000122</bioguideId>
        <party>D</party>
        <state>RI</state>
      </item>
      <item>
        <fullName>Sen. Carper, Thomas R. [D-DE]</fullName>
        <isOriginalCosponsor>True</isOriginalCosponsor>
        <sponsorshipDate>2019-02-27</sponsorshipDate>
        <lastName>CARPER</lastName>
        <middleName>R.</middleName>
        <firstName>THOMAS</firstName>
        <sponsorshipWithdrawnDate />
        <identifiers>
          <lisID>179</lisID>
          <gpoId>8283</gpoId>
          <bioguideId>C000174</bioguideId>
        </identifiers>
        <bioguideId>C000174</bioguideId>
        <party>D</party>
        <state>DE</state>
      </item>
      <item>
        <fullName>Sen. Blumenthal, Richard [D-CT]</fullName>
        <isOriginalCosponsor>True</isOriginalCosponsor>
        <sponsorshipDate>2019-02-27</sponsorshipDate>
        <lastName>Blumenthal</lastName>
        <middleName />
        <firstName>Richard</firstName>
        <sponsorshipWithdrawnDate />
        <identifiers>
          <lisID>2076</lisID>
          <gpoId>8332</gpoId>
          <bioguideId>B001277</bioguideId>
        </identifiers>
        <bioguideId>B001277</bioguideId>
        <party>D</party>
        <state>CT</state>
      </item>
      <item>
        <fullName>Sen. Murphy, Christopher [D-CT]</fullName>
        <isOriginalCosponsor>True</isOriginalCosponsor>
        <sponsorshipDate>2019-02-27</sponsorshipDate>
        <lastName>Murphy</lastName>
        <middleName />
        <firstName>Christopher</firstName>
        <sponsorshipWithdrawnDate />
        <identifiers>
          <bioguideId>M001169</bioguideId>
          <gpoId>7870</gpoId>
          <lisID>1837</lisID>
        </identifiers>
        <bioguideId>M001169</bioguideId>
        <party>D</party>
        <state>CT</state>
      </item>
      <item>
        <fullName>Sen. Jones, Doug  [D-AL]</fullName>
        <isOriginalCosponsor>True</isOriginalCosponsor>
        <sponsorshipDate>2019-02-27</sponsorshipDate>
        <lastName>Jones</lastName>
        <middleName />
        <firstName>Doug</firstName>
        <sponsorshipWithdrawnDate />
        <identifiers>
          <lisID>2364</lisID>
          <gpoId />
          <bioguideId>J000300</bioguideId>
        </identifiers>
        <bioguideId>J000300</bioguideId>
        <party>D</party>
        <state>AL</state>
      </item>
      <item>
        <fullName>Sen. Markey, Edward J. [D-MA]</fullName>
        <isOriginalCosponsor>True</isOriginalCosponsor>
        <sponsorshipDate>2019-02-27</sponsorshipDate>
        <lastName>MARKEY</lastName>
        <middleName>J.</middleName>
        <firstName>EDWARD</firstName>
        <sponsorshipWithdrawnDate />
        <identifiers>
          <bioguideId>M000133</bioguideId>
          <gpoId>7972</gpoId>
          <lisID>735</lisID>
        </identifiers>
        <bioguideId>M000133</bioguideId>
        <party>D</party>
        <state>MA</state>
      </item>
      <item>
        <fullName>Sen. Casey, Robert P., Jr. [D-PA]</fullName>
        <isOriginalCosponsor>True</isOriginalCosponsor>
        <sponsorshipDate>2019-02-27</sponsorshipDate>
        <lastName>Casey</lastName>
        <middleName />
        <firstName>Bob</firstName>
        <sponsorshipWithdrawnDate />
        <identifiers>
          <lisID>1828</lisID>
          <gpoId>8282</gpoId>
          <bioguideId>C001070</bioguideId>
        </identifiers>
        <bioguideId>C001070</bioguideId>
        <party>D</party>
        <state>PA</state>
      </item>
      <item>
        <fullName>Sen. Hassan, Margaret Wood [D-NH]</fullName>
        <isOriginalCosponsor>True</isOriginalCosponsor>
        <sponsorshipDate>2019-02-27</sponsorshipDate>
        <lastName>Hassan</lastName>
        <middleName>Wood</middleName>
        <firstName>Margaret</firstName>
        <sponsorshipWithdrawnDate />
        <identifiers>
          <bioguideId>H001076</bioguideId>
          <gpoId />
          <lisID>2302</lisID>
        </identifiers>
        <bioguideId>H001076</bioguideId>
        <party>D</party>
        <state>NH</state>
      </item>
      <item>
        <fullName>Sen. Alexander, Lamar [R-TN]</fullName>
        <isOriginalCosponsor>True</isOriginalCosponsor>
        <sponsorshipDate>2019-02-27</sponsorshipDate>
        <lastName>Alexander</lastName>
        <middleName />
        <firstName>Lamar</firstName>
        <sponsorshipWithdrawnDate />
        <identifiers>
          <lisID>1695</lisID>
          <gpoId>8304</gpoId>
          <bioguideId>A000360</bioguideId>
        </identifiers>
        <bioguideId>A000360</bioguideId>
        <party>R</party>
        <state>TN</state>
      </item>
      <item>
        <fullName>Sen. Coons, Christopher A. [D-DE]</fullName>
        <isOriginalCosponsor>True</isOriginalCosponsor>
        <sponsorshipDate>2019-02-27</sponsorshipDate>
        <lastName>Coons</lastName>
        <middleName>A.</middleName>
        <firstName>Christopher</firstName>
        <sponsorshipWithdrawnDate />
        <identifiers>
          <bioguideId>C001088</bioguideId>
          <gpoId>8297</gpoId>
          <lisID>1984</lisID>
        </identifiers>
        <bioguideId>C001088</bioguideId>
        <party>D</party>
        <state>DE</state>
      </item>
      <item>
        <fullName>Sen. Klobuchar, Amy [D-MN]</fullName>
        <isOriginalCosponsor>True</isOriginalCosponsor>
        <sponsorshipDate>2019-02-27</sponsorshipDate>
        <lastName>Klobuchar</lastName>
        <middleName />
        <firstName>Amy</firstName>
        <sponsorshipWithdrawnDate />
        <identifiers>
          <lisID>1826</lisID>
          <gpoId>8249</gpoId>
          <bioguideId>K000367</bioguideId>
        </identifiers>
        <bioguideId>K000367</bioguideId>
        <party>D</party>
        <state>MN</state>
      </item>
      <item>
        <fullName>Sen. Bennet, Michael F. [D-CO]</fullName>
        <isOriginalCosponsor>True</isOriginalCosponsor>
        <sponsorshipDate>2019-02-27</sponsorshipDate>
        <lastName>Bennet</lastName>
        <middleName>F.</middleName>
        <firstName>Michael</firstName>
        <sponsorshipWithdrawnDate />
        <identifiers>
          <bioguideId>B001267</bioguideId>
          <gpoId>8302</gpoId>
          <lisID>1965</lisID>
        </identifiers>
        <bioguideId>B001267</bioguideId>
        <party>D</party>
        <state>CO</state>
      </item>
      <item>
        <fullName>Sen. Murray, Patty [D-WA]</fullName>
        <isOriginalCosponsor>True</isOriginalCosponsor>
        <sponsorshipDate>2019-02-27</sponsorshipDate>
        <lastName>MURRAY</lastName>
        <middleName />
        <firstName>PATTY</firstName>
        <sponsorshipWithdrawnDate />
        <identifiers>
          <lisID>1409</lisID>
          <gpoId>8237</gpoId>
          <bioguideId>M001111</bioguideId>
        </identifiers>
        <bioguideId>M001111</bioguideId>
        <party>D</party>
        <state>WA</state>
      </item>
      <item>
        <fullName>Sen. Kaine, Tim [D-VA]</fullName>
        <isOriginalCosponsor>True</isOriginalCosponsor>
        <sponsorshipDate>2019-02-27</sponsorshipDate>
        <lastName>Kaine</lastName>
        <middleName />
        <firstName>Timothy</firstName>
        <sponsorshipWithdrawnDate />
        <identifiers>
          <lisID>2176</lisID>
          <gpoId />
          <bioguideId>K000384</bioguideId>
        </identifiers>
        <bioguideId>K000384</bioguideId>
        <party>D</party>
        <state>VA</state>
      </item>
      <item>
        <fullName>Sen. Sanders, Bernard [I-VT]</fullName>
        <isOriginalCosponsor>True</isOriginalCosponsor>
        <sponsorshipDate>2019-02-27</sponsorshipDate>
        <lastName>Sanders</lastName>
        <middleName />
        <firstName>Bernard</firstName>
        <sponsorshipWithdrawnDate />
        <identifiers>
          <bioguideId>S000033</bioguideId>
          <lisID>1010</lisID>
          <gpoId>8270</gpoId>
        </identifiers>
        <bioguideId>S000033</bioguideId>
        <party>I</party>
        <state>VT</state>
      </item>
      <item>
        <fullName>Sen. Murkowski, Lisa [R-AK]</fullName>
        <isOriginalCosponsor>True</isOriginalCosponsor>
        <sponsorshipDate>2019-02-27</sponsorshipDate>
        <lastName>Murkowski</lastName>
        <middleName />
        <firstName>Lisa</firstName>
        <sponsorshipWithdrawnDate />
        <identifiers>
          <lisID>1694</lisID>
          <gpoId>8234</gpoId>
          <bioguideId>M001153</bioguideId>
        </identifiers>
        <bioguideId>M001153</bioguideId>
        <party>R</party>
        <state>AK</state>
      </item>
      <item>
        <fullName>Sen. Gillibrand, Kirsten E. [D-NY]</fullName>
        <isOriginalCosponsor>True</isOriginalCosponsor>
        <sponsorshipDate>2019-02-27</sponsorshipDate>
        <lastName>Gillibrand</lastName>
        <middleName>E.</middleName>
        <firstName>Kirsten</firstName>
        <sponsorshipWithdrawnDate />
        <identifiers>
          <gpoId>8336</gpoId>
          <lisID>1866</lisID>
          <bioguideId>G000555</bioguideId>
        </identifiers>
        <bioguideId>G000555</bioguideId>
        <party>D</party>
        <state>NY</state>
      </item>
      <item>
        <fullName>Sen. Whitehouse, Sheldon [D-RI]</fullName>
        <isOriginalCosponsor>True</isOriginalCosponsor>
        <sponsorshipDate>2019-02-27</sponsorshipDate>
        <lastName>Whitehouse</lastName>
        <middleName />
        <firstName>Sheldon</firstName>
        <sponsorshipWithdrawnDate />
        <identifiers>
          <lisID>1823</lisID>
          <gpoId>8264</gpoId>
          <bioguideId>W000802</bioguideId>
        </identifiers>
        <bioguideId>W000802</bioguideId>
        <party>D</party>
        <state>RI</state>
      </item>
      <item>
        <fullName>Sen. Feinstein, Dianne [D-CA]</fullName>
        <isOriginalCosponsor>True</isOriginalCosponsor>
        <sponsorshipDate>2019-02-27</sponsorshipDate>
        <lastName>FEINSTEIN</lastName>
        <middleName />
        <firstName>DIANNE</firstName>
        <sponsorshipWithdrawnDate />
        <identifiers>
          <lisID>1332</lisID>
          <gpoId>8338</gpoId>
          <bioguideId>F000062</bioguideId>
        </identifiers>
        <bioguideId>F000062</bioguideId>
        <party>D</party>
        <state>CA</state>
      </item>
      <item>
        <fullName>Sen. Scott, Tim [R-SC]</fullName>
        <isOriginalCosponsor>True</isOriginalCosponsor>
        <sponsorshipDate>2019-02-27</sponsorshipDate>
        <lastName>Scott</lastName>
        <middleName />
        <firstName>Tim</firstName>
        <sponsorshipWithdrawnDate />
        <identifiers>
          <gpoId>8141</gpoId>
          <bioguideId>S001184</bioguideId>
          <lisID>2056</lisID>
        </identifiers>
        <bioguideId>S001184</bioguideId>
        <party>R</party>
        <state>SC</state>
      </item>
      <item>
        <fullName>Sen. Isakson, Johnny [R-GA]</fullName>
        <isOriginalCosponsor>True</isOriginalCosponsor>
        <sponsorshipDate>2019-02-27</sponsorshipDate>
        <lastName>Isakson</lastName>
        <middleName />
        <firstName>Johnny</firstName>
        <sponsorshipWithdrawnDate />
        <identifiers>
          <lisID>1608</lisID>
          <bioguideId>I000055</bioguideId>
          <gpoId>8323</gpoId>
        </identifiers>
        <bioguideId>I000055</bioguideId>
        <party>R</party>
        <state>GA</state>
      </item>
      <item>
        <fullName>Sen. Rubio, Marco [R-FL]</fullName>
        <isOriginalCosponsor>True</isOriginalCosponsor>
        <sponsorshipDate>2019-02-27</sponsorshipDate>
        <lastName>Rubio</lastName>
        <middleName />
        <firstName>Marco</firstName>
        <sponsorshipWithdrawnDate />
        <identifiers>
          <lisID>2084</lisID>
          <gpoId>8242</gpoId>
          <bioguideId>R000595</bioguideId>
        </identifiers>
        <bioguideId>R000595</bioguideId>
        <party>R</party>
        <state>FL</state>
      </item>
      <item>
        <fullName>Sen. Cortez Masto, Catherine  [D-NV]</fullName>
        <isOriginalCosponsor>True</isOriginalCosponsor>
        <sponsorshipDate>2019-02-27</sponsorshipDate>
        <lastName>Cortez Masto</lastName>
        <middleName />
        <firstName>Catherine</firstName>
        <sponsorshipWithdrawnDate />
        <identifiers>
          <bioguideId>C001113</bioguideId>
          <lisID>2299</lisID>
          <gpoId />
        </identifiers>
        <bioguideId>C001113</bioguideId>
        <party>D</party>
        <state>NV</state>
      </item>
      <item>
        <fullName>Sen. Shaheen, Jeanne [D-NH]</fullName>
        <isOriginalCosponsor>True</isOriginalCosponsor>
        <sponsorshipDate>2019-02-27</sponsorshipDate>
        <lastName>Shaheen</lastName>
        <middleName />
        <firstName>Jeanne</firstName>
        <sponsorshipWithdrawnDate />
        <identifiers>
          <lisID>1901</lisID>
          <gpoId>8276</gpoId>
          <bioguideId>S001181</bioguideId>
        </identifiers>
        <bioguideId>S001181</bioguideId>
        <party>D</party>
        <state>NH</state>
      </item>
      <item>
        <fullName>Sen. Perdue, David [R-GA]</fullName>
        <isOriginalCosponsor>True</isOriginalCosponsor>
        <sponsorshipDate>2019-02-27</sponsorshipDate>
        <lastName>Perdue</lastName>
        <middleName>Alfred</middleName>
        <firstName>David</firstName>
        <sponsorshipWithdrawnDate />
        <identifiers>
          <lisID>2286</lisID>
          <gpoId />
          <bioguideId>P000612</bioguideId>
        </identifiers>
        <bioguideId>P000612</bioguideId>
        <party>R</party>
        <state>GA</state>
      </item>
      <item>
        <fullName>Sen. Warner, Mark R. [D-VA]</fullName>
        <isOriginalCosponsor>True</isOriginalCosponsor>
        <sponsorshipDate>2019-02-27</sponsorshipDate>
        <lastName>Warner</lastName>
        <middleName>R.</middleName>
        <firstName>Mark</firstName>
        <sponsorshipWithdrawnDate />
        <identifiers>
          <lisID>1897</lisID>
          <gpoId>8269</gpoId>
          <bioguideId>W000805</bioguideId>
        </identifiers>
        <bioguideId>W000805</bioguideId>
        <party>D</party>
        <state>VA</state>
      </item>
      <item>
        <fullName>Sen. Cardin, Benjamin L. [D-MD]</fullName>
        <isOriginalCosponsor>True</isOriginalCosponsor>
        <sponsorshipDate>2019-02-27</sponsorshipDate>
        <lastName>CARDIN</lastName>
        <middleName>L.</middleName>
        <firstName>BENJAMIN</firstName>
        <sponsorshipWithdrawnDate />
        <identifiers>
          <lisID>174</lisID>
          <gpoId>8287</gpoId>
          <bioguideId>C000141</bioguideId>
        </identifiers>
        <bioguideId>C000141</bioguideId>
        <party>D</party>
        <state>MD</state>
      </item>
      <item>
        <fullName>Sen. Tillis, Thom [R-NC]</fullName>
        <isOriginalCosponsor>True</isOriginalCosponsor>
        <sponsorshipDate>2019-02-27</sponsorshipDate>
        <lastName>Tillis</lastName>
        <middleName>Roland</middleName>
        <firstName>Thomas</firstName>
        <sponsorshipWithdrawnDate />
        <identifiers>
          <bioguideId>T000476</bioguideId>
          <gpoId />
          <lisID>2291</lisID>
        </identifiers>
        <bioguideId>T000476</bioguideId>
        <party>R</party>
        <state>NC</state>
      </item>
      <item>
        <fullName>Sen. Collins, Susan M. [R-ME]</fullName>
        <isOriginalCosponsor>True</isOriginalCosponsor>
        <sponsorshipDate>2019-02-27</sponsorshipDate>
        <lastName>COLLINS</lastName>
        <middleName>MARGARET</middleName>
        <firstName>SUSAN</firstName>
        <sponsorshipWithdrawnDate />
        <identifiers>
          <lisID>1541</lisID>
          <bioguideId>C001035</bioguideId>
          <gpoId>8291</gpoId>
        </identifiers>
        <bioguideId>C001035</bioguideId>
        <party>R</party>
        <state>ME</state>
      </item>
      <item>
        <fullName>Sen. Hirono, Mazie K. [D-HI]</fullName>
        <isOriginalCosponsor>True</isOriginalCosponsor>
        <sponsorshipDate>2019-02-27</sponsorshipDate>
        <lastName>Hirono</lastName>
        <middleName>K.</middleName>
        <firstName>Mazie</firstName>
        <sponsorshipWithdrawnDate />
        <identifiers>
          <bioguideId>H001042</bioguideId>
          <lisID>1844</lisID>
          <gpoId>7913</gpoId>
        </identifiers>
        <bioguideId>H001042</bioguideId>
        <party>D</party>
        <state>HI</state>
      </item>
      <item>
        <fullName>Sen. Stabenow, Debbie [D-MI]</fullName>
        <isOriginalCosponsor>True</isOriginalCosponsor>
        <sponsorshipDate>2019-02-27</sponsorshipDate>
        <lastName>STABENOW</lastName>
        <middleName>ANN</middleName>
        <firstName>DEBORAH</firstName>
        <sponsorshipWithdrawnDate />
        <identifiers>
          <lisID>1531</lisID>
          <bioguideId>S000770</bioguideId>
          <gpoId>8261</gpoId>
        </identifiers>
        <bioguideId>S000770</bioguideId>
        <party>D</party>
        <state>MI</state>
      </item>
      <item>
        <fullName>Sen. Van Hollen, Chris [D-MD]</fullName>
        <isOriginalCosponsor>True</isOriginalCosponsor>
        <sponsorshipDate>2019-02-27</sponsorshipDate>
        <lastName>Van Hollen</lastName>
        <middleName />
        <firstName>Chris</firstName>
        <sponsorshipWithdrawnDate />
        <identifiers>
          <lisID>1729</lisID>
          <bioguideId>V000128</bioguideId>
          <gpoId>7983</gpoId>
        </identifiers>
        <bioguideId>V000128</bioguideId>
        <party>D</party>
        <state>MD</state>
      </item>
      <item>
        <fullName>Sen. Duckworth, Tammy [D-IL]</fullName>
        <isOriginalCosponsor>True</isOriginalCosponsor>
        <sponsorshipDate>2019-02-27</sponsorshipDate>
        <lastName>Duckworth</lastName>
        <middleName />
        <firstName>Tammy</firstName>
        <sponsorshipWithdrawnDate />
        <identifiers>
          <gpoId />
          <lisID>2123</lisID>
          <bioguideId>D000622</bioguideId>
        </identifiers>
        <bioguideId>D000622</bioguideId>
        <party>D</party>
        <state>IL</state>
      </item>
      <item>
        <fullName>Sen. Peters, Gary C. [D-MI]</fullName>
        <isOriginalCosponsor>True</isOriginalCosponsor>
        <sponsorshipDate>2019-02-27</sponsorshipDate>
        <lastName>Peters</lastName>
        <middleName>C.</middleName>
        <firstName>Gary</firstName>
        <sponsorshipWithdrawnDate />
        <identifiers>
          <lisID>1929</lisID>
          <bioguideId>P000595</bioguideId>
          <gpoId>7994</gpoId>
        </identifiers>
        <bioguideId>P000595</bioguideId>
        <party>D</party>
        <state>MI</state>
      </item>
      <item>
        <fullName>Sen. Wyden, Ron [D-OR]</fullName>
        <isOriginalCosponsor>True</isOriginalCosponsor>
        <sponsorshipDate>2019-02-27</sponsorshipDate>
        <lastName>WYDEN</lastName>
        <middleName />
        <firstName>RON</firstName>
        <sponsorshipWithdrawnDate />
        <identifiers>
          <lisID>1247</lisID>
          <gpoId>8265</gpoId>
          <bioguideId>W000779</bioguideId>
        </identifiers>
        <bioguideId>W000779</bioguideId>
        <party>D</party>
        <state>OR</state>
      </item>
      <item>
        <fullName>Sen. Blunt, Roy [R-MO]</fullName>
        <isOriginalCosponsor>True</isOriginalCosponsor>
        <sponsorshipDate>2019-02-27</sponsorshipDate>
        <lastName>Blunt</lastName>
        <middleName />
        <firstName>Roy</firstName>
        <sponsorshipWithdrawnDate />
        <identifiers>
          <gpoId>8313</gpoId>
          <bioguideId>B000575</bioguideId>
          <lisID>1464</lisID>
        </identifiers>
        <bioguideId>B000575</bioguideId>
        <party>R</party>
        <state>MO</state>
      </item>
      <item>
        <fullName>Sen. Durbin, Richard J. [D-IL]</fullName>
        <isOriginalCosponsor>True</isOriginalCosponsor>
        <sponsorshipDate>2019-02-27</sponsorshipDate>
        <lastName>DURBIN</lastName>
        <middleName>J.</middleName>
        <firstName>RICHARD</firstName>
        <sponsorshipWithdrawnDate />
        <identifiers>
          <lisID>326</lisID>
          <gpoId>8326</gpoId>
          <bioguideId>D000563</bioguideId>
        </identifiers>
        <bioguideId>D000563</bioguideId>
        <party>D</party>
        <state>IL</state>
      </item>
      <item>
        <fullName>Sen. Portman, Rob [R-OH]</fullName>
        <isOriginalCosponsor>True</isOriginalCosponsor>
        <sponsorshipDate>2019-02-27</sponsorshipDate>
        <lastName>PORTMAN</lastName>
        <middleName />
        <firstName>ROB</firstName>
        <sponsorshipWithdrawnDate />
        <identifiers>
          <lisID>924</lisID>
          <gpoId>8266</gpoId>
          <bioguideId>P000449</bioguideId>
        </identifiers>
        <bioguideId>P000449</bioguideId>
        <party>R</party>
        <state>OH</state>
      </item>
      <item>
        <fullName>Sen. Cornyn, John [R-TX]</fullName>
        <isOriginalCosponsor>True</isOriginalCosponsor>
        <sponsorshipDate>2019-02-27</sponsorshipDate>
        <lastName>Cornyn</lastName>
        <middleName />
        <firstName>John</firstName>
        <sponsorshipWithdrawnDate />
        <identifiers>
          <lisID>1692</lisID>
          <gpoId>8295</gpoId>
          <bioguideId>C001056</bioguideId>
        </identifiers>
        <bioguideId>C001056</bioguideId>
        <party>R</party>
        <state>TX</state>
      </item>
      <item>
        <fullName>Sen. Grassley, Chuck [R-IA]</fullName>
        <isOriginalCosponsor>True</isOriginalCosponsor>
        <sponsorshipDate>2019-02-27</sponsorshipDate>
        <lastName>GRASSLEY</lastName>
        <middleName>ERNEST</middleName>
        <firstName>CHARLES</firstName>
        <sponsorshipWithdrawnDate />
        <identifiers>
          <lisID>457</lisID>
          <bioguideId>G000386</bioguideId>
          <gpoId>8316</gpoId>
        </identifiers>
        <bioguideId>G000386</bioguideId>
        <party>R</party>
        <state>IA</state>
      </item>
      <item>
        <fullName>Sen. Hyde-Smith, Cindy [R-MS]</fullName>
        <isOriginalCosponsor>True</isOriginalCosponsor>
        <sponsorshipDate>2019-02-27</sponsorshipDate>
        <lastName>Hyde-Smith</lastName>
        <middleName />
        <firstName>Cindy</firstName>
        <sponsorshipWithdrawnDate />
        <identifiers>
          <gpoId />
          <lisID>2366</lisID>
          <bioguideId>H001079</bioguideId>
        </identifiers>
        <bioguideId>H001079</bioguideId>
        <party>R</party>
        <state>MS</state>
      </item>
      <item>
        <fullName>Sen. Burr, Richard [R-NC]</fullName>
        <isOriginalCosponsor>True</isOriginalCosponsor>
        <sponsorshipDate>2019-02-27</sponsorshipDate>
        <lastName>BURR</lastName>
        <middleName />
        <firstName>RICHARD</firstName>
        <sponsorshipWithdrawnDate />
        <identifiers>
          <bioguideId>B001135</bioguideId>
          <lisID>153</lisID>
          <gpoId>8286</gpoId>
        </identifiers>
        <bioguideId>B001135</bioguideId>
        <party>R</party>
        <state>NC</state>
      </item>
      <item>
        <fullName>Sen. Cassidy, Bill [R-LA]</fullName>
        <isOriginalCosponsor>True</isOriginalCosponsor>
        <sponsorshipDate>2019-02-27</sponsorshipDate>
        <lastName>Cassidy</lastName>
        <middleName />
        <firstName>Bill</firstName>
        <sponsorshipWithdrawnDate />
        <identifiers>
          <bioguideId>C001075</bioguideId>
          <gpoId>7964</gpoId>
          <lisID>1925</lisID>
        </identifiers>
        <bioguideId>C001075</bioguideId>
        <party>R</party>
        <state>LA</state>
      </item>
      <item>
        <fullName>Sen. Lankford, James [R-OK]</fullName>
        <isOriginalCosponsor>True</isOriginalCosponsor>
        <sponsorshipDate>2019-02-27</sponsorshipDate>
        <lastName>Lankford</lastName>
        <middleName />
        <firstName>James</firstName>
        <sponsorshipWithdrawnDate />
        <identifiers>
          <bioguideId>L000575</bioguideId>
          <lisID>2050</lisID>
          <gpoId>8113</gpoId>
        </identifiers>
        <bioguideId>L000575</bioguideId>
        <party>R</party>
        <state>OK</state>
      </item>
      <item>
        <fullName>Sen. Shelby, Richard C. [R-AL]</fullName>
        <isOriginalCosponsor>True</isOriginalCosponsor>
        <sponsorshipDate>2019-02-27</sponsorshipDate>
        <lastName>SHELBY</lastName>
        <middleName>CRAIG</middleName>
        <firstName>RICHARD</firstName>
        <sponsorshipWithdrawnDate />
        <identifiers>
          <bioguideId>S000320</bioguideId>
          <gpoId>8277</gpoId>
          <lisID>1049</lisID>
        </identifiers>
        <bioguideId>S000320</bioguideId>
        <party>R</party>
        <state>AL</state>
      </item>
      <item>
        <fullName>Sen. Moran, Jerry [R-KS]</fullName>
        <isOriginalCosponsor>True</isOriginalCosponsor>
        <sponsorshipDate>2019-02-27</sponsorshipDate>
        <lastName>Moran</lastName>
        <middleName />
        <firstName>Jerry</firstName>
        <sponsorshipWithdrawnDate />
        <identifiers>
          <gpoId>8307</gpoId>
          <bioguideId>M000934</bioguideId>
          <lisID>1507</lisID>
        </identifiers>
        <bioguideId>M000934</bioguideId>
        <party>R</party>
        <state>KS</state>
      </item>
      <item>
        <fullName>Sen. Scott, Rick  [R-FL]</fullName>
        <isOriginalCosponsor>True</isOriginalCosponsor>
        <sponsorshipDate>2019-02-27</sponsorshipDate>
        <lastName>Scott</lastName>
        <middleName />
        <firstName>Rick</firstName>
        <sponsorshipWithdrawnDate />
        <identifiers>
          <lisID>2470</lisID>
          <bioguideId>S001217</bioguideId>
          <gpoId />
        </identifiers>
        <bioguideId>S001217</bioguideId>
        <party>R</party>
        <state>FL</state>
      </item>
      <item>
        <fullName>Sen. Sullivan, Dan  [R-AK]</fullName>
        <isOriginalCosponsor>True</isOriginalCosponsor>
        <sponsorshipDate>2019-02-27</sponsorshipDate>
        <lastName>Sullivan</lastName>
        <middleName />
        <firstName>Dan</firstName>
        <sponsorshipWithdrawnDate />
        <identifiers>
          <gpoId />
          <bioguideId>S001198</bioguideId>
          <lisID>2290</lisID>
        </identifiers>
        <bioguideId>S001198</bioguideId>
        <party>R</party>
        <state>AK</state>
      </item>
      <item>
        <fullName>Sen. Menendez, Robert [D-NJ]</fullName>
        <isOriginalCosponsor>True</isOriginalCosponsor>
        <sponsorshipDate>2019-02-27</sponsorshipDate>
        <lastName>Menendez</lastName>
        <middleName />
        <firstName>Robert</firstName>
        <sponsorshipWithdrawnDate />
        <identifiers>
          <bioguideId>M000639</bioguideId>
          <gpoId>8239</gpoId>
          <lisID>791</lisID>
        </identifiers>
        <bioguideId>M000639</bioguideId>
        <party>D</party>
        <state>NJ</state>
      </item>
    </cosponsors>
    <textVersions>
      <item>
        <formats>
          <item>
            <url>https://www.govinfo.gov/content/pkg/BILLS-116sres84ats/xml/BILLS-116sres84ats.xml</url>
          </item>
        </formats>
        <type>Agreed to Senate</type>
        <date>2019-02-27T05:00:00Z</date>
      </item>
    </textVersions>
    <updateDate>2019-03-22T17:13:16Z</updateDate>
    <actions>
      <actionTypeCounts>
        <introducedInSenate>1</introducedInSenate>
        <passedOrAgreedToInSenateDayOf>1</passedOrAgreedToInSenateDayOf>
        <passedAgreedToInSenate>1</passedAgreedToInSenate>
      </actionTypeCounts>
      <item>
        <actionDate>2019-02-27</actionDate>
        <committee />
        <links>
          <link>
            <url>https://www.congress.gov/congressional-record/volume-165/senate-section/page/S1545</url>
            <name>S1545</name>
          </link>
          <link>
            <url>https://www.congress.gov/congressional-record/volume-165/senate-section/page/S1546</url>
            <name>S1546</name>
          </link>
        </links>
        <sourceSystem>
          <name>Senate</name>
          <code>0</code>
        </sourceSystem>
        <text>Submitted in the Senate, considered, and agreed to without amendment and with a preamble by Unanimous Consent. (consideration: CR S1546; text: CR S1545)</text>
        <type>Floor</type>
      </item>
      <item>
        <actionDate>2019-02-27</actionDate>
        <links>
          <link>
            <url>https://www.congress.gov/congressional-record/volume-165/senate-section/page/S1545</url>
            <name>S1545</name>
          </link>
          <link>
            <url>https://www.congress.gov/congressional-record/volume-165/senate-section/page/S1546</url>
            <name>S1546</name>
          </link>
        </links>
        <committee />
        <actionCode>17000</actionCode>
        <text>Passed/agreed to in Senate: Submitted in the Senate, considered, and agreed to without amendment and with a preamble by Unanimous Consent.(consideration: CR S1546; text: CR S1545)</text>
        <sourceSystem>
          <name>Library of Congress</name>
          <code>9</code>
        </sourceSystem>
        <type>Floor</type>
      </item>
      <item>
        <actionDate>2019-02-27</actionDate>
        <links />
        <committee />
        <actionCode>10000</actionCode>
        <text>Introduced in Senate</text>
        <sourceSystem>
          <name>Library of Congress</name>
          <code>9</code>
        </sourceSystem>
        <type>IntroReferral</type>
      </item>
      <actionByCounts>
        <senate>3</senate>
      </actionByCounts>
    </actions>
    <subjects>
      <billSubjects>
        <policyArea>
          <name>Civil Rights and Liberties, Minority Issues</name>
        </policyArea>
        <legislativeSubjects>
          <item>
            <name>Commemorative events and holidays</name>
          </item>
          <item>
            <name>Congressional tributes</name>
          </item>
          <item>
            <name>Ethnic studies</name>
          </item>
          <item>
            <name>Racial and ethnic relations</name>
          </item>
          <item>
            <name>U.S. history</name>
          </item>
        </legislativeSubjects>
      </billSubjects>
    </subjects>
    <version>1.0.0</version>
    <introducedDate>2019-02-27</introducedDate>
    <congress>116</congress>
    <originChamber>Senate</originChamber>
    <title>A resolution celebrating Black History Month.</title>
    <billNumber>84</billNumber>
    <relatedBills />
    <recordedVotes />
    <latestAction>
      <actionDate>2019-02-27</actionDate>
      <text>Submitted in the Senate, considered, and agreed to without amendment and with a preamble by Unanimous Consent. (consideration: CR S1546; text: CR S1545)</text>
      <links />
    </latestAction>
    <policyArea>
      <name>Civil Rights and Liberties, Minority Issues</name>
    </policyArea>
  </bill>
  <dublinCore xmlns:dc="http://purl.org/dc/elements/1.1/">
    <dc:format>text/xml</dc:format>
    <dc:language>EN</dc:language>
    <dc:rights>Pursuant to Title 17 Section 105 of the United States Code, this file is not subject to copyright protection and is in the public domain.</dc:rights>
    <dc:contributor>Congressional Research Service, Library of Congress</dc:contributor>
    <dc:description>This file contains bill summaries and statuses for federal legislation. A bill summary describes the most significant provisions of a piece of legislation and details the effects the legislative text may have on current law and federal programs. Bill summaries are authored by the Congressional Research Service (CRS) of the Library of Congress. As stated in Public Law 91-510 (2 USC 166 (d)(6)), one of the duties of CRS is "to prepare summaries and digests of bills and resolutions of a public general nature introduced in the Senate or House of Representatives". For more information, refer to the User Guide that accompanies this file.</dc:description>
  </dublinCore>
</billStatus>

