<?xml version="1.0" encoding="UTF-8"?>
<billStatus>
  <bill>
    <summaries>
      <billSummaries />
    </summaries>
    <updateDate>2019-10-03T04:42:31Z</updateDate>
    <subjects>
      <billSubjects>
        <legislativeSubjects>
          <item>
            <name>Cancer</name>
          </item>
          <item>
            <name>Commemorative events and holidays</name>
          </item>
          <item>
            <name>Health promotion and preventive care</name>
          </item>
          <item>
            <name>Women's health</name>
          </item>
        </legislativeSubjects>
        <policyArea>
          <name>Health</name>
        </policyArea>
      </billSubjects>
    </subjects>
    <committeeReports />
    <createDate>2019-09-26T04:27:29Z</createDate>
    <sponsors>
      <item>
        <bioguideId>S000770</bioguideId>
        <byRequestType />
        <fullName>Sen. Stabenow, Debbie [D-MI]</fullName>
        <party>D</party>
        <state>MI</state>
        <middleName>ANN</middleName>
        <identifiers>
          <bioguideId>S000770</bioguideId>
          <gpoId>8261</gpoId>
          <lisID>1531</lisID>
        </identifiers>
        <lastName>STABENOW</lastName>
        <firstName>DEBORAH</firstName>
      </item>
    </sponsors>
    <policyArea>
      <name>Health</name>
    </policyArea>
    <billType>SRES</billType>
    <latestAction>
      <actionDate>2019-09-25</actionDate>
      <text>Referred to the Committee on the Judiciary. (text: CR S5711)</text>
      <links />
    </latestAction>
    <notes />
    <cosponsors>
      <item>
        <state>DE</state>
        <bioguideId>C000174</bioguideId>
        <middleName>R.</middleName>
        <party>D</party>
        <firstName>THOMAS</firstName>
        <lastName>CARPER</lastName>
        <sponsorshipWithdrawnDate />
        <fullName>Sen. Carper, Thomas R. [D-DE]</fullName>
        <isOriginalCosponsor>True</isOriginalCosponsor>
        <sponsorshipDate>2019-09-25</sponsorshipDate>
        <identifiers>
          <bioguideId>C000174</bioguideId>
          <gpoId>8283</gpoId>
          <lisID>179</lisID>
        </identifiers>
      </item>
      <item>
        <state>CT</state>
        <bioguideId>B001277</bioguideId>
        <middleName />
        <party>D</party>
        <firstName>Richard</firstName>
        <lastName>Blumenthal</lastName>
        <sponsorshipWithdrawnDate />
        <fullName>Sen. Blumenthal, Richard [D-CT]</fullName>
        <isOriginalCosponsor>True</isOriginalCosponsor>
        <sponsorshipDate>2019-09-25</sponsorshipDate>
        <identifiers>
          <lisID>2076</lisID>
          <gpoId>8332</gpoId>
          <bioguideId>B001277</bioguideId>
        </identifiers>
      </item>
      <item>
        <state>OH</state>
        <bioguideId>B000944</bioguideId>
        <middleName />
        <party>D</party>
        <firstName>Sherrod</firstName>
        <lastName>Brown</lastName>
        <sponsorshipWithdrawnDate />
        <fullName>Sen. Brown, Sherrod [D-OH]</fullName>
        <isOriginalCosponsor>True</isOriginalCosponsor>
        <sponsorshipDate>2019-09-25</sponsorshipDate>
        <identifiers>
          <bioguideId>B000944</bioguideId>
          <gpoId>8309</gpoId>
          <lisID>136</lisID>
        </identifiers>
      </item>
      <item>
        <state>NJ</state>
        <bioguideId>M000639</bioguideId>
        <middleName />
        <party>D</party>
        <firstName>Robert</firstName>
        <lastName>Menendez</lastName>
        <sponsorshipWithdrawnDate />
        <fullName>Sen. Menendez, Robert [D-NJ]</fullName>
        <isOriginalCosponsor>True</isOriginalCosponsor>
        <sponsorshipDate>2019-09-25</sponsorshipDate>
        <identifiers>
          <bioguideId>M000639</bioguideId>
          <gpoId>8239</gpoId>
          <lisID>791</lisID>
        </identifiers>
      </item>
      <item>
        <state>MI</state>
        <bioguideId>P000595</bioguideId>
        <middleName>C.</middleName>
        <party>D</party>
        <firstName>Gary</firstName>
        <lastName>Peters</lastName>
        <sponsorshipWithdrawnDate />
        <fullName>Sen. Peters, Gary C. [D-MI]</fullName>
        <isOriginalCosponsor>False</isOriginalCosponsor>
        <sponsorshipDate>2019-09-26</sponsorshipDate>
        <identifiers>
          <lisID>1929</lisID>
          <gpoId>7994</gpoId>
          <bioguideId>P000595</bioguideId>
        </identifiers>
      </item>
    </cosponsors>
    <originChamber>Senate</originChamber>
    <billNumber>341</billNumber>
    <calendarNumbers />
    <amendments />
    <introducedDate>2019-09-25</introducedDate>
    <version>1.0.0</version>
    <cboCostEstimates />
    <relatedBills />
    <textVersions>
      <item>
        <date>2019-09-25T04:00:00Z</date>
        <type>Introduced in Senate</type>
        <formats>
          <item>
            <url>https://www.govinfo.gov/content/pkg/BILLS-116sres341is/xml/BILLS-116sres341is.xml</url>
          </item>
        </formats>
      </item>
    </textVersions>
    <recordedVotes />
    <congress>116</congress>
    <title>A resolution designating September 2019 as "National Ovarian Cancer Awareness Month".</title>
    <titles>
      <item>
        <titleType>Official Title as Introduced</titleType>
        <parentTitleType />
        <chamberCode />
        <title>A resolution designating September 2019 as "National Ovarian Cancer Awareness Month".</title>
        <chamberName />
      </item>
      <item>
        <titleType>Display Title</titleType>
        <parentTitleType />
        <chamberCode />
        <title>A resolution designating September 2019 as "National Ovarian Cancer Awareness Month".</title>
        <chamberName />
      </item>
    </titles>
    <committees>
      <billCommittees>
        <item>
          <chamber>Senate</chamber>
          <type>Standing</type>
          <subcommittees />
          <name>Judiciary Committee</name>
          <systemCode>ssju00</systemCode>
          <activities>
            <item>
              <name>Referred to</name>
              <date>2019-09-25T22:40:11Z</date>
            </item>
          </activities>
        </item>
      </billCommittees>
    </committees>
    <actions>
      <actionTypeCounts>
        <referredToCommittee>1</referredToCommittee>
        <introducedInSenate>1</introducedInSenate>
      </actionTypeCounts>
      <actionByCounts>
        <senate>2</senate>
      </actionByCounts>
      <item>
        <actionDate>2019-09-25</actionDate>
        <committee>
          <systemCode>ssju00</systemCode>
          <name>Judiciary Committee</name>
        </committee>
        <links />
        <sourceSystem>
          <name>Senate</name>
          <code>0</code>
        </sourceSystem>
        <text>Referred to the Committee on the Judiciary. (text: CR S5711)</text>
        <type>IntroReferral</type>
      </item>
      <item>
        <committee />
        <type>IntroReferral</type>
        <actionDate>2019-09-25</actionDate>
        <actionCode>10000</actionCode>
        <links />
        <sourceSystem>
          <name>Library of Congress</name>
          <code>9</code>
        </sourceSystem>
        <text>Introduced in Senate</text>
      </item>
    </actions>
    <laws />
  </bill>
  <dublinCore xmlns:dc="http://purl.org/dc/elements/1.1/">
    <dc:format>text/xml</dc:format>
    <dc:language>EN</dc:language>
    <dc:rights>Pursuant to Title 17 Section 105 of the United States Code, this file is not subject to copyright protection and is in the public domain.</dc:rights>
    <dc:contributor>Congressional Research Service, Library of Congress</dc:contributor>
    <dc:description>This file contains bill summaries and statuses for federal legislation. A bill summary describes the most significant provisions of a piece of legislation and details the effects the legislative text may have on current law and federal programs. Bill summaries are authored by the Congressional Research Service (CRS) of the Library of Congress. As stated in Public Law 91-510 (2 USC 166 (d)(6)), one of the duties of CRS is "to prepare summaries and digests of bills and resolutions of a public general nature introduced in the Senate or House of Representatives". For more information, refer to the User Guide that accompanies this file.</dc:description>
  </dublinCore>
</billStatus>

