<?xml version="1.0" encoding="UTF-8"?>
<billStatus>
  <bill>
    <version>1.0.0</version>
    <titles>
      <item>
        <chamberName />
        <titleType>Official Title as Introduced</titleType>
        <parentTitleType />
        <chamberCode />
        <title>A resolution designating October 26, 2019, as the "Day of the Deployed".</title>
      </item>
      <item>
        <chamberName />
        <titleType>Display Title</titleType>
        <parentTitleType />
        <chamberCode />
        <title>A resolution designating October 26, 2019, as the "Day of the Deployed".</title>
      </item>
    </titles>
    <recordedVotes />
    <originChamber>Senate</originChamber>
    <laws />
    <createDate>2019-10-25T04:42:29Z</createDate>
    <notes />
    <summaries>
      <billSummaries />
    </summaries>
    <policyArea>
      <name>Armed Forces and National Security</name>
    </policyArea>
    <updateDate>2019-10-31T09:59:03Z</updateDate>
    <committeeReports />
    <textVersions>
      <item>
        <date>2019-10-24T04:00:00Z</date>
        <type>Agreed to Senate</type>
        <formats>
          <item>
            <url>https://www.govinfo.gov/content/pkg/BILLS-116sres381ats/xml/BILLS-116sres381ats.xml</url>
          </item>
        </formats>
      </item>
    </textVersions>
    <sponsors>
      <item>
        <party>R</party>
        <middleName />
        <firstName>John</firstName>
        <fullName>Sen. Hoeven, John [R-ND]</fullName>
        <state>ND</state>
        <byRequestType />
        <identifiers>
          <gpoId>8331</gpoId>
          <bioguideId>H001061</bioguideId>
          <lisID>2079</lisID>
        </identifiers>
        <lastName>Hoeven</lastName>
        <bioguideId>H001061</bioguideId>
      </item>
    </sponsors>
    <calendarNumbers />
    <cosponsors>
      <item>
        <firstName>Jon</firstName>
        <middleName />
        <sponsorshipDate>2019-10-24</sponsorshipDate>
        <lastName>Tester</lastName>
        <state>MT</state>
        <fullName>Sen. Tester, Jon [D-MT]</fullName>
        <party>D</party>
        <sponsorshipWithdrawnDate />
        <isOriginalCosponsor>True</isOriginalCosponsor>
        <bioguideId>T000464</bioguideId>
        <identifiers>
          <lisID>1829</lisID>
          <gpoId>8258</gpoId>
          <bioguideId>T000464</bioguideId>
        </identifiers>
      </item>
      <item>
        <firstName>Gary</firstName>
        <middleName>C.</middleName>
        <sponsorshipDate>2019-10-24</sponsorshipDate>
        <lastName>Peters</lastName>
        <state>MI</state>
        <fullName>Sen. Peters, Gary C. [D-MI]</fullName>
        <party>D</party>
        <sponsorshipWithdrawnDate />
        <isOriginalCosponsor>True</isOriginalCosponsor>
        <bioguideId>P000595</bioguideId>
        <identifiers>
          <gpoId>7994</gpoId>
          <lisID>1929</lisID>
          <bioguideId>P000595</bioguideId>
        </identifiers>
      </item>
      <item>
        <firstName>Elizabeth</firstName>
        <middleName>A.</middleName>
        <sponsorshipDate>2019-10-24</sponsorshipDate>
        <lastName>Warren</lastName>
        <state>MA</state>
        <fullName>Sen. Warren, Elizabeth [D-MA]</fullName>
        <party>D</party>
        <sponsorshipWithdrawnDate />
        <isOriginalCosponsor>True</isOriginalCosponsor>
        <bioguideId>W000817</bioguideId>
        <identifiers>
          <lisID>2182</lisID>
          <bioguideId>W000817</bioguideId>
          <gpoId />
        </identifiers>
      </item>
      <item>
        <firstName>Steve</firstName>
        <middleName />
        <sponsorshipDate>2019-10-24</sponsorshipDate>
        <lastName>Daines</lastName>
        <state>MT</state>
        <fullName>Sen. Daines, Steve [R-MT]</fullName>
        <party>R</party>
        <sponsorshipWithdrawnDate />
        <isOriginalCosponsor>True</isOriginalCosponsor>
        <bioguideId>D000618</bioguideId>
        <identifiers>
          <lisID>2138</lisID>
          <gpoId />
          <bioguideId>D000618</bioguideId>
        </identifiers>
      </item>
      <item>
        <firstName>Johnny</firstName>
        <middleName />
        <sponsorshipDate>2019-10-24</sponsorshipDate>
        <lastName>Isakson</lastName>
        <state>GA</state>
        <fullName>Sen. Isakson, Johnny [R-GA]</fullName>
        <party>R</party>
        <sponsorshipWithdrawnDate />
        <isOriginalCosponsor>True</isOriginalCosponsor>
        <bioguideId>I000055</bioguideId>
        <identifiers>
          <gpoId>8323</gpoId>
          <bioguideId>I000055</bioguideId>
          <lisID>1608</lisID>
        </identifiers>
      </item>
    </cosponsors>
    <congress>116</congress>
    <subjects>
      <billSubjects>
        <legislativeSubjects>
          <item>
            <name>Commemorative events and holidays</name>
          </item>
          <item>
            <name>Congressional tributes</name>
          </item>
          <item>
            <name>Military personnel and dependents</name>
          </item>
        </legislativeSubjects>
        <policyArea>
          <name>Armed Forces and National Security</name>
        </policyArea>
      </billSubjects>
    </subjects>
    <latestAction>
      <text>Submitted in the Senate, considered, and agreed to without amendment and with a preamble by Voice Vote. (consideration: CR S6177; text: CR S6161-6162)</text>
      <links />
      <actionDate>2019-10-24</actionDate>
    </latestAction>
    <billType>SRES</billType>
    <billNumber>381</billNumber>
    <cboCostEstimates />
    <relatedBills />
    <committees>
      <billCommittees />
    </committees>
    <actions>
      <actionTypeCounts>
        <passedAgreedToInSenate>1</passedAgreedToInSenate>
        <introducedInSenate>1</introducedInSenate>
        <passedOrAgreedToInSenateDayOf>1</passedOrAgreedToInSenateDayOf>
      </actionTypeCounts>
      <item>
        <actionDate>2019-10-24</actionDate>
        <committee />
        <links>
          <link>
            <url>https://www.congress.gov/congressional-record/volume-165/senate-section/page/S6161-6162</url>
            <name>S6161-6162</name>
          </link>
          <link>
            <url>https://www.congress.gov/congressional-record/volume-165/senate-section/page/S6177</url>
            <name>S6177</name>
          </link>
        </links>
        <sourceSystem>
          <code>0</code>
          <name>Senate</name>
        </sourceSystem>
        <text>Submitted in the Senate, considered, and agreed to without amendment and with a preamble by Voice Vote. (consideration: CR S6177; text: CR S6161-6162)</text>
        <type>Floor</type>
      </item>
      <item>
        <text>Passed/agreed to in Senate: Submitted in the Senate, considered, and agreed to without amendment and with a preamble by Voice Vote.(consideration: CR S6177; text: CR S6161-6162)</text>
        <type>Floor</type>
        <sourceSystem>
          <code>9</code>
          <name>Library of Congress</name>
        </sourceSystem>
        <actionDate>2019-10-24</actionDate>
        <links>
          <link>
            <url>https://www.congress.gov/congressional-record/volume-165/senate-section/page/S6161-6162</url>
            <name>S6161-6162</name>
          </link>
          <link>
            <url>https://www.congress.gov/congressional-record/volume-165/senate-section/page/S6177</url>
            <name>S6177</name>
          </link>
        </links>
        <actionCode>17000</actionCode>
        <committee />
      </item>
      <item>
        <text>Introduced in Senate</text>
        <type>IntroReferral</type>
        <sourceSystem>
          <code>9</code>
          <name>Library of Congress</name>
        </sourceSystem>
        <actionDate>2019-10-24</actionDate>
        <links />
        <actionCode>10000</actionCode>
        <committee />
      </item>
      <actionByCounts>
        <senate>3</senate>
      </actionByCounts>
    </actions>
    <title>A resolution designating October 26, 2019, as the "Day of the Deployed".</title>
    <introducedDate>2019-10-24</introducedDate>
    <amendments />
  </bill>
  <dublinCore xmlns:dc="http://purl.org/dc/elements/1.1/">
    <dc:format>text/xml</dc:format>
    <dc:language>EN</dc:language>
    <dc:rights>Pursuant to Title 17 Section 105 of the United States Code, this file is not subject to copyright protection and is in the public domain.</dc:rights>
    <dc:contributor>Congressional Research Service, Library of Congress</dc:contributor>
    <dc:description>This file contains bill summaries and statuses for federal legislation. A bill summary describes the most significant provisions of a piece of legislation and details the effects the legislative text may have on current law and federal programs. Bill summaries are authored by the Congressional Research Service (CRS) of the Library of Congress. As stated in Public Law 91-510 (2 USC 166 (d)(6)), one of the duties of CRS is "to prepare summaries and digests of bills and resolutions of a public general nature introduced in the Senate or House of Representatives". For more information, refer to the User Guide that accompanies this file.</dc:description>
  </dublinCore>
</billStatus>

