<?xml version="1.0" encoding="UTF-8"?>
<billStatus>
  <bill>
    <version>1.0.0</version>
    <cboCostEstimates />
    <relatedBills />
    <amendments />
    <summaries>
      <billSummaries>
        <item>
          <versionCode>00</versionCode>
          <actionDesc>Introduced in Senate</actionDesc>
          <updateDate>2019-03-27T04:00:00Z</updateDate>
          <name>Introduced in Senate</name>
          <lastSummaryUpdateDate>2019-04-10T16:37:38Z</lastSummaryUpdateDate>
          <actionDate>2019-03-27</actionDate>
          <text><![CDATA[<p>This resolution lauds the North Atlantic Treaty Organization (NATO) for its contributions to the safety, security, and democratic systems of its member states, and reaffirms U.S. commitment to NATO's mission. It also calls on NATO members to fulfill their pledges to fully share the security burden by increasing their defense spending, and expresses the Senate's readiness to consider North Macedonia's application to join NATO. </p>]]></text>
        </item>
      </billSummaries>
    </summaries>
    <policyArea>
      <name>International Affairs</name>
    </policyArea>
    <sponsors>
      <item>
        <firstName>James</firstName>
        <middleName>E.</middleName>
        <state>ID</state>
        <bioguideId>R000584</bioguideId>
        <identifiers>
          <lisID>1896</lisID>
          <gpoId>8274</gpoId>
          <bioguideId>R000584</bioguideId>
        </identifiers>
        <fullName>Sen. Risch, James E. [R-ID]</fullName>
        <party>R</party>
        <lastName>Risch</lastName>
        <byRequestType />
      </item>
    </sponsors>
    <notes />
    <billNumber>123</billNumber>
    <updateDate>2019-11-15T21:56:28Z</updateDate>
    <titles>
      <item>
        <chamberName />
        <title>A resolution supporting the North Atlantic Treaty Organization and recognizing its 70 years of accomplishments.</title>
        <parentTitleType />
        <titleType>Official Title as Introduced</titleType>
        <chamberCode />
      </item>
      <item>
        <chamberName />
        <title>A resolution supporting the North Atlantic Treaty Organization and recognizing its 70 years of accomplishments.</title>
        <parentTitleType />
        <titleType>Display Title</titleType>
        <chamberCode />
      </item>
    </titles>
    <createDate>2019-03-28T04:42:07Z</createDate>
    <title>A resolution supporting the North Atlantic Treaty Organization and recognizing its 70 years of accomplishments.</title>
    <textVersions>
      <item>
        <type>Agreed to Senate</type>
        <formats>
          <item>
            <url>https://www.govinfo.gov/content/pkg/BILLS-116sres123ats/xml/BILLS-116sres123ats.xml</url>
          </item>
        </formats>
        <date>2019-04-04T04:00:00Z</date>
      </item>
      <item>
        <type>Reported to Senate</type>
        <formats>
          <item>
            <url>https://www.govinfo.gov/content/pkg/BILLS-116sres123rs/xml/BILLS-116sres123rs.xml</url>
          </item>
        </formats>
        <date>2019-04-03T04:00:00Z</date>
      </item>
      <item>
        <type>Introduced in Senate</type>
        <formats>
          <item>
            <url>https://www.govinfo.gov/content/pkg/BILLS-116sres123is/xml/BILLS-116sres123is.xml</url>
          </item>
        </formats>
        <date>2019-03-27T04:00:00Z</date>
      </item>
    </textVersions>
    <recordedVotes />
    <calendarNumbers>
      <item>
        <calendar>Senate Calendar of Business</calendar>
        <number>0055</number>
      </item>
    </calendarNumbers>
    <committeeReports />
    <congress>116</congress>
    <latestAction>
      <actionDate>2019-04-04</actionDate>
      <links />
      <text>Resolution agreed to in Senate without amendment by Voice Vote. (consideration: CR S2282)</text>
    </latestAction>
    <actions>
      <actionByCounts>
        <senate>8</senate>
      </actionByCounts>
      <actionTypeCounts>
        <reportedToSenate>2</reportedToSenate>
        <introducedInSenate>1</introducedInSenate>
        <orderedReported>1</orderedReported>
        <passedAgreedToInSenate>1</passedAgreedToInSenate>
        <referredToCommittee>1</referredToCommittee>
        <agreedToInSenate>1</agreedToInSenate>
        <placedOnCalendarGeneralOrders>1</placedOnCalendarGeneralOrders>
      </actionTypeCounts>
      <item>
        <actionDate>2019-04-04</actionDate>
        <committee />
        <links>
          <link>
            <name>S2282</name>
            <url>https://www.congress.gov/congressional-record/volume-165/senate-section/page/S2282</url>
          </link>
        </links>
        <sourceSystem>
          <code>0</code>
          <name>Senate</name>
        </sourceSystem>
        <text>Resolution agreed to in Senate without amendment by Voice Vote. (consideration: CR S2282)</text>
        <type>Floor</type>
      </item>
      <item>
        <type>Floor</type>
        <actionDate>2019-04-04</actionDate>
        <actionCode>17000</actionCode>
        <text>Passed/agreed to in Senate: Resolution agreed to in Senate without amendment by Voice Vote.(consideration: CR S2282)</text>
        <links>
          <link>
            <name>S2282</name>
            <url>https://www.congress.gov/congressional-record/volume-165/senate-section/page/S2282</url>
          </link>
        </links>
        <sourceSystem>
          <code>9</code>
          <name>Library of Congress</name>
        </sourceSystem>
        <committee />
      </item>
      <item>
        <actionDate>2019-04-03</actionDate>
        <committee />
        <links />
        <sourceSystem>
          <code>0</code>
          <name>Senate</name>
        </sourceSystem>
        <text>Placed on Senate Legislative Calendar under General Orders. Calendar No. 55.</text>
        <type>Calendars</type>
      </item>
      <item>
        <actionDate>2019-04-03</actionDate>
        <committee>
          <name>Foreign Relations Committee</name>
          <systemCode>ssfr00</systemCode>
        </committee>
        <links />
        <sourceSystem>
          <code>0</code>
          <name>Senate</name>
        </sourceSystem>
        <text>Committee on Foreign Relations. Reported by Senator Risch without amendment. Without written report.</text>
        <type>Committee</type>
      </item>
      <item>
        <type>Committee</type>
        <actionDate>2019-04-03</actionDate>
        <sourceSystem>
          <code>9</code>
          <name>Library of Congress</name>
        </sourceSystem>
        <text>Committee on Foreign Relations. Reported by Senator Risch without amendment. Without written report.</text>
        <links />
        <actionCode>14000</actionCode>
        <committee>
          <name>Foreign Relations Committee</name>
          <systemCode>ssfr00</systemCode>
        </committee>
      </item>
      <item>
        <actionDate>2019-04-03</actionDate>
        <committee>
          <name>Foreign Relations Committee</name>
          <systemCode>ssfr00</systemCode>
        </committee>
        <links />
        <sourceSystem>
          <code>0</code>
          <name>Senate</name>
        </sourceSystem>
        <text>Committee on Foreign Relations. Ordered to be reported without amendment favorably.</text>
        <type>Committee</type>
      </item>
      <item>
        <actionDate>2019-03-27</actionDate>
        <committee>
          <name>Foreign Relations Committee</name>
          <systemCode>ssfr00</systemCode>
        </committee>
        <links>
          <link>
            <name>S2055</name>
            <url>https://www.congress.gov/congressional-record/volume-165/senate-section/page/S2055</url>
          </link>
        </links>
        <sourceSystem>
          <code>0</code>
          <name>Senate</name>
        </sourceSystem>
        <text>Referred to the Committee on Foreign Relations. (text: CR S2055)</text>
        <type>IntroReferral</type>
      </item>
      <item>
        <type>IntroReferral</type>
        <actionDate>2019-03-27</actionDate>
        <actionCode>10000</actionCode>
        <text>Introduced in Senate</text>
        <links />
        <sourceSystem>
          <code>9</code>
          <name>Library of Congress</name>
        </sourceSystem>
        <committee />
      </item>
    </actions>
    <originChamber>Senate</originChamber>
    <committees>
      <billCommittees>
        <item>
          <chamber>Senate</chamber>
          <subcommittees />
          <type>Standing</type>
          <activities>
            <item>
              <name>Reported by</name>
              <date>2019-04-03T22:47:36Z</date>
            </item>
            <item>
              <name>Markup by</name>
              <date>2019-04-03T18:15:00Z</date>
            </item>
            <item>
              <name>Referred to</name>
              <date>2019-03-27T20:15:53Z</date>
            </item>
          </activities>
          <name>Foreign Relations Committee</name>
          <systemCode>ssfr00</systemCode>
        </item>
      </billCommittees>
    </committees>
    <introducedDate>2019-03-27</introducedDate>
    <subjects>
      <billSubjects>
        <legislativeSubjects>
          <item>
            <name>Alliances</name>
          </item>
          <item>
            <name>Collective security</name>
          </item>
          <item>
            <name>Congressional tributes</name>
          </item>
          <item>
            <name>Defense spending</name>
          </item>
          <item>
            <name>Europe</name>
          </item>
          <item>
            <name>International law and treaties</name>
          </item>
          <item>
            <name>Military command and structure</name>
          </item>
          <item>
            <name>Military readiness</name>
          </item>
          <item>
            <name>North Macedonia</name>
          </item>
          <item>
            <name>Sovereignty, recognition, national governance and status</name>
          </item>
        </legislativeSubjects>
        <policyArea>
          <name>International Affairs</name>
        </policyArea>
      </billSubjects>
    </subjects>
    <cosponsors>
      <item>
        <firstName>Robert</firstName>
        <middleName />
        <isOriginalCosponsor>True</isOriginalCosponsor>
        <state>NJ</state>
        <bioguideId>M000639</bioguideId>
        <identifiers>
          <lisID>791</lisID>
          <gpoId>8239</gpoId>
          <bioguideId>M000639</bioguideId>
        </identifiers>
        <sponsorshipWithdrawnDate />
        <sponsorshipDate>2019-03-27</sponsorshipDate>
        <fullName>Sen. Menendez, Robert [D-NJ]</fullName>
        <party>D</party>
        <lastName>Menendez</lastName>
      </item>
      <item>
        <firstName>Thomas</firstName>
        <middleName>Roland</middleName>
        <isOriginalCosponsor>True</isOriginalCosponsor>
        <state>NC</state>
        <bioguideId>T000476</bioguideId>
        <identifiers>
          <bioguideId>T000476</bioguideId>
          <gpoId />
          <lisID>2291</lisID>
        </identifiers>
        <sponsorshipWithdrawnDate />
        <sponsorshipDate>2019-03-27</sponsorshipDate>
        <fullName>Sen. Tillis, Thom [R-NC]</fullName>
        <party>R</party>
        <lastName>Tillis</lastName>
      </item>
      <item>
        <firstName>Jeanne</firstName>
        <middleName />
        <isOriginalCosponsor>True</isOriginalCosponsor>
        <state>NH</state>
        <bioguideId>S001181</bioguideId>
        <identifiers>
          <bioguideId>S001181</bioguideId>
          <lisID>1901</lisID>
          <gpoId>8276</gpoId>
        </identifiers>
        <sponsorshipWithdrawnDate />
        <sponsorshipDate>2019-03-27</sponsorshipDate>
        <fullName>Sen. Shaheen, Jeanne [D-NH]</fullName>
        <party>D</party>
        <lastName>Shaheen</lastName>
      </item>
      <item>
        <firstName>Ron</firstName>
        <middleName />
        <isOriginalCosponsor>True</isOriginalCosponsor>
        <state>WI</state>
        <bioguideId>J000293</bioguideId>
        <identifiers>
          <lisID>2086</lisID>
          <gpoId>8355</gpoId>
          <bioguideId>J000293</bioguideId>
        </identifiers>
        <sponsorshipWithdrawnDate />
        <sponsorshipDate>2019-03-27</sponsorshipDate>
        <fullName>Sen. Johnson, Ron [R-WI]</fullName>
        <party>R</party>
        <lastName>Johnson</lastName>
      </item>
      <item>
        <firstName>Christopher</firstName>
        <middleName />
        <isOriginalCosponsor>True</isOriginalCosponsor>
        <state>CT</state>
        <bioguideId>M001169</bioguideId>
        <identifiers>
          <bioguideId>M001169</bioguideId>
          <lisID>1837</lisID>
          <gpoId>7870</gpoId>
        </identifiers>
        <sponsorshipWithdrawnDate />
        <sponsorshipDate>2019-03-27</sponsorshipDate>
        <fullName>Sen. Murphy, Christopher [D-CT]</fullName>
        <party>D</party>
        <lastName>Murphy</lastName>
      </item>
      <item>
        <firstName>Mitt</firstName>
        <middleName />
        <isOriginalCosponsor>False</isOriginalCosponsor>
        <state>UT</state>
        <bioguideId>R000615</bioguideId>
        <identifiers>
          <bioguideId>R000615</bioguideId>
          <gpoId />
          <lisID>2466</lisID>
        </identifiers>
        <sponsorshipWithdrawnDate />
        <sponsorshipDate>2019-03-28</sponsorshipDate>
        <fullName>Sen. Romney, Mitt  [R-UT]</fullName>
        <party>R</party>
        <lastName>Romney</lastName>
      </item>
      <item>
        <firstName>John</firstName>
        <middleName />
        <isOriginalCosponsor>False</isOriginalCosponsor>
        <state>WY</state>
        <bioguideId>B001261</bioguideId>
        <identifiers>
          <lisID>1881</lisID>
          <gpoId>8300</gpoId>
          <bioguideId>B001261</bioguideId>
        </identifiers>
        <sponsorshipWithdrawnDate />
        <sponsorshipDate>2019-03-28</sponsorshipDate>
        <fullName>Sen. Barrasso, John [R-WY]</fullName>
        <party>R</party>
        <lastName>Barrasso</lastName>
      </item>
      <item>
        <firstName>TOM</firstName>
        <middleName />
        <isOriginalCosponsor>False</isOriginalCosponsor>
        <state>NM</state>
        <bioguideId>U000039</bioguideId>
        <identifiers>
          <bioguideId>U000039</bioguideId>
          <lisID>1567</lisID>
          <gpoId>8260</gpoId>
        </identifiers>
        <sponsorshipWithdrawnDate />
        <sponsorshipDate>2019-04-01</sponsorshipDate>
        <fullName>Sen. Udall, Tom [D-NM]</fullName>
        <party>D</party>
        <lastName>UDALL</lastName>
      </item>
      <item>
        <firstName>Christopher</firstName>
        <middleName>A.</middleName>
        <isOriginalCosponsor>False</isOriginalCosponsor>
        <state>DE</state>
        <bioguideId>C001088</bioguideId>
        <identifiers>
          <lisID>1984</lisID>
          <gpoId>8297</gpoId>
          <bioguideId>C001088</bioguideId>
        </identifiers>
        <sponsorshipWithdrawnDate />
        <sponsorshipDate>2019-04-01</sponsorshipDate>
        <fullName>Sen. Coons, Christopher A. [D-DE]</fullName>
        <party>D</party>
        <lastName>Coons</lastName>
      </item>
      <item>
        <firstName>Marco</firstName>
        <middleName />
        <isOriginalCosponsor>False</isOriginalCosponsor>
        <state>FL</state>
        <bioguideId>R000595</bioguideId>
        <identifiers>
          <lisID>2084</lisID>
          <gpoId>8242</gpoId>
          <bioguideId>R000595</bioguideId>
        </identifiers>
        <sponsorshipWithdrawnDate />
        <sponsorshipDate>2019-04-01</sponsorshipDate>
        <fullName>Sen. Rubio, Marco [R-FL]</fullName>
        <party>R</party>
        <lastName>Rubio</lastName>
      </item>
      <item>
        <firstName>Johnny</firstName>
        <middleName />
        <isOriginalCosponsor>False</isOriginalCosponsor>
        <state>GA</state>
        <bioguideId>I000055</bioguideId>
        <identifiers>
          <bioguideId>I000055</bioguideId>
          <lisID>1608</lisID>
          <gpoId>8323</gpoId>
        </identifiers>
        <sponsorshipWithdrawnDate />
        <sponsorshipDate>2019-04-02</sponsorshipDate>
        <fullName>Sen. Isakson, Johnny [R-GA]</fullName>
        <party>R</party>
        <lastName>Isakson</lastName>
      </item>
      <item>
        <firstName>Cory</firstName>
        <middleName />
        <isOriginalCosponsor>False</isOriginalCosponsor>
        <state>CO</state>
        <bioguideId>G000562</bioguideId>
        <identifiers>
          <bioguideId>G000562</bioguideId>
          <gpoId>7862</gpoId>
          <lisID>1998</lisID>
        </identifiers>
        <sponsorshipWithdrawnDate />
        <sponsorshipDate>2019-04-02</sponsorshipDate>
        <fullName>Sen. Gardner, Cory [R-CO]</fullName>
        <party>R</party>
        <lastName>Gardner</lastName>
      </item>
      <item>
        <firstName>LINDSEY</firstName>
        <middleName>O.</middleName>
        <isOriginalCosponsor>False</isOriginalCosponsor>
        <state>SC</state>
        <bioguideId>G000359</bioguideId>
        <identifiers>
          <lisID>452</lisID>
          <gpoId>8335</gpoId>
          <bioguideId>G000359</bioguideId>
        </identifiers>
        <sponsorshipWithdrawnDate />
        <sponsorshipDate>2019-04-02</sponsorshipDate>
        <fullName>Sen. Graham, Lindsey [R-SC]</fullName>
        <party>R</party>
        <lastName>GRAHAM</lastName>
      </item>
      <item>
        <firstName>EDWARD</firstName>
        <middleName>J.</middleName>
        <isOriginalCosponsor>False</isOriginalCosponsor>
        <state>MA</state>
        <bioguideId>M000133</bioguideId>
        <identifiers>
          <lisID>735</lisID>
          <gpoId>7972</gpoId>
          <bioguideId>M000133</bioguideId>
        </identifiers>
        <sponsorshipWithdrawnDate />
        <sponsorshipDate>2019-04-02</sponsorshipDate>
        <fullName>Sen. Markey, Edward J. [D-MA]</fullName>
        <party>D</party>
        <lastName>MARKEY</lastName>
      </item>
      <item>
        <firstName>Timothy</firstName>
        <middleName />
        <isOriginalCosponsor>False</isOriginalCosponsor>
        <state>VA</state>
        <bioguideId>K000384</bioguideId>
        <identifiers>
          <lisID>2176</lisID>
          <gpoId />
          <bioguideId>K000384</bioguideId>
        </identifiers>
        <sponsorshipWithdrawnDate />
        <sponsorshipDate>2019-04-02</sponsorshipDate>
        <fullName>Sen. Kaine, Tim [D-VA]</fullName>
        <party>D</party>
        <lastName>Kaine</lastName>
      </item>
      <item>
        <firstName>Ted</firstName>
        <middleName />
        <isOriginalCosponsor>False</isOriginalCosponsor>
        <state>TX</state>
        <bioguideId>C001098</bioguideId>
        <identifiers>
          <lisID>2175</lisID>
          <gpoId />
          <bioguideId>C001098</bioguideId>
        </identifiers>
        <sponsorshipWithdrawnDate />
        <sponsorshipDate>2019-04-02</sponsorshipDate>
        <fullName>Sen. Cruz, Ted [R-TX]</fullName>
        <party>R</party>
        <lastName>Cruz</lastName>
      </item>
      <item>
        <firstName>Todd</firstName>
        <middleName />
        <isOriginalCosponsor>False</isOriginalCosponsor>
        <state>IN</state>
        <bioguideId>Y000064</bioguideId>
        <identifiers>
          <bioguideId>Y000064</bioguideId>
          <gpoId>7948</gpoId>
          <lisID>2019</lisID>
        </identifiers>
        <sponsorshipWithdrawnDate />
        <sponsorshipDate>2019-04-03</sponsorshipDate>
        <fullName>Sen. Young, Todd [R-IN]</fullName>
        <party>R</party>
        <lastName>Young</lastName>
      </item>
      <item>
        <firstName>BENJAMIN</firstName>
        <middleName>L.</middleName>
        <isOriginalCosponsor>False</isOriginalCosponsor>
        <state>MD</state>
        <bioguideId>C000141</bioguideId>
        <identifiers>
          <bioguideId>C000141</bioguideId>
          <gpoId>8287</gpoId>
          <lisID>174</lisID>
        </identifiers>
        <sponsorshipWithdrawnDate />
        <sponsorshipDate>2019-04-03</sponsorshipDate>
        <fullName>Sen. Cardin, Benjamin L. [D-MD]</fullName>
        <party>D</party>
        <lastName>CARDIN</lastName>
      </item>
      <item>
        <firstName>ROB</firstName>
        <middleName />
        <isOriginalCosponsor>False</isOriginalCosponsor>
        <state>OH</state>
        <bioguideId>P000449</bioguideId>
        <identifiers>
          <lisID>924</lisID>
          <gpoId>8266</gpoId>
          <bioguideId>P000449</bioguideId>
        </identifiers>
        <sponsorshipWithdrawnDate />
        <sponsorshipDate>2019-04-04</sponsorshipDate>
        <fullName>Sen. Portman, Rob [R-OH]</fullName>
        <party>R</party>
        <lastName>PORTMAN</lastName>
      </item>
      <item>
        <firstName>Joni</firstName>
        <middleName />
        <isOriginalCosponsor>False</isOriginalCosponsor>
        <state>IA</state>
        <bioguideId>E000295</bioguideId>
        <identifiers>
          <bioguideId>E000295</bioguideId>
          <gpoId />
          <lisID>2283</lisID>
        </identifiers>
        <sponsorshipWithdrawnDate />
        <sponsorshipDate>2019-04-04</sponsorshipDate>
        <fullName>Sen. Ernst, Joni  [R-IA]</fullName>
        <party>R</party>
        <lastName>Ernst</lastName>
      </item>
      <item>
        <firstName>Bob</firstName>
        <middleName />
        <isOriginalCosponsor>False</isOriginalCosponsor>
        <state>PA</state>
        <bioguideId>C001070</bioguideId>
        <identifiers>
          <lisID>1828</lisID>
          <gpoId>8282</gpoId>
          <bioguideId>C001070</bioguideId>
        </identifiers>
        <sponsorshipWithdrawnDate />
        <sponsorshipDate>2019-04-04</sponsorshipDate>
        <fullName>Sen. Casey, Robert P., Jr. [D-PA]</fullName>
        <party>D</party>
        <lastName>Casey</lastName>
      </item>
    </cosponsors>
    <billType>SRES</billType>
    <laws />
  </bill>
  <dublinCore xmlns:dc="http://purl.org/dc/elements/1.1/">
    <dc:format>text/xml</dc:format>
    <dc:language>EN</dc:language>
    <dc:rights>Pursuant to Title 17 Section 105 of the United States Code, this file is not subject to copyright protection and is in the public domain.</dc:rights>
    <dc:contributor>Congressional Research Service, Library of Congress</dc:contributor>
    <dc:description>This file contains bill summaries and statuses for federal legislation. A bill summary describes the most significant provisions of a piece of legislation and details the effects the legislative text may have on current law and federal programs. Bill summaries are authored by the Congressional Research Service (CRS) of the Library of Congress. As stated in Public Law 91-510 (2 USC 166 (d)(6)), one of the duties of CRS is "to prepare summaries and digests of bills and resolutions of a public general nature introduced in the Senate or House of Representatives". For more information, refer to the User Guide that accompanies this file.</dc:description>
  </dublinCore>
</billStatus>

