<?xml version="1.0" encoding="UTF-8"?>
<billStatus>
  <bill>
    <policyArea>
      <name>Health</name>
    </policyArea>
    <relatedBills />
    <introducedDate>2019-07-09</introducedDate>
    <committeeReports />
    <amendments />
    <textVersions>
      <item>
        <type>Introduced in Senate</type>
        <date>2019-07-09T04:00:00Z</date>
        <formats>
          <item>
            <url>https://www.govinfo.gov/content/pkg/BILLS-116sres273is/xml/BILLS-116sres273is.xml</url>
          </item>
        </formats>
      </item>
    </textVersions>
    <cboCostEstimates />
    <subjects>
      <billSubjects>
        <policyArea>
          <name>Health</name>
        </policyArea>
        <legislativeSubjects>
          <item>
            <name>Child health</name>
          </item>
          <item>
            <name>Dental care</name>
          </item>
          <item>
            <name>Disability and health-based discrimination</name>
          </item>
          <item>
            <name>Drug therapy</name>
          </item>
          <item>
            <name>Drug, alcohol, tobacco use</name>
          </item>
          <item>
            <name>Emergency medical services and trauma care</name>
          </item>
          <item>
            <name>Employee benefits and pensions</name>
          </item>
          <item>
            <name>Foreign language and bilingual programs</name>
          </item>
          <item>
            <name>Health care costs and insurance</name>
          </item>
          <item>
            <name>Health care coverage and access</name>
          </item>
          <item>
            <name>Health information and medical records</name>
          </item>
          <item>
            <name>Health promotion and preventive care</name>
          </item>
          <item>
            <name>Home and outpatient care</name>
          </item>
          <item>
            <name>Inflation and prices</name>
          </item>
          <item>
            <name>Long-term, rehabilitative, and terminal care</name>
          </item>
          <item>
            <name>Medical tests and diagnostic methods</name>
          </item>
          <item>
            <name>Mental health</name>
          </item>
          <item>
            <name>Prescription drugs</name>
          </item>
          <item>
            <name>Racial and ethnic relations</name>
          </item>
          <item>
            <name>Right of privacy</name>
          </item>
          <item>
            <name>Sex and reproductive health</name>
          </item>
          <item>
            <name>Sex, gender, sexual orientation discrimination</name>
          </item>
          <item>
            <name>Women's health</name>
          </item>
        </legislativeSubjects>
      </billSubjects>
    </subjects>
    <laws />
    <calendarNumbers />
    <notes />
    <actions>
      <actionByCounts>
        <senate>2</senate>
      </actionByCounts>
      <item>
        <actionDate>2019-07-09</actionDate>
        <committee>
          <systemCode>sshr00</systemCode>
          <name>HELP Committee</name>
        </committee>
        <links>
          <link>
            <name>S4732</name>
            <url>https://www.congress.gov/congressional-record/volume-165/senate-section/page/S4732</url>
          </link>
        </links>
        <sourceSystem>
          <name>Senate</name>
          <code>0</code>
        </sourceSystem>
        <text>Referred to the Committee on Health, Education, Labor, and Pensions. (text: CR S4732)</text>
        <type>IntroReferral</type>
      </item>
      <item>
        <committee />
        <type>IntroReferral</type>
        <actionDate>2019-07-09</actionDate>
        <actionCode>10000</actionCode>
        <text>Introduced in Senate</text>
        <links />
        <sourceSystem>
          <name>Library of Congress</name>
          <code>9</code>
        </sourceSystem>
      </item>
      <actionTypeCounts>
        <referredToCommittee>1</referredToCommittee>
        <introducedInSenate>1</introducedInSenate>
      </actionTypeCounts>
    </actions>
    <originChamber>Senate</originChamber>
    <committees>
      <billCommittees>
        <item>
          <type>Standing</type>
          <chamber>Senate</chamber>
          <systemCode>sshr00</systemCode>
          <name>HELP Committee</name>
          <activities>
            <item>
              <name>Referred to</name>
              <date>2019-07-09T22:34:48Z</date>
            </item>
          </activities>
          <subcommittees />
        </item>
      </billCommittees>
    </committees>
    <titles>
      <item>
        <parentTitleType />
        <chamberCode />
        <title>A resolution expressing the sense of the Senate with respect to health care rights.</title>
        <titleType>Official Title as Introduced</titleType>
        <chamberName />
      </item>
      <item>
        <parentTitleType />
        <chamberCode />
        <title>A resolution expressing the sense of the Senate with respect to health care rights.</title>
        <titleType>Display Title</titleType>
        <chamberName />
      </item>
    </titles>
    <summaries>
      <billSummaries>
        <item>
          <text><![CDATA[<p>This resolution expresses the sense of the Senate that everyone in the United States has certain rights with respect to health care, including affordable coverage, access to care, transparency and privacy, protection from discrimination, and culturally appropriate care.</p>]]></text>
          <actionDate>2019-07-09</actionDate>
          <actionDesc>Introduced in Senate</actionDesc>
          <name>Introduced in Senate</name>
          <lastSummaryUpdateDate>2019-07-23T20:23:28Z</lastSummaryUpdateDate>
          <versionCode>00</versionCode>
          <updateDate>2019-07-09T04:00:00Z</updateDate>
        </item>
      </billSummaries>
    </summaries>
    <recordedVotes />
    <title>A resolution expressing the sense of the Senate with respect to health care rights.</title>
    <sponsors>
      <item>
        <party>D</party>
        <state>OR</state>
        <identifiers>
          <lisID>1900</lisID>
          <gpoId>8238</gpoId>
          <bioguideId>M001176</bioguideId>
        </identifiers>
        <middleName />
        <byRequestType />
        <bioguideId>M001176</bioguideId>
        <firstName>Jeff</firstName>
        <fullName>Sen. Merkley, Jeff [D-OR]</fullName>
        <lastName>Merkley</lastName>
      </item>
    </sponsors>
    <cosponsors>
      <item>
        <firstName>Robert</firstName>
        <middleName />
        <isOriginalCosponsor>True</isOriginalCosponsor>
        <state>NJ</state>
        <bioguideId>M000639</bioguideId>
        <identifiers>
          <lisID>791</lisID>
          <gpoId>8239</gpoId>
          <bioguideId>M000639</bioguideId>
        </identifiers>
        <sponsorshipWithdrawnDate />
        <sponsorshipDate>2019-07-09</sponsorshipDate>
        <fullName>Sen. Menendez, Robert [D-NJ]</fullName>
        <party>D</party>
        <lastName>Menendez</lastName>
      </item>
      <item>
        <firstName>Brian</firstName>
        <middleName />
        <isOriginalCosponsor>True</isOriginalCosponsor>
        <state>HI</state>
        <bioguideId>S001194</bioguideId>
        <identifiers>
          <bioguideId>S001194</bioguideId>
          <gpoId />
          <lisID>2173</lisID>
        </identifiers>
        <sponsorshipWithdrawnDate />
        <sponsorshipDate>2019-07-09</sponsorshipDate>
        <fullName>Sen. Schatz, Brian [D-HI]</fullName>
        <party>D</party>
        <lastName>Schatz</lastName>
      </item>
      <item>
        <firstName>Tammy</firstName>
        <middleName />
        <isOriginalCosponsor>True</isOriginalCosponsor>
        <state>WI</state>
        <bioguideId>B001230</bioguideId>
        <identifiers>
          <lisID>1558</lisID>
          <gpoId>8215</gpoId>
          <bioguideId>B001230</bioguideId>
        </identifiers>
        <sponsorshipWithdrawnDate />
        <sponsorshipDate>2019-07-09</sponsorshipDate>
        <fullName>Sen. Baldwin, Tammy [D-WI]</fullName>
        <party>D</party>
        <lastName>Baldwin</lastName>
      </item>
      <item>
        <firstName>Jeanne</firstName>
        <middleName />
        <isOriginalCosponsor>True</isOriginalCosponsor>
        <state>NH</state>
        <bioguideId>S001181</bioguideId>
        <identifiers>
          <bioguideId>S001181</bioguideId>
          <lisID>1901</lisID>
          <gpoId>8276</gpoId>
        </identifiers>
        <sponsorshipWithdrawnDate />
        <sponsorshipDate>2019-07-09</sponsorshipDate>
        <fullName>Sen. Shaheen, Jeanne [D-NH]</fullName>
        <party>D</party>
        <lastName>Shaheen</lastName>
      </item>
      <item>
        <firstName>Christopher</firstName>
        <middleName />
        <isOriginalCosponsor>True</isOriginalCosponsor>
        <state>CT</state>
        <bioguideId>M001169</bioguideId>
        <identifiers>
          <bioguideId>M001169</bioguideId>
          <lisID>1837</lisID>
          <gpoId>7870</gpoId>
        </identifiers>
        <sponsorshipWithdrawnDate />
        <sponsorshipDate>2019-07-09</sponsorshipDate>
        <fullName>Sen. Murphy, Christopher [D-CT]</fullName>
        <party>D</party>
        <lastName>Murphy</lastName>
      </item>
      <item>
        <firstName>Bernard</firstName>
        <middleName />
        <isOriginalCosponsor>True</isOriginalCosponsor>
        <state>VT</state>
        <bioguideId>S000033</bioguideId>
        <identifiers>
          <lisID>1010</lisID>
          <gpoId>8270</gpoId>
          <bioguideId>S000033</bioguideId>
        </identifiers>
        <sponsorshipWithdrawnDate />
        <sponsorshipDate>2019-07-09</sponsorshipDate>
        <fullName>Sen. Sanders, Bernard [I-VT]</fullName>
        <party>I</party>
        <lastName>Sanders</lastName>
      </item>
      <item>
        <firstName>Margaret</firstName>
        <middleName>Wood</middleName>
        <isOriginalCosponsor>True</isOriginalCosponsor>
        <state>NH</state>
        <bioguideId>H001076</bioguideId>
        <identifiers>
          <lisID>2302</lisID>
          <gpoId />
          <bioguideId>H001076</bioguideId>
        </identifiers>
        <sponsorshipWithdrawnDate />
        <sponsorshipDate>2019-07-09</sponsorshipDate>
        <fullName>Sen. Hassan, Margaret Wood [D-NH]</fullName>
        <party>D</party>
        <lastName>Hassan</lastName>
      </item>
      <item>
        <firstName>BENJAMIN</firstName>
        <middleName>L.</middleName>
        <isOriginalCosponsor>True</isOriginalCosponsor>
        <state>MD</state>
        <bioguideId>C000141</bioguideId>
        <identifiers>
          <bioguideId>C000141</bioguideId>
          <lisID>174</lisID>
          <gpoId>8287</gpoId>
        </identifiers>
        <sponsorshipWithdrawnDate />
        <sponsorshipDate>2019-07-09</sponsorshipDate>
        <fullName>Sen. Cardin, Benjamin L. [D-MD]</fullName>
        <party>D</party>
        <lastName>CARDIN</lastName>
      </item>
      <item>
        <firstName>RICHARD</firstName>
        <middleName>J.</middleName>
        <isOriginalCosponsor>True</isOriginalCosponsor>
        <state>IL</state>
        <bioguideId>D000563</bioguideId>
        <identifiers>
          <bioguideId>D000563</bioguideId>
          <gpoId>8326</gpoId>
          <lisID>326</lisID>
        </identifiers>
        <sponsorshipWithdrawnDate />
        <sponsorshipDate>2019-07-09</sponsorshipDate>
        <fullName>Sen. Durbin, Richard J. [D-IL]</fullName>
        <party>D</party>
        <lastName>DURBIN</lastName>
      </item>
      <item>
        <firstName>Richard</firstName>
        <middleName />
        <isOriginalCosponsor>True</isOriginalCosponsor>
        <state>CT</state>
        <bioguideId>B001277</bioguideId>
        <identifiers>
          <bioguideId>B001277</bioguideId>
          <lisID>2076</lisID>
          <gpoId>8332</gpoId>
        </identifiers>
        <sponsorshipWithdrawnDate />
        <sponsorshipDate>2019-07-09</sponsorshipDate>
        <fullName>Sen. Blumenthal, Richard [D-CT]</fullName>
        <party>D</party>
        <lastName>Blumenthal</lastName>
      </item>
      <item>
        <firstName>Kirsten</firstName>
        <middleName>E.</middleName>
        <isOriginalCosponsor>True</isOriginalCosponsor>
        <state>NY</state>
        <bioguideId>G000555</bioguideId>
        <identifiers>
          <lisID>1866</lisID>
          <gpoId>8336</gpoId>
          <bioguideId>G000555</bioguideId>
        </identifiers>
        <sponsorshipWithdrawnDate />
        <sponsorshipDate>2019-07-09</sponsorshipDate>
        <fullName>Sen. Gillibrand, Kirsten E. [D-NY]</fullName>
        <party>D</party>
        <lastName>Gillibrand</lastName>
      </item>
      <item>
        <firstName>Tammy</firstName>
        <middleName />
        <isOriginalCosponsor>True</isOriginalCosponsor>
        <state>IL</state>
        <bioguideId>D000622</bioguideId>
        <identifiers>
          <lisID>2123</lisID>
          <gpoId />
          <bioguideId>D000622</bioguideId>
        </identifiers>
        <sponsorshipWithdrawnDate />
        <sponsorshipDate>2019-07-09</sponsorshipDate>
        <fullName>Sen. Duckworth, Tammy [D-IL]</fullName>
        <party>D</party>
        <lastName>Duckworth</lastName>
      </item>
      <item>
        <firstName>Sherrod</firstName>
        <middleName />
        <isOriginalCosponsor>True</isOriginalCosponsor>
        <state>OH</state>
        <bioguideId>B000944</bioguideId>
        <identifiers>
          <bioguideId>B000944</bioguideId>
          <gpoId>8309</gpoId>
          <lisID>136</lisID>
        </identifiers>
        <sponsorshipWithdrawnDate />
        <sponsorshipDate>2019-07-09</sponsorshipDate>
        <fullName>Sen. Brown, Sherrod [D-OH]</fullName>
        <party>D</party>
        <lastName>Brown</lastName>
      </item>
      <item>
        <firstName>Amy</firstName>
        <middleName />
        <isOriginalCosponsor>True</isOriginalCosponsor>
        <state>MN</state>
        <bioguideId>K000367</bioguideId>
        <identifiers>
          <bioguideId>K000367</bioguideId>
          <lisID>1826</lisID>
          <gpoId>8249</gpoId>
        </identifiers>
        <sponsorshipWithdrawnDate />
        <sponsorshipDate>2019-07-09</sponsorshipDate>
        <fullName>Sen. Klobuchar, Amy [D-MN]</fullName>
        <party>D</party>
        <lastName>Klobuchar</lastName>
      </item>
      <item>
        <firstName>Elizabeth</firstName>
        <middleName>A.</middleName>
        <isOriginalCosponsor>True</isOriginalCosponsor>
        <state>MA</state>
        <bioguideId>W000817</bioguideId>
        <identifiers>
          <lisID>2182</lisID>
          <gpoId />
          <bioguideId>W000817</bioguideId>
        </identifiers>
        <sponsorshipWithdrawnDate />
        <sponsorshipDate>2019-07-09</sponsorshipDate>
        <fullName>Sen. Warren, Elizabeth [D-MA]</fullName>
        <party>D</party>
        <lastName>Warren</lastName>
      </item>
      <item>
        <firstName>EDWARD</firstName>
        <middleName>J.</middleName>
        <isOriginalCosponsor>True</isOriginalCosponsor>
        <state>MA</state>
        <bioguideId>M000133</bioguideId>
        <identifiers>
          <lisID>735</lisID>
          <gpoId>7972</gpoId>
          <bioguideId>M000133</bioguideId>
        </identifiers>
        <sponsorshipWithdrawnDate />
        <sponsorshipDate>2019-07-09</sponsorshipDate>
        <fullName>Sen. Markey, Edward J. [D-MA]</fullName>
        <party>D</party>
        <lastName>MARKEY</lastName>
      </item>
      <item>
        <firstName>DIANNE</firstName>
        <middleName />
        <isOriginalCosponsor>True</isOriginalCosponsor>
        <state>CA</state>
        <bioguideId>F000062</bioguideId>
        <identifiers>
          <lisID>1332</lisID>
          <gpoId>8338</gpoId>
          <bioguideId>F000062</bioguideId>
        </identifiers>
        <sponsorshipWithdrawnDate />
        <sponsorshipDate>2019-07-09</sponsorshipDate>
        <fullName>Sen. Feinstein, Dianne [D-CA]</fullName>
        <party>D</party>
        <lastName>FEINSTEIN</lastName>
      </item>
    </cosponsors>
    <billNumber>273</billNumber>
    <congress>116</congress>
    <latestAction>
      <links />
      <actionDate>2019-07-09</actionDate>
      <text>Referred to the Committee on Health, Education, Labor, and Pensions. (text: CR S4732)</text>
    </latestAction>
    <billType>SRES</billType>
    <updateDate>2019-11-15T22:00:46Z</updateDate>
    <createDate>2019-07-10T04:42:15Z</createDate>
    <version>1.0.0</version>
  </bill>
  <dublinCore xmlns:dc="http://purl.org/dc/elements/1.1/">
    <dc:format>text/xml</dc:format>
    <dc:language>EN</dc:language>
    <dc:rights>Pursuant to Title 17 Section 105 of the United States Code, this file is not subject to copyright protection and is in the public domain.</dc:rights>
    <dc:contributor>Congressional Research Service, Library of Congress</dc:contributor>
    <dc:description>This file contains bill summaries and statuses for federal legislation. A bill summary describes the most significant provisions of a piece of legislation and details the effects the legislative text may have on current law and federal programs. Bill summaries are authored by the Congressional Research Service (CRS) of the Library of Congress. As stated in Public Law 91-510 (2 USC 166 (d)(6)), one of the duties of CRS is "to prepare summaries and digests of bills and resolutions of a public general nature introduced in the Senate or House of Representatives". For more information, refer to the User Guide that accompanies this file.</dc:description>
  </dublinCore>
</billStatus>

